start,end,Date and Time,"Name of the Bus Stop (as displayed on the shelter, if no info is available write the commonly known name)",Survey Location,_Survey Location_latitude,_Survey Location_longitude,_Survey Location_altitude,_Survey Location_precision,"If Location field is not working, please enter coordinates from google maps or paste the location URL",Type of Bus Stop,Condition of Bus Shelter,How is the bus stop positioned relative to the road?,"How is the bus stop positioned relative to the road?/Set back from the road – against a wall, compound, or building edge",How is the bus stop positioned relative to the road?/On the road edge / footpath edge – directly adjacent to traffic,How is the bus stop positioned relative to the road?/The road/footpath is too narrow ,Relationship between Bus Stop and Pedestrians,Is there space behind the bus shelter for pedestrians to walk/wheelchair to move freely?,Is there space between the bus shelter and the road for pedestrians to walk/wheelchair to move freely? ,"Can pedestrians/wheelchair users move past the bus stop on the footpath, without having to step down on the road? ",Is the space behind the bus shelter usable?,How many bus shelters are placed close to each other?,Where do buses typically stop? ,Where do buses typically stop? /At the bus stop – buses pull up to the shelter/marked stop,Where do buses typically stop? /Away from the bus stop – buses stop before or beyond the shelter/marked location,Where do buses typically stop? /Bus stop not clearly marked,Where do buses typically stop? /Unsure / not observed,How far away from the kerb/Bus stop platform does the bus stop?,Tick all access features present at this bus stop,Tick all access features present at this bus stop/Footpath available to reach the bus stop from both directions,"Tick all access features present at this bus stop/Footpath is walkable and free of encroachment like parking, vendors, utility boxes, garbage, etc",Tick all access features present at this bus stop/Ramp for wheelchair users to access the bus stop,"Tick all access features present at this bus stop/Ramp is in usable condition (not too steep, not broken, nor blocked)",Tick all access features present at this bus stop/Tactile paving for visually impaired users,Tick all access features present at this bus stop/Pedestrian crossing at/close to the bus stop to cross the road?,Tick all access features present at this bus stop/None of the above,Check this box if the bus stop's kerb is higher than 15cms or has steps to access ,Is the bus stop area free of encroachments?,Is there evidence of water-logging or poor drainage around the stop?," How safe does this bus stop feel, particularly at night?", Is the bus stop big enough for the number of people who typically wait here?,Does the bus stop have a roof that shelters people from rain?,Is there adequate shade during the day for people waiting?,Is there adequate lighting at the bus stop during the night?,"If seated at the bus stop, can you clearly see an approaching bus?",Is the seating provided comfortable?,Is the name of the bus stop clearly displayed?,Is bus route information displayed at the stop?,Tick all amenities present at this bus stop,Tick all amenities present at this bus stop/Seating / bench,Tick all amenities present at this bus stop/Sufficient seating for the number of people typically waiting,Tick all amenities present at this bus stop/Dustbin / waste bin,Tick all amenities present at this bus stop/Drinking water (tap or dispenser),Tick all amenities present at this bus stop/Public toilet nearby (within eyesight),Tick all amenities present at this bus stop/CCTV camera,Tick all amenities present at this bus stop/Digital information boards with real time arrival information and service alerts,Tick all amenities present at this bus stop/None of the Above,What is the primary land use or activity near this bus stop?,Does the bus shelter carry advertisements?,Any other observations about this bus stop?,Top 1–2 improvements you would recommend for this stop,Photo of Bus Stop Front,Photo of Bus Stop Front_URL,Photo of Bus Stop from Side ,Photo of Bus Stop from Side _URL,Photo of any other key observation 1 ,Photo of any other key observation 1 _URL,Photo of any other key observation 2 ,Photo of any other key observation 2 _URL,id,uuid,submission_time,_validation_status,notes,status,version,tags,meta/rootUuid,index,city,source_form,latitude,longitude,coordinate_source,location_flag,waiting_capacity_problem,roof_problem,shade_problem,shelter_problem_score,night_safety_problem,lighting_problem,safety_problem_score,insufficient_seating_problem,uncomfortable_seating_problem,bus_visibility_problem,comfort_problem_score,road_access_problem,road_space_problem,high_kerb_problem,road_interface_score,drainage_problem,environment_encroachment_problem,environment_risk_score,missing_stop_name_problem,poor_stop_name_problem,missing_route_information_problem,poor_route_information_problem,passenger_information_score,stop_name_problem,route_information_problem,information_problem_count,information_quality,dustbin__waste_bin,drinking_water_tap_or_dispenser,public_toilet_nearby_within_eyesight,cctv_camera,digital_information_boards_with_real_time_arrival_information_and_service_alerts,amenity_deficiency_score,land_use_group,combined_problem_score,master_priority_score,priority_rank
2026-06-08T06:20:57.622000+05:30,2026-06-08T06:42:13.228000+05:30,2026-06-08T06:24:00+05:30,KAMARAJAR SALAI BUS STOP,13.0437948 80.2092505 -61.10000228881836 23.39699935913086,13.0437948,80.2092505,-61.10000229,23.39699936,,Other Metal Bus Shelter (Other than Stainless Steel),Unclean/Poorly Maintained,,0,1,0,,0,0,0,,2,Unsure / not observed,0,0,0,1,,Footpath available to reach the bus stop from both directions,1,0,0,0,0,0,0,,"Partially encroached – e.g., vendors, parked two-wheelers, auto-rickshaws, construction material",Unsure,Unable to assess (audit done only in daytime),Unsure,"Yes – but the roof is inadequate (too tall, too small, gaps, or partial coverage)",Partial – some shade but insufficient,Unsure / Not observed,Yes – clear sightline to see the approaching buses,No seating available,"Yes – but faded, small, or difficult to read",No information displayed at all,None of the Above,0,0,0,0,0,0,0,1,"Mixed Use - A mix of commercial/residential/office, etc",Yes – advertisements present but passenger information is still clearly visible,The footpath is in a really bad condition.,"Revamp the bus stop structure: the footpath, shade, add seats. Maintain cleanliness.",24685-6_42_2.jpg,https://kf.kobotoolbox.org/api/v2/assets/am66CJhKEj8dCTL49UQSNG/data/773487569/attachments/attBnvCccjZUPtmoWQmHSBJT/,24686-6_42_8.jpg,https://kf.kobotoolbox.org/api/v2/assets/am66CJhKEj8dCTL49UQSNG/data/773487569/attachments/attTwgZ2hyniQimgKh89LYCb/,,,,,773487569,f71e4273-ac4e-43bd-a71d-706a7c1e4da6,2026-06-08T06:42:17+05:30,,,submitted_via_web,v9nnSVBz8Dj2TFQddrtot2,,uuid:f71e4273-ac4e-43bd-a71d-706a7c1e4da6,3,Chennai,Bengaluru,13.0437948,80.2092505,device_gps,OK,False,False,True,1,False,False,0,True,True,False,2,True,True,,2,False,True,1,False,True,True,False,2,True,True,2,Poor,True,True,True,True,True,5,Mixed Use,4,8,14
2026-06-10T07:30:33.831000+05:30,2026-06-10T07:36:44.757000+05:30,2026-06-10T07:31:00+05:30,[surveyor name removed],12.905701 80.207407 -78.60000610351562 42.11600112915039,12.905701,80.207407,-78.6000061,42.11600113,,Other,Unclean/Poorly Maintained,,1,0,0,,0,0,0,,1 - this is a standalone shelter ,Bus stop not clearly marked,0,0,1,0,,Footpath available to reach the bus stop from both directions,1,0,0,0,0,0,0,," Yes – fully accessible, no obstructions",No – area appears well-drained,"Safe – well-lit, visible, and active surroundings",Yes – adequate space for passengers,"Yes – but the roof is inadequate (too tall, too small, gaps, or partial coverage)",No – exposed to full sun,No – inadequate or no lighting at all,Yes – clear sightline to see the approaching buses,No - the seating is too small to sit comfortably ,No – name is missing,No information displayed at all,Seating / bench,1,0,0,0,0,0,0,0,"Mostly Institutional - Schools, Hospitals, Govt. Offices, etc",Yes – advertisements dominate; passenger information is secondary,Unclean,"Lighting, information and proper shed",1000491141-7_36_26.jpg,https://kf.kobotoolbox.org/api/v2/assets/axZaE8YRFpZYaQWWvuZPyu/data/775714603/attachments/att3stS8i897wtuvEMTxoNqQ/,1000491142-7_36_33.jpg,https://kf.kobotoolbox.org/api/v2/assets/axZaE8YRFpZYaQWWvuZPyu/data/775714603/attachments/attkRCA2PzucbVFswnDNRHWg/,1000491143-7_36_38.jpg,https://kf.kobotoolbox.org/api/v2/assets/axZaE8YRFpZYaQWWvuZPyu/data/775714603/attachments/attjKHC2TPeMY2FeX2tGLMb2/,,,775714603,472c389d-87c3-44cf-aa83-add31c6e6212,2026-06-10T07:36:50+05:30,,,submitted_via_web,vnyH9EFV4wr6YZ5xP9XFKr,,uuid:472c389d-87c3-44cf-aa83-add31c6e6212,3,Chennai,Chennai,12.905701,80.207407,device_gps,OK,False,False,True,1,False,False,0,True,True,False,2,True,True,,2,False,True,1,True,False,True,False,2,True,True,2,Poor,True,True,True,True,True,5,Institutional,4,8,14
2026-06-10T07:38:51.187000+05:30,2026-06-10T07:43:06.806000+05:30,2026-06-10T07:39:00+05:30,[surveyor name removed],12.905413 80.207782 -78.60000610351562 20.437999725341797,12.905413,80.207782,-78.6000061,20.43799973,,Other,Satisfactory – minor wear/dusty but usable,,1,0,0,,0,0,0,,1 - this is a standalone shelter ,Away from the bus stop – buses stop before or beyond the shelter/marked location,0,1,0,0,,Footpath available to reach the bus stop from both directions,1,0,0,0,0,0,0,,"Partially encroached – e.g., vendors, parked two-wheelers, auto-rickshaws, construction material",No – area appears well-drained,"Unsafe – poorly lit, isolated, or has a history of feeling threatening",No – overcrowded or high number of people standing on the road,"Yes – but the roof is inadequate (too tall, too small, gaps, or partial coverage)",Partial – some shade but insufficient,No – inadequate or no lighting at all,Yes – clear sightline to see the approaching buses,No - the seating is too small to sit comfortably ,No – name is missing,No information displayed at all,Sufficient seating for the number of people typically waiting,0,1,0,0,0,0,0,0,"Mostly Institutional - Schools, Hospitals, Govt. Offices, etc",No advertisements,"Poor seating space, no information",Information of buses and routes,1000491146-7_42_53.jpg,https://kf.kobotoolbox.org/api/v2/assets/axZaE8YRFpZYaQWWvuZPyu/data/775716179/attachments/attHjwUoWkrQC6mSZKuQG7Sj/,1000491145-7_42_56.jpg,https://kf.kobotoolbox.org/api/v2/assets/axZaE8YRFpZYaQWWvuZPyu/data/775716179/attachments/att8VBPu3S2hzotbYVWyrHqf/,1000491148-7_43_1.jpg,https://kf.kobotoolbox.org/api/v2/assets/axZaE8YRFpZYaQWWvuZPyu/data/775716179/attachments/attdBi9heurgVj3pvLUv46Ki/,,,775716179,1082286d-12cc-4392-8022-4c405863a0e7,2026-06-10T07:43:12+05:30,,,submitted_via_web,v73kjXt7geHumXyTDeh2CX,,uuid:1082286d-12cc-4392-8022-4c405863a0e7,4,Chennai,Chennai,12.905413,80.207782,device_gps,OK,False,False,True,1,False,False,0,False,True,False,1,True,True,,2,False,True,1,True,False,True,False,2,True,True,2,Poor,True,True,True,True,True,5,Institutional,4,7,42
2026-06-11T10:08:27.380000+05:30,2026-06-11T10:12:12.500000+05:30,2026-06-11T10:08:00+05:30,[surveyor name removed],12.90191 80.217586 -82.88473510742188 9.177000045776367,12.90191,80.217586,-82.88473511,9.177000046,,Stainless Steel Bus Shelter,Unclean/Poorly Maintained,,0,1,0,,1,0,0,No - It's obstructed due to encroachment ,2,Away from the bus stop – buses stop before or beyond the shelter/marked location,0,1,0,0,,None of the above,0,0,0,0,0,0,1,,"Partially encroached – e.g., vendors, parked two-wheelers, auto-rickshaws, construction material",No – area appears well-drained,"Unsafe – poorly lit, isolated, or has a history of feeling threatening",No – overcrowded or high number of people standing on the road,Yes – roof is intact and effective,Partial – some shade but insufficient,No – inadequate or no lighting at all,Yes – clear sightline to see the approaching buses,"Yes - the seating is of the right height, width, and depth to sit comfortably while waiting for the bus",No – name is missing,No information displayed at all,Seating / bench,1,0,0,0,0,0,0,0,"Mostly commercial - Office buildings, malls, large stores, etc",Yes – advertisements dominate; passenger information is secondary,Lot of encroachments,Remove all encroachments,1000492155-10_11_35.jpg,https://kf.kobotoolbox.org/api/v2/assets/axZaE8YRFpZYaQWWvuZPyu/data/777128475/attachments/attbigbwWh598i7uA8B5amEe/,1000492156-10_11_44.jpg,https://kf.kobotoolbox.org/api/v2/assets/axZaE8YRFpZYaQWWvuZPyu/data/777128475/attachments/attmyYxdzdWQZe2v5BLe4Ldq/,1000492158-10_11_54.jpg,https://kf.kobotoolbox.org/api/v2/assets/axZaE8YRFpZYaQWWvuZPyu/data/777128475/attachments/attpffnPU6dWb7RQoasQ8zCB/,1000492156-10_12_2.jpg,https://kf.kobotoolbox.org/api/v2/assets/axZaE8YRFpZYaQWWvuZPyu/data/777128475/attachments/attWzY9uWzZBs4Faui5JnX9o/,777128475,9c691ff8-824a-4c90-8be3-e659aeb6383f,2026-06-11T10:12:19+05:30,,,submitted_via_web,v73kjXt7geHumXyTDeh2CX,,uuid:9c691ff8-824a-4c90-8be3-e659aeb6383f,8,Chennai,Chennai,12.90191,80.217586,device_gps,OK,False,False,True,1,False,False,0,True,False,False,1,True,True,,2,False,True,1,True,False,True,False,2,True,True,2,Poor,True,True,True,True,True,5,Commercial,4,7,42
2026-06-12T12:24:13.195000+05:30,2026-06-12T12:41:31.901000+05:30,2026-06-12T12:24:00+05:30,Pallikarnai Bus Stop,,,,,,https://maps.app.goo.gl/9orZdXAqVZegub578?g_st=ic,Stainless Steel Bus Shelter,Satisfactory – minor wear/dusty but usable,,0,1,1,,0,0,0,,1 - this is a standalone shelter ,At the bus stop – buses pull up to the shelter/marked stop Away from the bus stop – buses stop before or beyond the shelter/marked location,1,1,0,0,,None of the above,0,0,0,0,0,0,1,,"Partially encroached – e.g., vendors, parked two-wheelers, auto-rickshaws, construction material","Yes – signs of standing water, algae, or drainage issues visible","Somewhat safe – some concerns (e.g., poor visibility, isolated location)",Yes – adequate space for passengers,Yes – roof is intact and effective,Partial – some shade but insufficient,"Yes – lit by nearby street lights, shop fronts, or advertisement boards",Yes – clear sightline to see the approaching buses,"Yes - the seating is of the right height, width, and depth to sit comfortably while waiting for the bus",No – name is missing,"Yes – but information is unclear, faded, or partially missing",Seating / bench Dustbin / waste bin,1,0,1,0,0,0,0,0,"Mixed Use - A mix of commercial/residential/office, etc",Yes – advertisements dominate; passenger information is secondary,Vendors tend to occupy shady area in the stop that does not have seating. The stop is located on a road that has space for walking but is still sandy and not tar road. Not friendly for elderly or disabled to reach.,"Better footpath, improvement of road the stop is located on, drinking water facilities. Less ad domination and more bus stop information as this is a significant point in the route.",IMG_0104-12_41_13.jpeg,https://kf.kobotoolbox.org/api/v2/assets/axZaE8YRFpZYaQWWvuZPyu/data/778402631/attachments/attP6YfRgJHmQrHiHGsVzkqV/,IMG_0103-12_41_26.jpeg,https://kf.kobotoolbox.org/api/v2/assets/axZaE8YRFpZYaQWWvuZPyu/data/778402631/attachments/attKwvWQ64PzsqGCo6dURgmF/,,,,,778402631,77eb61e8-7b71-40ca-88c0-3365623030e6,2026-06-12T12:41:36+05:30,,,submitted_via_web,v73kjXt7geHumXyTDeh2CX,,uuid:77eb61e8-7b71-40ca-88c0-3365623030e6,10,Chennai,Chennai,12.933924,80.204035,gmaps_link,OK,False,False,True,1,False,False,0,True,False,False,1,True,True,,2,True,True,2,True,False,False,True,2,True,True,2,Poor,False,True,True,True,True,4,Mixed Use,5,8,14
2026-06-12T15:44:07.932000+05:30,2026-06-12T16:12:35.634000+05:30,2026-06-12T15:58:00+05:30,M.P. தேவதாஸ் உயர்நிலைப்பள்ளி,13.118555 80.259021 -67.80000305175781 19.15999984741211,13.118555,80.259021,-67.80000305,19.15999985,,Stainless Steel Bus Shelter,Satisfactory – minor wear/dusty but usable,,1,0,0,,0,0,0,,1 - this is a standalone shelter ,Away from the bus stop – buses stop before or beyond the shelter/marked location Bus stop not clearly marked,0,1,1,0,,Footpath available to reach the bus stop from both directions Pedestrian crossing at/close to the bus stop to cross the road?,1,0,0,0,0,1,0,,"Partially encroached – e.g., vendors, parked two-wheelers, auto-rickshaws, construction material","Yes – signs of standing water, algae, or drainage issues visible","Safe – well-lit, visible, and active surroundings",Yes – adequate space for passengers,No – The roof is too damaged or broken to provide shelter,Partial – some shade but insufficient,"Yes – lit by nearby street lights, shop fronts, or advertisement boards",Yes – clear sightline to see the approaching buses,"Yes - the seating is of the right height, width, and depth to sit comfortably while waiting for the bus",Yes – name is prominently visible and legible,Yes – route list is prominently displayed and appears current,Seating / bench Dustbin / waste bin Digital information boards with real time arrival information and service alerts,1,0,1,0,0,0,1,0,"Mostly commercial - Retail shops. restaurants, cafes, markets, etc",Yes – advertisements present but passenger information is still clearly visible,Restroom,,17812609178297030526626331874647-16_12_14.jpg,https://kf.kobotoolbox.org/api/v2/assets/axZaE8YRFpZYaQWWvuZPyu/data/778607798/attachments/attevAf4mEhSbyHoP5HXvk5W/,1781260945345383672026682704449-16_12_31.jpg,https://kf.kobotoolbox.org/api/v2/assets/axZaE8YRFpZYaQWWvuZPyu/data/778607798/attachments/attJZhxcZm6qFrZ8iYvLnVYf/,,,,,778607798,649c80ce-ae6b-4f6e-8268-0080fe796376,2026-06-12T16:12:40+05:30,,,submitted_via_web,v73kjXt7geHumXyTDeh2CX,,uuid:649c80ce-ae6b-4f6e-8268-0080fe796376,14,Chennai,Chennai,13.118555,80.259021,device_gps,OK,False,True,True,2,False,False,0,True,False,False,1,True,True,,2,True,True,2,False,False,False,False,0,False,False,0,Good,False,True,True,True,False,3,Commercial,6,7,42
2026-06-12T16:12:36.095000+05:30,2026-06-12T16:30:44.888000+05:30,2026-06-12T16:17:00+05:30,MKB  Nagar,13.122992 80.260177 -66 18.305999755859375,13.122992,80.260177,-66.0,18.30599976,,Stainless Steel Bus Shelter,Unclean/Poorly Maintained,,1,0,0,,0,0,0,,2,Bus stop not clearly marked,0,0,1,0,,"Footpath available to reach the bus stop from both directions Footpath is walkable and free of encroachment like parking, vendors, utility boxes, garbage, etc",1,1,0,0,0,0,0,,"Partially encroached – e.g., vendors, parked two-wheelers, auto-rickshaws, construction material","Yes – signs of standing water, algae, or drainage issues visible","Somewhat safe – some concerns (e.g., poor visibility, isolated location)",No – overcrowded or high number of people standing on the road,No – The roof is too damaged or broken to provide shelter,Yes - from both bus shelter AND trees,Partially – some light but insufficient,Yes – clear sightline to see the approaching buses,No - the seating is too small to sit comfortably ,Yes – name is prominently visible and legible,Yes – but information seems outdated or unreliable,Seating / bench Drinking water (tap or dispenser),1,0,0,1,0,0,0,0,"Mostly commercial - Office buildings, malls, large stores, etc",No advertisements,No,No,1781261978225371651329052745044-16_29_56.jpg,https://kf.kobotoolbox.org/api/v2/assets/axZaE8YRFpZYaQWWvuZPyu/data/778626009/attachments/attmzazXYhQ5KHNnvciHM38S/,17812620026352279031727349058771-16_30_9.jpg,https://kf.kobotoolbox.org/api/v2/assets/axZaE8YRFpZYaQWWvuZPyu/data/778626009/attachments/attZLqShRfGhGUe6AQUMMDkq/,1781262014301461939349204761809-16_30_29.jpg,https://kf.kobotoolbox.org/api/v2/assets/axZaE8YRFpZYaQWWvuZPyu/data/778626009/attachments/attG5ZvmH6QzcipNF3gaDDdy/,,,778626009,fbcc89e1-aea4-4f80-a64b-3e8c492bb8bd,2026-06-12T16:30:49+05:30,,,submitted_via_web,v73kjXt7geHumXyTDeh2CX,,uuid:fbcc89e1-aea4-4f80-a64b-3e8c492bb8bd,15,Chennai,Chennai,13.122992,80.260177,device_gps,OK,False,True,False,1,False,False,0,True,True,False,2,True,True,,2,True,True,2,False,False,False,True,1,False,True,1,Needs improvement,True,False,True,True,True,4,Commercial,5,8,14
2026-06-12T16:30:45.107000+05:30,2026-06-12T16:43:55.323000+05:30,2026-06-12T16:31:00+05:30,MKB POLICE STATION,13.122954 80.259893 -66.30000305175781 22.775999069213867,13.122954,80.259893,-66.30000305,22.77599907,,Stainless Steel Bus Shelter,Satisfactory – minor wear/dusty but usable,,1,0,0,,0,0,0,,1 - this is a standalone shelter ,Away from the bus stop – buses stop before or beyond the shelter/marked location Bus stop not clearly marked,0,1,1,0,,"Footpath is walkable and free of encroachment like parking, vendors, utility boxes, garbage, etc",0,1,0,0,0,0,0,,"Partially encroached – e.g., vendors, parked two-wheelers, auto-rickshaws, construction material","Yes – signs of standing water, algae, or drainage issues visible","Somewhat safe – some concerns (e.g., poor visibility, isolated location)",No – overcrowded or high number of people standing on the road,No – The roof is too damaged or broken to provide shelter,Partial – some shade but insufficient,Partially – some light but insufficient,Yes – clear sightline to see the approaching buses,No - the seating is too small to sit comfortably ,Yes – name is prominently visible and legible,"Yes – but information is unclear, faded, or partially missing",Seating / bench Dustbin / waste bin,1,0,1,0,0,0,0,0,"Mostly commercial - Retail shops. restaurants, cafes, markets, etc",No advertisements,No,No,17812621711484486636681528049288-16_33_42.jpg,https://kf.kobotoolbox.org/api/v2/assets/axZaE8YRFpZYaQWWvuZPyu/data/778640986/attachments/att3G2XGpjtUFZYKLVKaQsxF/,17812622709823943862660719400011-16_34_59.jpg,https://kf.kobotoolbox.org/api/v2/assets/axZaE8YRFpZYaQWWvuZPyu/data/778640986/attachments/attRnFRsoLTxfsXJ6tdFvVnW/,17812628021415691412228638992309-16_43_29.jpg,https://kf.kobotoolbox.org/api/v2/assets/axZaE8YRFpZYaQWWvuZPyu/data/778640986/attachments/attbmvKbmzpjwgiTxL3CoM5F/,17812628191816959120179781707640-16_43_49.jpg,https://kf.kobotoolbox.org/api/v2/assets/axZaE8YRFpZYaQWWvuZPyu/data/778640986/attachments/att2rbr4NCUfu892fNMJUaom/,778640986,750d5848-4db6-437a-bc07-23ffbce50f29,2026-06-12T16:44:00+05:30,,,submitted_via_web,v73kjXt7geHumXyTDeh2CX,,uuid:750d5848-4db6-437a-bc07-23ffbce50f29,16,Chennai,Chennai,13.122954,80.259893,device_gps,OK,False,True,True,2,False,False,0,True,True,False,2,True,True,,2,True,True,2,False,False,False,True,1,False,True,1,Needs improvement,False,True,True,True,True,4,Commercial,6,9,7
2026-06-12T17:00:39.002000+05:30,2026-06-13T15:25:21.572000+05:30,2026-06-13T15:25:00+05:30,Moolakadai bus stand,13.128915 80.24108 -66.80000305175781 4.199999809265137,13.128915,80.24108,-66.80000305,4.199999809,,Stainless Steel Bus Shelter, Clean and Well Maintained,,1,0,0,,1,0,1,No - It's obstructed due to encroachment ,2,Away from the bus stop – buses stop before or beyond the shelter/marked location,0,1,0,0,,"Ramp is in usable condition (not too steep, not broken, nor blocked)",0,0,0,1,0,0,0,,"Partially encroached – e.g., vendors, parked two-wheelers, auto-rickshaws, construction material",No – area appears well-drained,"Safe – well-lit, visible, and active surroundings",Yes – adequate space for passengers,Yes – roof is intact and effective,Partial – some shade but insufficient,Unsure / Not observed,Yes – clear sightline to see the approaching buses,No - the seating is too small to sit comfortably ,"Yes – but faded, small, or difficult to read",Yes – but information seems outdated or unreliable,Dustbin / waste bin,0,0,1,0,0,0,0,0,"Mostly Institutional - Schools, Hospitals, Govt. Offices, etc",Yes – advertisements present but passenger information is still clearly visible,No,No,1000170054-15_24_3.jpg,https://kf.kobotoolbox.org/api/v2/assets/axZaE8YRFpZYaQWWvuZPyu/data/779462152/attachments/attdUHLnmNqxUEQqxcJhVX3X/,1000170055-15_24_7.jpg,https://kf.kobotoolbox.org/api/v2/assets/axZaE8YRFpZYaQWWvuZPyu/data/779462152/attachments/attwvY5ZaevbrhZ6YnUv6z5e/,1000170056-15_24_12.jpg,https://kf.kobotoolbox.org/api/v2/assets/axZaE8YRFpZYaQWWvuZPyu/data/779462152/attachments/attSard5UBUwSwCatpJTUVpk/,1000170057-15_24_17.jpg,https://kf.kobotoolbox.org/api/v2/assets/axZaE8YRFpZYaQWWvuZPyu/data/779462152/attachments/attHS8EGPaXeMd3yKC5koPh6/,779462152,1d4fef0c-d658-460b-af04-61fcf24f1cb0,2026-06-13T15:25:27+05:30,,,submitted_via_web,v73kjXt7geHumXyTDeh2CX,,uuid:1d4fef0c-d658-460b-af04-61fcf24f1cb0,18,Chennai,Chennai,13.128915,80.24108,device_gps,OK,False,False,True,1,False,False,0,True,True,False,2,False,True,,1,False,True,1,False,True,False,True,2,True,True,2,Poor,False,True,True,True,True,4,Institutional,3,7,42
2026-06-13T15:25:21.807000+05:30,2026-06-13T15:32:17.776000+05:30,2026-06-13T15:32:00+05:30,Moolakadai bus stand,13.129143 80.241358 -65.70000457763672 4.599999904632568,13.129143,80.241358,-65.70000458,4.599999905,,Stainless Steel Bus Shelter,Satisfactory – minor wear/dusty but usable,,1,0,0,,1,0,1,No - It's obstructed due to encroachment ,2,Away from the bus stop – buses stop before or beyond the shelter/marked location,0,1,0,0,,Ramp for wheelchair users to access the bus stop,0,0,1,0,0,0,0,,"Partially encroached – e.g., vendors, parked two-wheelers, auto-rickshaws, construction material",No – area appears well-drained,"Somewhat safe – some concerns (e.g., poor visibility, isolated location)",No – overcrowded or high number of people standing on the road,"Yes – but the roof is inadequate (too tall, too small, gaps, or partial coverage)",Yes - sufficient shade from surrounding trees,"Yes – lit by nearby street lights, shop fronts, or advertisement boards","No – sightline is blocked (by structure, advertisement boards, trees, or parked vehicles)",No - the seating is too slippery,No – name is missing,Yes – but information seems outdated or unreliable,Seating / bench,1,0,0,0,0,0,0,0,"Mostly Institutional - Schools, Hospitals, Govt. Offices, etc",Yes – advertisements dominate; passenger information is secondary,No,No,1000170058-15_31_44.jpg,https://kf.kobotoolbox.org/api/v2/assets/axZaE8YRFpZYaQWWvuZPyu/data/779467520/attachments/att8yBTX4tuH6NMqKnvQ4s7V/,1000170059-15_31_50.jpg,https://kf.kobotoolbox.org/api/v2/assets/axZaE8YRFpZYaQWWvuZPyu/data/779467520/attachments/atttXwbRJvT74H7e6wCv9Zi9/,1000170060-15_31_54.jpg,https://kf.kobotoolbox.org/api/v2/assets/axZaE8YRFpZYaQWWvuZPyu/data/779467520/attachments/attDcQg6FhhWsJ4JzbVXa3eL/,1000170061-15_32_3.jpg,https://kf.kobotoolbox.org/api/v2/assets/axZaE8YRFpZYaQWWvuZPyu/data/779467520/attachments/attru5xiZxAnwnyZHtHtMYnL/,779467520,d8e783a5-3c34-4676-8b4c-b3d7dd31ddaf,2026-06-13T15:32:20+05:30,,,submitted_via_web,v73kjXt7geHumXyTDeh2CX,,uuid:d8e783a5-3c34-4676-8b4c-b3d7dd31ddaf,19,Chennai,Chennai,13.129143,80.241358,device_gps,OK,False,False,False,0,False,False,0,True,True,True,3,False,True,,1,False,True,1,True,False,False,True,2,True,True,2,Poor,True,True,True,True,True,5,Institutional,2,7,42
2026-06-13T15:32:18.094000+05:30,2026-06-13T15:39:35.274000+05:30,2026-06-13T15:39:00+05:30,Moolakadai bus stand 2,13.128582 80.241889 -65.30000305175781 27.04400062561035,13.128582,80.241889,-65.30000305,27.04400063,,Stainless Steel Bus Shelter,Satisfactory – minor wear/dusty but usable,,1,0,0,,1,0,1,No - It's obstructed due to encroachment ,2,Bus stop not clearly marked,0,0,1,0,,Footpath available to reach the bus stop from both directions,1,0,0,0,0,0,0,,"Partially encroached – e.g., vendors, parked two-wheelers, auto-rickshaws, construction material","Yes – signs of standing water, algae, or drainage issues visible","Safe – well-lit, visible, and active surroundings",No – overcrowded or high number of people standing on the road,"Yes – but the roof is inadequate (too tall, too small, gaps, or partial coverage)",Partial – some shade but insufficient,Partially – some light but insufficient,Yes – clear sightline to see the approaching buses,No - the seating is too high ,"Yes – but faded, small, or difficult to read",Yes – but information seems outdated or unreliable,Seating / bench,1,0,0,0,0,0,0,0,"Mostly Residential - Housing, Apartments, etc",Yes – advertisements present but passenger information is still clearly visible,No,No,1000170064-15_38_55.jpg,https://kf.kobotoolbox.org/api/v2/assets/axZaE8YRFpZYaQWWvuZPyu/data/779473206/attachments/attJtR4phdxcjyPtAds6CTfG/,1000170065-15_39_3.jpg,https://kf.kobotoolbox.org/api/v2/assets/axZaE8YRFpZYaQWWvuZPyu/data/779473206/attachments/attbs8fgVGtRPvExReJ9VAn3/,1000170066-15_39_8.jpg,https://kf.kobotoolbox.org/api/v2/assets/axZaE8YRFpZYaQWWvuZPyu/data/779473206/attachments/attWbs8qRa9qBHRKfdP2Lcmn/,1000170067-15_39_11.jpg,https://kf.kobotoolbox.org/api/v2/assets/axZaE8YRFpZYaQWWvuZPyu/data/779473206/attachments/attDtdoL369QxdEsPMoN7xMm/,779473206,a8d8446f-c841-407c-98b1-4da976c0b44f,2026-06-13T15:39:38+05:30,,,submitted_via_web,v73kjXt7geHumXyTDeh2CX,,uuid:a8d8446f-c841-407c-98b1-4da976c0b44f,20,Chennai,Chennai,13.128582,80.241889,device_gps,OK,False,False,True,1,False,False,0,True,True,False,2,False,True,,1,True,True,2,False,True,False,True,2,True,True,2,Poor,True,True,True,True,True,5,Residential,4,8,14
2026-06-13T15:39:35.490000+05:30,2026-06-13T16:01:34.527000+05:30,2026-06-13T16:01:00+05:30,Simpson moolakadai,13.12408 80.24209 -65.5 15.996000289916992,13.12408,80.24209,-65.5,15.99600029,,Stainless Steel Bus Shelter,Satisfactory – minor wear/dusty but usable,,0,1,0,,1,0,0,No - It's obstructed due to encroachment ,2,Away from the bus stop – buses stop before or beyond the shelter/marked location,0,1,0,0,,"Footpath is walkable and free of encroachment like parking, vendors, utility boxes, garbage, etc",0,1,0,0,0,0,0,,"Partially encroached – e.g., vendors, parked two-wheelers, auto-rickshaws, construction material","Yes – signs of standing water, algae, or drainage issues visible","Somewhat safe – some concerns (e.g., poor visibility, isolated location)",No – overcrowded or high number of people standing on the road,"Yes – but the roof is inadequate (too tall, too small, gaps, or partial coverage)",Yes - from both bus shelter AND trees,"Yes – lit by nearby street lights, shop fronts, or advertisement boards","No – sightline is blocked (by structure, advertisement boards, trees, or parked vehicles)",No - the seating is too high ,"Yes – but faded, small, or difficult to read",Yes – route list is prominently displayed and appears current,Seating / bench Sufficient seating for the number of people typically waiting,1,1,0,0,0,0,0,0,"Mixed Use - A mix of commercial/residential/office, etc",No advertisements,No advertisement,No drinking water,1000170070-16_1_13.jpg,https://kf.kobotoolbox.org/api/v2/assets/axZaE8YRFpZYaQWWvuZPyu/data/779489180/attachments/att7EVGWdRqZ9knoxDzcVtAK/,1000170069-16_0_59.jpg,https://kf.kobotoolbox.org/api/v2/assets/axZaE8YRFpZYaQWWvuZPyu/data/779489180/attachments/attEpnMKNopLAziqeTPytC9B/,1000170072-16_1_22.jpg,https://kf.kobotoolbox.org/api/v2/assets/axZaE8YRFpZYaQWWvuZPyu/data/779489180/attachments/attRFW8oqbtHMSvPY94QmqAs/,1000170071-16_1_25.jpg,https://kf.kobotoolbox.org/api/v2/assets/axZaE8YRFpZYaQWWvuZPyu/data/779489180/attachments/atth6NriNEFTJVmtH77bTmTQ/,779489180,d7470242-58df-4e00-8ce8-32d4a194cf99,2026-06-13T16:01:40+05:30,,,submitted_via_web,v73kjXt7geHumXyTDeh2CX,,uuid:d7470242-58df-4e00-8ce8-32d4a194cf99,22,Chennai,Chennai,13.12408,80.24209,device_gps,OK,False,False,False,0,False,False,0,False,True,True,2,True,True,,2,True,True,2,False,True,False,False,1,True,False,1,Needs improvement,True,True,True,True,True,5,Mixed Use,4,7,42
2026-06-13T15:44:46.813000+05:30,2026-06-13T16:13:40.888000+05:30,2026-06-13T15:56:00+05:30,Don Bosco school,13.124103 80.242088 -65.80000305175781 23.882999420166016,13.124103,80.242088,-65.80000305,23.88299942,,Stainless Steel Bus Shelter,Unclean/Poorly Maintained,,1,1,0,,0,0,0,,1 - this is a standalone shelter ,Bus stop not clearly marked Unsure / not observed,0,0,1,1,,"Footpath is walkable and free of encroachment like parking, vendors, utility boxes, garbage, etc",0,1,0,0,0,0,0,,"Partially encroached – e.g., vendors, parked two-wheelers, auto-rickshaws, construction material",Unsure,"Unsafe – poorly lit, isolated, or has a history of feeling threatening",No – overcrowded or high number of people standing on the road,"Yes – but the roof is inadequate (too tall, too small, gaps, or partial coverage)",Yes - from both bus shelter AND trees,Partially – some light but insufficient,"No – sightline is blocked (by structure, advertisement boards, trees, or parked vehicles)",No - the seating is too small to sit comfortably ,No – name is missing,No information displayed at all,Seating / bench,1,0,0,0,0,0,0,0,"Mostly commercial - Retail shops. restaurants, cafes, markets, etc",No advertisements,No,No,17813472197482146816069790974935-16_10_47.jpg,https://kf.kobotoolbox.org/api/v2/assets/axZaE8YRFpZYaQWWvuZPyu/data/779498536/attachments/attbQssR7yXNHEYsy4e8kWQW/,17813473641171126257200431721801-16_12_55.jpg,https://kf.kobotoolbox.org/api/v2/assets/axZaE8YRFpZYaQWWvuZPyu/data/779498536/attachments/attCPwaU5p5mgCAnpewFKZ2R/,17813473814433834187431988880047-16_13_10.jpg,https://kf.kobotoolbox.org/api/v2/assets/axZaE8YRFpZYaQWWvuZPyu/data/779498536/attachments/atteRZcSmAKcBSTcL2DEaq7F/,17813473968005590606398653527236-16_13_29.jpg,https://kf.kobotoolbox.org/api/v2/assets/axZaE8YRFpZYaQWWvuZPyu/data/779498536/attachments/attLGmSXCsiBMVLtkyRXxMDX/,779498536,ef51917a-8b34-4b51-93dd-35640f0ef9bd,2026-06-13T16:13:45+05:30,,,submitted_via_web,v73kjXt7geHumXyTDeh2CX,,uuid:ef51917a-8b34-4b51-93dd-35640f0ef9bd,23,Chennai,Chennai,13.124103,80.242088,device_gps,OK,False,False,False,0,False,False,0,True,True,True,3,True,True,,2,False,True,1,True,False,True,False,2,True,True,2,Poor,True,True,True,True,True,5,Commercial,3,8,14
2026-06-13T16:01:34.740000+05:30,2026-06-13T16:25:35.198000+05:30,2026-06-13T16:25:00+05:30,Don Bosco school moolakadai,13.121201 80.242746 -66 23.054000854492188,13.121201,80.242746,-66.0,23.05400085,,Temporary/Makeshift Bus Shelter,Satisfactory – minor wear/dusty but usable,,1,0,0,,1,0,1,No - It's obstructed due to encroachment ,2,At the bus stop – buses pull up to the shelter/marked stop,1,0,0,0,,Footpath available to reach the bus stop from both directions Pedestrian crossing at/close to the bus stop to cross the road?,1,0,0,0,0,1,0,,Heavily encroached – the stop is largely unusable because of obstructions,"Yes – signs of standing water, algae, or drainage issues visible","Safe – well-lit, visible, and active surroundings",No – overcrowded or high number of people standing on the road,"Yes – but the roof is inadequate (too tall, too small, gaps, or partial coverage)",Yes - sufficient shade from surrounding trees,"Yes – lit by nearby street lights, shop fronts, or advertisement boards",Yes – clear sightline to see the approaching buses,No - the seating is too high ,"Yes – but faded, small, or difficult to read",Yes – but information seems outdated or unreliable,Dustbin / waste bin,0,0,1,0,0,0,0,0,"Mixed Use - A mix of commercial/residential/office, etc",Yes – advertisements present but passenger information is still clearly visible,No,NO advertisement,1000170078-16_25_12.jpg,https://kf.kobotoolbox.org/api/v2/assets/axZaE8YRFpZYaQWWvuZPyu/data/779508213/attachments/attxL2BqBcenikdTXDmjcRjy/,1000170079-16_25_17.jpg,https://kf.kobotoolbox.org/api/v2/assets/axZaE8YRFpZYaQWWvuZPyu/data/779508213/attachments/attBEXfMDj5Ub5h8N3BJLBJb/,1000170080-16_25_22.jpg,https://kf.kobotoolbox.org/api/v2/assets/axZaE8YRFpZYaQWWvuZPyu/data/779508213/attachments/attQsiNwsLx3QvwEaZD7bRVn/,1000170081-16_25_26.jpg,https://kf.kobotoolbox.org/api/v2/assets/axZaE8YRFpZYaQWWvuZPyu/data/779508213/attachments/attMVwRJM7rg5ecbjp8rhYiH/,779508213,82081bc2-e8b3-461e-83b7-392ae591ca68,2026-06-13T16:25:39+05:30,,,submitted_via_web,v73kjXt7geHumXyTDeh2CX,,uuid:82081bc2-e8b3-461e-83b7-392ae591ca68,24,Chennai,Chennai,13.121201,80.242746,device_gps,OK,False,False,False,0,False,False,0,True,True,False,2,False,True,,1,True,True,2,False,True,False,True,2,True,True,2,Poor,False,True,True,True,True,4,Mixed Use,3,7,42
2026-06-13T16:13:41.224000+05:30,2026-06-13T16:35:05.764000+05:30,2026-06-13T16:26:00+05:30,Brindha theater,13.119239 80.242673 -66 17.336000442504883,13.119239,80.242673,-66.0,17.33600044,,Stainless Steel Bus Shelter,Satisfactory – minor wear/dusty but usable,,1,0,0,,0,0,0,,2,Away from the bus stop – buses stop before or beyond the shelter/marked location,0,1,0,0,,Ramp for wheelchair users to access the bus stop,0,0,1,0,0,0,0,,"Partially encroached – e.g., vendors, parked two-wheelers, auto-rickshaws, construction material",Unsure,"Unsafe – poorly lit, isolated, or has a history of feeling threatening",No – overcrowded or high number of people standing on the road,No – The roof is too damaged or broken to provide shelter,Partial – some shade but insufficient,No – inadequate or no lighting at all,"No – sightline is blocked (by structure, advertisement boards, trees, or parked vehicles)",No - the seating is too high ,Yes – name is prominently visible and legible,Yes – but information seems outdated or unreliable,Seating / bench Dustbin / waste bin Public toilet nearby (within eyesight),1,0,1,0,1,0,0,0,"Mixed Use - A mix of commercial/residential/office, etc",Yes – advertisements present but passenger information is still clearly visible,No,No,17813481657916158555567918184777-16_26_17.jpg,https://kf.kobotoolbox.org/api/v2/assets/axZaE8YRFpZYaQWWvuZPyu/data/779514783/attachments/attv6oqPbgz2m9GzQQVTwHNc/,17813481875656149549127773816930-16_26_39.jpg,https://kf.kobotoolbox.org/api/v2/assets/axZaE8YRFpZYaQWWvuZPyu/data/779514783/attachments/attA6ZLPsECRjkeFT6HxwMLX/,178134833791544950490681638648-16_29_5.jpg,https://kf.kobotoolbox.org/api/v2/assets/axZaE8YRFpZYaQWWvuZPyu/data/779514783/attachments/attq5NUa5tJ6euysnpNuifDs/,1781348449879863783667736780940-16_30_58.jpg,https://kf.kobotoolbox.org/api/v2/assets/axZaE8YRFpZYaQWWvuZPyu/data/779514783/attachments/attsGE6WWLx85bTkoG8XgBAG/,779514783,2d82710e-9613-42bd-bd36-19d8ad7403e8,2026-06-13T16:35:11+05:30,,,submitted_via_web,v73kjXt7geHumXyTDeh2CX,,uuid:2d82710e-9613-42bd-bd36-19d8ad7403e8,25,Chennai,Chennai,13.119239,80.242673,device_gps,OK,False,True,True,2,False,False,0,True,True,True,3,True,True,,2,False,True,1,False,False,False,True,1,False,True,1,Needs improvement,False,True,False,True,True,3,Mixed Use,5,9,7
2026-06-13T16:25:35.431000+05:30,2026-06-13T16:36:47.137000+05:30,2026-06-13T16:36:00+05:30,Brindha theatre moolakadai,13.118924 80.242586 -65.80000305175781 18.368999481201172,13.118924,80.242586,-65.80000305,18.36899948,,Concrete/Masonry Bus Shelter,Satisfactory – minor wear/dusty but usable,,1,0,0,,1,0,1,No - It's obstructed due to encroachment ,1 - this is a standalone shelter ,Away from the bus stop – buses stop before or beyond the shelter/marked location,0,1,0,0,,Footpath available to reach the bus stop from both directions Pedestrian crossing at/close to the bus stop to cross the road?,1,0,0,0,0,1,0,,Heavily encroached – the stop is largely unusable because of obstructions,Unsure,"Somewhat safe – some concerns (e.g., poor visibility, isolated location)",No – overcrowded or high number of people standing on the road,No – The roof is too damaged or broken to provide shelter,Partial – some shade but insufficient,"Yes – lit by nearby street lights, shop fronts, or advertisement boards",Yes – clear sightline to see the approaching buses,No - the seating is too small to sit comfortably ,"Yes – but faded, small, or difficult to read",Yes – but information seems outdated or unreliable,Seating / bench,1,0,0,0,0,0,0,0,Compound Wall / Dead Edge - No activity near the stop,No advertisements,No,No,1000170082-16_36_21.jpg,https://kf.kobotoolbox.org/api/v2/assets/axZaE8YRFpZYaQWWvuZPyu/data/779516299/attachments/att4khYLrQpbpp4SQDREbhTE/,1000170083-16_36_26.jpg,https://kf.kobotoolbox.org/api/v2/assets/axZaE8YRFpZYaQWWvuZPyu/data/779516299/attachments/attqaB5QEXJY75kdsQRMhJzn/,1000170084-16_36_31.jpg,https://kf.kobotoolbox.org/api/v2/assets/axZaE8YRFpZYaQWWvuZPyu/data/779516299/attachments/attXqEThddHWrTYuQiBQSpPV/,1000170085-16_36_36.jpg,https://kf.kobotoolbox.org/api/v2/assets/axZaE8YRFpZYaQWWvuZPyu/data/779516299/attachments/attJjQm6S2hiUFvtuyKWkfLf/,779516299,b4d37bbf-a931-4eb9-adf8-a0f9938ec9c7,2026-06-13T16:36:53+05:30,,,submitted_via_web,v73kjXt7geHumXyTDeh2CX,,uuid:b4d37bbf-a931-4eb9-adf8-a0f9938ec9c7,26,Chennai,Chennai,13.118924,80.242586,device_gps,OK,False,True,True,2,False,False,0,True,True,False,2,False,True,,1,False,True,1,False,True,False,True,2,True,True,2,Poor,True,True,True,True,True,5,Low Activity / Dead Edge,4,8,14
2026-06-13T17:40:09.011000+05:30,2026-06-13T17:49:06.956000+05:30,2026-06-13T17:46:00+05:30,Fire station Bus stand Vysarpadi,13.113862 80.255298 -66.9000015258789 15.918000221252441,13.113862,80.255298,-66.90000153,15.91800022,,Stainless Steel Bus Shelter,Severely Damaged / Unusable,,1,0,0,,0,0,0,,1 - this is a standalone shelter ,Bus stop not clearly marked,0,0,1,0,,"Footpath is walkable and free of encroachment like parking, vendors, utility boxes, garbage, etc",0,1,0,0,0,0,0,,"Partially encroached – e.g., vendors, parked two-wheelers, auto-rickshaws, construction material","Yes – signs of standing water, algae, or drainage issues visible",Unable to assess (audit done only in daytime),No – overcrowded or high number of people standing on the road,No – The roof is too damaged or broken to provide shelter,Partial – some shade but insufficient,"Yes – lit by nearby street lights, shop fronts, or advertisement boards","No – sightline is blocked (by structure, advertisement boards, trees, or parked vehicles)",No - the seating is too small to sit comfortably ,No – name is missing,Yes – but information seems outdated or unreliable,Seating / bench,1,0,0,0,0,0,0,0,"Mostly commercial - Retail shops. restaurants, cafes, markets, etc",Yes – advertisements present but passenger information is still clearly visible,No,No,1000170111-17_48_35.jpg,https://kf.kobotoolbox.org/api/v2/assets/axZaE8YRFpZYaQWWvuZPyu/data/779568177/attachments/atteotGZ977o2TjTiS6Qg2zo/,1000170112-17_48_38.jpg,https://kf.kobotoolbox.org/api/v2/assets/axZaE8YRFpZYaQWWvuZPyu/data/779568177/attachments/att6Uj6bKPbx9JqhZaaDCHk2/,1000170114-17_48_42.jpg,https://kf.kobotoolbox.org/api/v2/assets/axZaE8YRFpZYaQWWvuZPyu/data/779568177/attachments/attHQ8G8LDUiLZSi8PJybkEY/,1000170113-17_48_45.jpg,https://kf.kobotoolbox.org/api/v2/assets/axZaE8YRFpZYaQWWvuZPyu/data/779568177/attachments/att7k5zvABRHXquQBA3JJ8K2/,779568177,65e7615e-ce5b-4840-b082-f01eceb7a999,2026-06-13T17:49:10+05:30,,,submitted_via_web,v73kjXt7geHumXyTDeh2CX,,uuid:65e7615e-ce5b-4840-b082-f01eceb7a999,33,Chennai,Chennai,13.113862,80.255298,device_gps,OK,False,True,True,2,False,False,0,True,True,True,3,True,True,,2,True,True,2,True,False,False,True,2,True,True,2,Poor,True,True,True,True,True,5,Commercial,6,11,1
2026-06-13T17:36:32.046000+05:30,2026-06-13T17:49:25.419000+05:30,2026-06-13T17:43:00+05:30,புளியந்தோப்பு காவல் நிலையம் p1,13.100537 80.259918 -67.9000015258789 19.937999725341797,13.100537,80.259918,-67.90000153,19.93799973,,Stainless Steel Bus Shelter,Satisfactory – minor wear/dusty but usable,,1,0,0,,0,0,0,,2,Away from the bus stop – buses stop before or beyond the shelter/marked location,0,1,0,0,,"Footpath is walkable and free of encroachment like parking, vendors, utility boxes, garbage, etc Pedestrian crossing at/close to the bus stop to cross the road?",0,1,0,0,0,1,0,,"Partially encroached – e.g., vendors, parked two-wheelers, auto-rickshaws, construction material","Yes – signs of standing water, algae, or drainage issues visible","Somewhat safe – some concerns (e.g., poor visibility, isolated location)",No – overcrowded or high number of people standing on the road,"Yes – but the roof is inadequate (too tall, too small, gaps, or partial coverage)",Yes - from both bus shelter AND trees,"Yes – lit by nearby street lights, shop fronts, or advertisement boards",Yes – clear sightline to see the approaching buses,No - the seating is too small to sit comfortably ,"Yes – but faded, small, or difficult to read",Yes – but information seems outdated or unreliable,Sufficient seating for the number of people typically waiting Dustbin / waste bin,0,1,1,0,0,0,0,0,"Mostly commercial - Retail shops. restaurants, cafes, markets, etc",Yes – advertisements present but passenger information is still clearly visible,No,No,17813524535582399355396673059701-17_38_6.jpg,https://kf.kobotoolbox.org/api/v2/assets/axZaE8YRFpZYaQWWvuZPyu/data/779568427/attachments/attDmyb7jUdmE8ELtFvrUiU4/,17813527152096254079512666924400-17_42_15.jpg,https://kf.kobotoolbox.org/api/v2/assets/axZaE8YRFpZYaQWWvuZPyu/data/779568427/attachments/attqkZDrX4r4C9WyxoVXCb9J/,,,,,779568427,5f9b744b-bc95-4028-b4fa-516d045c595b,2026-06-13T17:49:29+05:30,,,submitted_via_web,v73kjXt7geHumXyTDeh2CX,,uuid:5f9b744b-bc95-4028-b4fa-516d045c595b,34,Chennai,Chennai,13.100537,80.259918,device_gps,OK,False,False,False,0,False,False,0,False,True,False,1,True,True,,2,True,True,2,False,True,False,True,2,True,True,2,Poor,False,True,True,True,True,4,Commercial,4,7,42
2026-06-13T17:49:25.674000+05:30,2026-06-13T17:58:07.355000+05:30,2026-06-13T17:53:00+05:30,ஆடுத்தொட்டி,13.104621 80.261013 -68.5 77.5999984741211,13.104621,80.261013,-68.5,77.59999847,,Stainless Steel Bus Shelter,Severely Damaged / Unusable,,0,0,1,,0,0,0,,1 - this is a standalone shelter ,Away from the bus stop – buses stop before or beyond the shelter/marked location Bus stop not clearly marked,0,1,1,0,,"Footpath available to reach the bus stop from both directions Ramp is in usable condition (not too steep, not broken, nor blocked) Tactile paving for visually impaired users Pedestrian crossing at/close to the bus stop to cross the road?",1,0,0,1,1,1,0,,Heavily encroached – the stop is largely unusable because of obstructions,"Yes – signs of standing water, algae, or drainage issues visible","Unsafe – poorly lit, isolated, or has a history of feeling threatening",No – overcrowded or high number of people standing on the road,No – The roof is too damaged or broken to provide shelter,Partial – some shade but insufficient,No – inadequate or no lighting at all,"No – sightline is blocked (by structure, advertisement boards, trees, or parked vehicles)",No - poor back support / posture,"Yes – but faded, small, or difficult to read",No information displayed at all,Seating / bench,1,0,0,0,0,0,0,0,"Mostly commercial - Retail shops. restaurants, cafes, markets, etc",No advertisements,No,No,17813532544475418766505229053830-17_51_37.jpg,https://kf.kobotoolbox.org/api/v2/assets/axZaE8YRFpZYaQWWvuZPyu/data/779574926/attachments/attajfy5rtzyXsxzw27ydT2S/,178135331855612359576489856953-17_52_22.jpg,https://kf.kobotoolbox.org/api/v2/assets/axZaE8YRFpZYaQWWvuZPyu/data/779574926/attachments/attG7YHHXYzk49ih7RXMBXEC/,17813533470787192131134771343145-17_52_34.jpg,https://kf.kobotoolbox.org/api/v2/assets/axZaE8YRFpZYaQWWvuZPyu/data/779574926/attachments/att4LvZJVXmQzMiPwmGR2bkA/,17813533593891967167005653336011-17_52_49.jpg,https://kf.kobotoolbox.org/api/v2/assets/axZaE8YRFpZYaQWWvuZPyu/data/779574926/attachments/attEYuuTkbGjndeHXP9Mg6QV/,779574926,9a0757b7-3f1e-4a68-a896-296137061ec3,2026-06-13T17:58:13+05:30,,,submitted_via_web,v73kjXt7geHumXyTDeh2CX,,uuid:9a0757b7-3f1e-4a68-a896-296137061ec3,36,Chennai,Chennai,13.104621,80.261013,device_gps,OK,False,True,True,2,False,False,0,True,True,True,3,True,True,,2,True,True,2,False,True,True,False,2,True,True,2,Poor,True,True,True,True,True,5,Commercial,6,11,1
2026-06-13T17:58:07.789000+05:30,2026-06-13T18:14:09.475000+05:30,2026-06-13T18:10:00+05:30,கணேசபுரம்,13.109741 80.259329 -64.60000610351562 24.326000213623047,13.109741,80.259329,-64.6000061,24.32600021,,Stainless Steel Bus Shelter,Satisfactory – minor wear/dusty but usable,,0,1,0,,0,0,0,,1 - this is a standalone shelter ,Away from the bus stop – buses stop before or beyond the shelter/marked location,0,1,0,0,,"Footpath is walkable and free of encroachment like parking, vendors, utility boxes, garbage, etc Ramp for wheelchair users to access the bus stop Ramp is in usable condition (not too steep, not broken, nor blocked)",0,1,1,1,0,0,0,,"Partially encroached – e.g., vendors, parked two-wheelers, auto-rickshaws, construction material","Yes – signs of standing water, algae, or drainage issues visible","Unsafe – poorly lit, isolated, or has a history of feeling threatening",No – overcrowded or high number of people standing on the road,No – The roof is too damaged or broken to provide shelter,Partial – some shade but insufficient,No – inadequate or no lighting at all,"No – sightline is blocked (by structure, advertisement boards, trees, or parked vehicles)",No - the seating is too small to sit comfortably ,"Yes – but faded, small, or difficult to read",Yes – but information seems outdated or unreliable,Seating / bench,1,0,0,0,0,0,0,0,"Mostly commercial - Retail shops. restaurants, cafes, markets, etc",Yes – advertisements present but passenger information is still clearly visible,No,No,17813543103207596639055447011541-18_8_50.jpg,https://kf.kobotoolbox.org/api/v2/assets/axZaE8YRFpZYaQWWvuZPyu/data/779586952/attachments/atti7qr2iGG83SPRyaXpH3JS/,,,,,,,779586952,7d5421cc-14f7-452e-bb31-1dc89ec3c337,2026-06-13T18:14:13+05:30,,,submitted_via_web,v73kjXt7geHumXyTDeh2CX,,uuid:7d5421cc-14f7-452e-bb31-1dc89ec3c337,38,Chennai,Chennai,13.109741,80.259329,device_gps,OK,False,True,True,2,False,False,0,True,True,True,3,True,True,,2,True,True,2,False,True,False,True,2,True,True,2,Poor,True,True,True,True,True,5,Commercial,6,11,1
2026-06-13T18:14:09.704000+05:30,2026-06-13T18:31:40.433000+05:30,2026-06-13T18:28:00+05:30,தீயணைப்பு நிலையம் வியாசர்பாடி,13.113845 80.25545 -66.80000305175781 16.601999282836914,13.113845,80.25545,-66.80000305,16.60199928,,Stainless Steel Bus Shelter,Unclean/Poorly Maintained,,0,1,0,,0,0,0,,1 - this is a standalone shelter ,Away from the bus stop – buses stop before or beyond the shelter/marked location,0,1,0,0,,"Footpath is walkable and free of encroachment like parking, vendors, utility boxes, garbage, etc Tactile paving for visually impaired users",0,1,0,0,1,0,0,,"Partially encroached – e.g., vendors, parked two-wheelers, auto-rickshaws, construction material","Yes – signs of standing water, algae, or drainage issues visible","Somewhat safe – some concerns (e.g., poor visibility, isolated location)",No – overcrowded or high number of people standing on the road,"Yes – but the roof is inadequate (too tall, too small, gaps, or partial coverage)",Yes - from both bus shelter AND trees,Partially – some light but insufficient,Yes – clear sightline to see the approaching buses,No - the seating is too small to sit comfortably ,"Yes – but faded, small, or difficult to read",Yes – but information seems outdated or unreliable,Seating / bench Dustbin / waste bin,1,0,1,0,0,0,0,0,"Mostly commercial - Retail shops. restaurants, cafes, markets, etc",Yes – advertisements present but passenger information is still clearly visible,No,No,17813555806585987469570791518758-18_29_54.jpg,https://kf.kobotoolbox.org/api/v2/assets/axZaE8YRFpZYaQWWvuZPyu/data/779597903/attachments/attaGDa7mD7T5uNd6WzSYz5o/,17813556099696769475685013347263-18_30_18.jpg,https://kf.kobotoolbox.org/api/v2/assets/axZaE8YRFpZYaQWWvuZPyu/data/779597903/attachments/attPixvzsQVeVG7gzwUe8Ccr/,17813556259544131701271635118299-18_30_32.jpg,https://kf.kobotoolbox.org/api/v2/assets/axZaE8YRFpZYaQWWvuZPyu/data/779597903/attachments/attTqEpXrvCrjAv7FRBXk7AY/,,,779597903,1b6f9a28-9154-47fa-a288-c9b661dcd13b,2026-06-13T18:31:45+05:30,,,submitted_via_web,v73kjXt7geHumXyTDeh2CX,,uuid:1b6f9a28-9154-47fa-a288-c9b661dcd13b,39,Chennai,Chennai,13.113845,80.25545,device_gps,OK,False,False,False,0,False,False,0,True,True,False,2,True,True,,2,True,True,2,False,True,False,True,2,True,True,2,Poor,False,True,True,True,True,4,Commercial,4,8,14
2026-06-14T19:10:08.268000+05:30,2026-06-14T19:35:37.517000+05:30,2026-06-14T07:30:00+05:30,Aminjikarai Tollgate Bus Stop - Towards Koyambedu,13.074949 80.230643 0 0,13.074949,80.230643,0.0,0.0,,Stainless Steel Bus Shelter,Unclean/Poorly Maintained,,1,1,1,,0,0,0,,1 - this is a standalone shelter ,At the bus stop – buses pull up to the shelter/marked stop,1,0,0,0,,Pedestrian crossing at/close to the bus stop to cross the road?,0,0,0,0,0,1,0,,"Partially encroached – e.g., vendors, parked two-wheelers, auto-rickshaws, construction material",No – area appears well-drained,"Somewhat safe – some concerns (e.g., poor visibility, isolated location)",No – overcrowded or high number of people standing on the road,"Yes – but the roof is inadequate (too tall, too small, gaps, or partial coverage)",Partial – some shade but insufficient,Unsure / Not observed,Yes – clear sightline to see the approaching buses,"Yes - the seating is of the right height, width, and depth to sit comfortably while waiting for the bus",No – name is missing,No information displayed at all,Seating / bench,1,0,0,0,0,0,0,0,"Mixed Use - A mix of commercial/residential/office, etc",Yes – advertisements dominate; passenger information is secondary,Encroachments block access to footpath,1. Need Proper Passenger information 2. Need footpath,Aminjikarai Tollgate Bus Stop - Towards Koyambedu Partial Front view -19_34_57.jpg,https://kf.kobotoolbox.org/api/v2/assets/axZaE8YRFpZYaQWWvuZPyu/data/780246803/attachments/att27cXsNeDZ4ub6Db8uHnM8/,Aminjikarai Tollgate Bus Stop - Side View-19_35_6.jpg,https://kf.kobotoolbox.org/api/v2/assets/axZaE8YRFpZYaQWWvuZPyu/data/780246803/attachments/att4qHndf7hmsz6CuBT7PHJ8/,Aminjikarai Tollgate Bus Stop - Van encroaching access-19_35_15.jpg,https://kf.kobotoolbox.org/api/v2/assets/axZaE8YRFpZYaQWWvuZPyu/data/780246803/attachments/attPHqkyuxnRE39BfCNEfTee/,,,780246803,7259e9c2-a655-4eef-ac24-9c9fba7542a6,2026-06-14T19:35:41+05:30,,,submitted_via_web,v73kjXt7geHumXyTDeh2CX,,uuid:7259e9c2-a655-4eef-ac24-9c9fba7542a6,46,Chennai,Chennai,13.074949,80.230643,device_gps,OK,False,False,True,1,False,False,0,True,False,False,1,True,True,,2,False,True,1,True,False,True,False,2,True,True,2,Poor,True,True,True,True,True,5,Mixed Use,4,7,42
2026-06-14T21:11:21.330000+05:30,2026-06-14T21:25:37.624000+05:30,2026-06-14T08:30:00+05:30,LB Road Jayanthi Theare Bus Stop _ Indira Nagar side,,,,,,,Stainless Steel Bus Shelter,Satisfactory – minor wear/dusty but usable,,0,1,0,,0,0,0,,1 - this is a standalone shelter ,Away from the bus stop – buses stop before or beyond the shelter/marked location,0,1,0,0,,None of the above,0,0,0,0,0,0,1,,"Partially encroached – e.g., vendors, parked two-wheelers, auto-rickshaws, construction material",No – area appears well-drained,"Safe – well-lit, visible, and active surroundings",No – overcrowded or high number of people standing on the road,"Yes – but the roof is inadequate (too tall, too small, gaps, or partial coverage)",Partial – some shade but insufficient,Yes – the bus shelter itself has a working light,"No – sightline is blocked (by structure, advertisement boards, trees, or parked vehicles)","Yes - the seating is of the right height, width, and depth to sit comfortably while waiting for the bus","Yes – but faded, small, or difficult to read",No information displayed at all,Seating / bench,1,0,0,0,0,0,0,0,"Mostly commercial - Retail shops. restaurants, cafes, markets, etc",Yes – advertisements dominate; passenger information is secondary,"A large tree in ahead of the bus stop  blinks the vision. So people stand ahead of the bust stop. Because if these issues thd busex ALWAYS stop about 50 M ahead of the bus stop. Also because of this, the bus stops at least 3_ 4 m from the platform and blinds the heavy traffic",Strict Instructions to the driver to stop only at thd bus stop instead of ahead of the bus stop.,1000251454-21_23_59.jpg,https://kf.kobotoolbox.org/api/v2/assets/axZaE8YRFpZYaQWWvuZPyu/data/780300944/attachments/attZmwS5wGbwMh2Giyh5x7w9/,1000251440-21_24_25.jpg,https://kf.kobotoolbox.org/api/v2/assets/axZaE8YRFpZYaQWWvuZPyu/data/780300944/attachments/attqq2DpfHHANeJKpwkBQHNx/,1000251430-21_24_58.jpg,https://kf.kobotoolbox.org/api/v2/assets/axZaE8YRFpZYaQWWvuZPyu/data/780300944/attachments/attRPwN8VnZ67YYGtSP8sAKU/,1000251436-21_25_21.jpg,https://kf.kobotoolbox.org/api/v2/assets/axZaE8YRFpZYaQWWvuZPyu/data/780300944/attachments/att495GgNbhCtvFZqA5nDBpN/,780300944,220dabd4-c967-4f08-87bf-be559b0ff4b9,2026-06-14T21:25:50+05:30,,,submitted_via_web,v73kjXt7geHumXyTDeh2CX,,uuid:220dabd4-c967-4f08-87bf-be559b0ff4b9,50,Chennai,Chennai,12.988942,80.255845,manual_lookup,OK,False,False,True,1,False,False,0,True,False,True,2,True,True,,2,False,True,1,False,True,True,False,2,True,True,2,Poor,True,True,True,True,True,5,Commercial,4,8,14
2026-06-14T21:43:29.668000+05:30,2026-06-14T21:54:39.975000+05:30,2026-06-14T08:30:00+05:30,Tiruvanmiyur Main Bus Stop,,,,,,,Stainless Steel Bus Shelter,Satisfactory – minor wear/dusty but usable,,0,1,0,,0,0,0,,3,Away from the bus stop – buses stop before or beyond the shelter/marked location,0,1,0,0,,None of the above,0,0,0,0,0,0,1,,Heavily encroached – the stop is largely unusable because of obstructions,No – area appears well-drained,"Safe – well-lit, visible, and active surroundings",Yes – adequate space for passengers,Yes – roof is intact and effective,Yes – sufficient shade from the bus shelter,"Yes – lit by nearby street lights, shop fronts, or advertisement boards","No – sightline is blocked (by structure, advertisement boards, trees, or parked vehicles)",No - the seating is too small to sit comfortably ,"Yes – but faded, small, or difficult to read",No information displayed at all,Seating / bench Sufficient seating for the number of people typically waiting,1,1,0,0,0,0,0,0,"Mixed Use - A mix of commercial/residential/office, etc",Yes – advertisements dominate; passenger information is secondary,"This is a new bust stop, created as Thiruvanmiyur Bus Terminus is being rebuilt. So busses ard parked on both sides. Very difficult fir yhe hus to stop near the designated bus stop as many buses use thecriad as 'terminus'",Tiruvanmiyur Terminus renovation work should be speeded up. Meanwhile a study should be made to reduce the chaos,1000251421-21_53_22.jpg,https://kf.kobotoolbox.org/api/v2/assets/axZaE8YRFpZYaQWWvuZPyu/data/780316442/attachments/attcqJNwommYpvjoWTMoE4hU/,1000251409-21_53_43.jpg,https://kf.kobotoolbox.org/api/v2/assets/axZaE8YRFpZYaQWWvuZPyu/data/780316442/attachments/attnZmagcEFQ8WFuensbxGR7/,1000251475-21_54_12.jpg,https://kf.kobotoolbox.org/api/v2/assets/axZaE8YRFpZYaQWWvuZPyu/data/780316442/attachments/attTDQws6mUEtuG6t7JxH7he/,1000251410-21_54_37.jpg,https://kf.kobotoolbox.org/api/v2/assets/axZaE8YRFpZYaQWWvuZPyu/data/780316442/attachments/attgZJYQWcuYgUSZWLxu9f29/,780316442,90b409db-9bb5-4ca1-b2a8-020e588bf9fe,2026-06-14T21:54:43+05:30,,,submitted_via_web,v73kjXt7geHumXyTDeh2CX,,uuid:90b409db-9bb5-4ca1-b2a8-020e588bf9fe,53,Chennai,Chennai,12.986403,80.257875,manual_lookup,OK,False,False,False,0,False,False,0,False,True,True,2,True,True,,2,False,True,1,False,True,True,False,2,True,True,2,Poor,True,True,True,True,True,5,Mixed Use,3,7,42
2026-06-15T18:40:23.720000+05:30,2026-06-15T18:47:59.428000+05:30,2026-06-15T18:40:00+05:30,Massodhi,13.080845 80.180743 -59.70000076293945 7.800000190734863,13.080845,80.180743,-59.70000076,7.800000191,,Concrete/Masonry Bus Shelter,Satisfactory – minor wear/dusty but usable,,0,1,0,,0,0,0,,1 - this is a standalone shelter ,At the bus stop – buses pull up to the shelter/marked stop,1,0,0,0,,None of the above,0,0,0,0,0,0,1,,"Partially encroached – e.g., vendors, parked two-wheelers, auto-rickshaws, construction material","Yes – signs of standing water, algae, or drainage issues visible","Somewhat safe – some concerns (e.g., poor visibility, isolated location)",No – overcrowded or high number of people standing on the road,No – The roof is too damaged or broken to provide shelter,Partial – some shade but insufficient,No – inadequate or no lighting at all,"No – sightline is blocked (by structure, advertisement boards, trees, or parked vehicles)",No - poor back support / posture,No – name is missing,No information displayed at all,Seating / bench,1,0,0,0,0,0,0,0,"Mixed Use - A mix of commercial/residential/office, etc",Yes – advertisements dominate; passenger information is secondary,No information about anything,No information is there . People have encroached. Need to be rebuilt fully,1000475704-18_47_45.jpg,https://kf.kobotoolbox.org/api/v2/assets/axZaE8YRFpZYaQWWvuZPyu/data/781101342/attachments/att732YxZakaD7VjWb9H9DpC/,1000475702-18_47_51.jpg,https://kf.kobotoolbox.org/api/v2/assets/axZaE8YRFpZYaQWWvuZPyu/data/781101342/attachments/attPDRhXtJ6bDyeznqxo4txa/,1000475700-18_47_56.jpg,https://kf.kobotoolbox.org/api/v2/assets/axZaE8YRFpZYaQWWvuZPyu/data/781101342/attachments/attyuZf6TBWS35FeJVmpGFMw/,,,781101342,ad34623e-4005-4676-82b4-2cc22b60f246,2026-06-15T18:48:10+05:30,,,submitted_via_web,v73kjXt7geHumXyTDeh2CX,,uuid:ad34623e-4005-4676-82b4-2cc22b60f246,63,Chennai,Chennai,13.080845,80.180743,device_gps,OK,False,True,True,2,False,False,0,True,True,True,3,True,True,,2,True,True,2,True,False,True,False,2,True,True,2,Poor,True,True,True,True,True,5,Mixed Use,6,11,1
2026-06-16T18:33:05.628000+05:30,2026-06-16T18:44:07.332000+05:30,2026-06-16T18:37:00+05:30,Church road,13.080412 80.180309 -60.10000228881836 18.66200065612793,13.080412,80.180309,-60.10000229,18.66200066,,Stainless Steel Bus Shelter, Clean and Well Maintained,,0,1,0,,0,0,0,,1 - this is a standalone shelter ,At the bus stop – buses pull up to the shelter/marked stop,1,0,0,0,,Ramp for wheelchair users to access the bus stop,0,0,1,0,0,0,0,,"Partially encroached – e.g., vendors, parked two-wheelers, auto-rickshaws, construction material",Unsure,"Somewhat safe – some concerns (e.g., poor visibility, isolated location)",No – overcrowded or high number of people standing on the road,Yes – roof is intact and effective,Partial – some shade but insufficient,Yes – the bus shelter itself has a working light,Yes – clear sightline to see the approaching buses,"Yes - the seating is of the right height, width, and depth to sit comfortably while waiting for the bus","Yes – but faded, small, or difficult to read",No information displayed at all,Seating / bench,1,0,0,0,0,0,0,0,"Mixed Use - A mix of commercial/residential/office, etc",Yes – advertisements dominate; passenger information is secondary,"Ramp blocked by vendors , ramp damaged","At the junction of fours roads bit difficult for people to judge nd use, electricity board something at the back",1000476172-18_41_57.jpg,https://kf.kobotoolbox.org/api/v2/assets/axZaE8YRFpZYaQWWvuZPyu/data/782127368/attachments/attbxsyncY69pdcv5SzadCC8/,1000476173-18_42_5.jpg,https://kf.kobotoolbox.org/api/v2/assets/axZaE8YRFpZYaQWWvuZPyu/data/782127368/attachments/attAjLSK6kWTX2SWPFSeNbGE/,1000476184-18_42_12.jpg,https://kf.kobotoolbox.org/api/v2/assets/axZaE8YRFpZYaQWWvuZPyu/data/782127368/attachments/attYumaEGJw97Zso6gwTCtUZ/,,,782127368,79fb767a-3dc3-494c-a8a3-ddc202e7c413,2026-06-16T18:44:10+05:30,,,submitted_via_web,v73kjXt7geHumXyTDeh2CX,,uuid:79fb767a-3dc3-494c-a8a3-ddc202e7c413,65,Chennai,Chennai,13.080412,80.180309,device_gps,OK,False,False,True,1,False,False,0,True,False,False,1,True,True,,2,False,True,1,False,True,True,False,2,True,True,2,Poor,True,True,True,True,True,5,Mixed Use,4,7,42
2026-06-16T18:54:14.843000+05:30,2026-06-16T19:06:17.617000+05:30,2026-06-16T19:04:00+05:30,மூலகொத்தளம்,13.104507 80.275909 -69.10000610351562 23.6560001373291,13.104507,80.275909,-69.1000061,23.65600014,,Stainless Steel Bus Shelter,Satisfactory – minor wear/dusty but usable,,1,1,0,,0,0,0,,2,Away from the bus stop – buses stop before or beyond the shelter/marked location,0,1,0,0,,Footpath available to reach the bus stop from both directions Pedestrian crossing at/close to the bus stop to cross the road?,1,0,0,0,0,1,0,,"Partially encroached – e.g., vendors, parked two-wheelers, auto-rickshaws, construction material",No – area appears well-drained,"Somewhat safe – some concerns (e.g., poor visibility, isolated location)",Yes – adequate space for passengers,"Yes – but the roof is inadequate (too tall, too small, gaps, or partial coverage)",Yes - sufficient shade from surrounding trees,"Yes – lit by nearby street lights, shop fronts, or advertisement boards",Yes – clear sightline to see the approaching buses,No - the seating is too small to sit comfortably ,"Yes – but faded, small, or difficult to read",Yes – but information seems outdated or unreliable,Seating / bench Dustbin / waste bin,1,0,1,0,0,0,0,0,Other,No advertisements,No,No,17816168143838136111303229937375-19_3_43.jpg,https://kf.kobotoolbox.org/api/v2/assets/axZaE8YRFpZYaQWWvuZPyu/data/782161421/attachments/attmetz4NekezBeiwQQZ2FUG/,17816168487493310944430212287021-19_4_22.jpg,https://kf.kobotoolbox.org/api/v2/assets/axZaE8YRFpZYaQWWvuZPyu/data/782161421/attachments/attUNWGwjpNTcQCoPEDdNZPg/,,,,,782161421,1da024fb-d79f-4e3e-a496-fdcc17dbfe81,2026-06-16T19:06:22+05:30,,,submitted_via_web,v73kjXt7geHumXyTDeh2CX,,uuid:1da024fb-d79f-4e3e-a496-fdcc17dbfe81,70,Chennai,Chennai,13.104507,80.275909,device_gps,OK,False,False,False,0,False,False,0,True,True,False,2,True,True,,2,False,True,1,False,True,False,True,2,True,True,2,Poor,False,True,True,True,True,4,Other,3,7,42
2026-06-16T19:06:17.894000+05:30,2026-06-16T19:19:57.466000+05:30,2026-06-16T19:12:00+05:30,Wall tax road depot,13.102065 80.274289 -66.20000457763672 41.744998931884766,13.102065,80.274289,-66.20000458,41.74499893,,Stainless Steel Bus Shelter,Unclean/Poorly Maintained,,1,1,0,,0,0,0,,1 - this is a standalone shelter ,Away from the bus stop – buses stop before or beyond the shelter/marked location,0,1,0,0,,Pedestrian crossing at/close to the bus stop to cross the road?,0,0,0,0,0,1,0,," Yes – fully accessible, no obstructions","Yes – signs of standing water, algae, or drainage issues visible","Somewhat safe – some concerns (e.g., poor visibility, isolated location)",No – overcrowded or high number of people standing on the road,"Yes – but the roof is inadequate (too tall, too small, gaps, or partial coverage)",Partial – some shade but insufficient,Partially – some light but insufficient,"No – sightline is blocked (by structure, advertisement boards, trees, or parked vehicles)",No - the seating is too small to sit comfortably ,Yes – name is prominently visible and legible,Yes – route list is prominently displayed and appears current,Seating / bench Dustbin / waste bin,1,0,1,0,0,0,0,0,"Mostly commercial - Retail shops. restaurants, cafes, markets, etc",Yes – advertisements dominate; passenger information is secondary,No,Mo,17816177748536520098211941259242-19_19_43.jpg,https://kf.kobotoolbox.org/api/v2/assets/axZaE8YRFpZYaQWWvuZPyu/data/782184065/attachments/attYrDj3bFgEGgEzLguoegja/,17816177608328001851179149831936-19_19_28.jpg,https://kf.kobotoolbox.org/api/v2/assets/axZaE8YRFpZYaQWWvuZPyu/data/782184065/attachments/attgtAax8CDrSp8a5Df7k2mg/,17816177880215444600076866565253-19_19_54.jpg,https://kf.kobotoolbox.org/api/v2/assets/axZaE8YRFpZYaQWWvuZPyu/data/782184065/attachments/attCzyYznpHmnQf43bvmJiPb/,,,782184065,41c62b22-78c9-4891-ae12-2c74676ce8a4,2026-06-16T19:20:06+05:30,,,submitted_via_web,v73kjXt7geHumXyTDeh2CX,,uuid:41c62b22-78c9-4891-ae12-2c74676ce8a4,75,Chennai,Chennai,13.102065,80.274289,device_gps,OK,False,False,True,1,False,False,0,True,True,True,3,True,True,,2,True,True,2,False,False,False,False,0,False,False,0,Good,False,True,True,True,True,4,Commercial,5,8,14
2026-06-16T19:21:33.522000+05:30,2026-06-16T19:35:38.525000+05:30,2026-06-16T19:30:00+05:30,Jj east junction,13.08748 80.188145 -59.20000076293945 15.71500015258789,13.08748,80.188145,-59.20000076,15.71500015,,Concrete/Masonry Bus Shelter,Unclean/Poorly Maintained,,0,1,0,,0,0,0,,1 - this is a standalone shelter ,At the bus stop – buses pull up to the shelter/marked stop Away from the bus stop – buses stop before or beyond the shelter/marked location,1,1,0,0,,"Footpath is walkable and free of encroachment like parking, vendors, utility boxes, garbage, etc Pedestrian crossing at/close to the bus stop to cross the road?",0,1,0,0,0,1,0,,"Partially encroached – e.g., vendors, parked two-wheelers, auto-rickshaws, construction material","Yes – signs of standing water, algae, or drainage issues visible","Unsafe – poorly lit, isolated, or has a history of feeling threatening",No – overcrowded or high number of people standing on the road,"Yes – but the roof is inadequate (too tall, too small, gaps, or partial coverage)",Partial – some shade but insufficient,Partially – some light but insufficient,"No – sightline is blocked (by structure, advertisement boards, trees, or parked vehicles)",No - poor back support / posture,No – name is missing,No information displayed at all,Seating / bench Dustbin / waste bin,1,0,1,0,0,0,0,0,"Mostly commercial - Retail shops. restaurants, cafes, markets, etc",Yes – advertisements dominate; passenger information is secondary,Need to be fully rebuilt,,1000476222-19_34_36.jpg,https://kf.kobotoolbox.org/api/v2/assets/axZaE8YRFpZYaQWWvuZPyu/data/782211257/attachments/attn6dGxrA5pzJ3hpAidokqN/,1000476223-19_34_41.jpg,https://kf.kobotoolbox.org/api/v2/assets/axZaE8YRFpZYaQWWvuZPyu/data/782211257/attachments/attAtMPVHwySP3viUhPWwYNa/,1000476224-19_34_45.jpg,https://kf.kobotoolbox.org/api/v2/assets/axZaE8YRFpZYaQWWvuZPyu/data/782211257/attachments/attb72aNPaHnDeLC6hmyqc5Q/,,,782211257,6ac98f38-59b1-4e0c-8a4c-59d0bfaf8fdc,2026-06-16T19:35:42+05:30,,,submitted_via_web,v73kjXt7geHumXyTDeh2CX,,uuid:6ac98f38-59b1-4e0c-8a4c-59d0bfaf8fdc,78,Chennai,Chennai,13.08748,80.188145,device_gps,OK,False,False,True,1,False,False,0,True,True,True,3,True,True,,2,True,True,2,True,False,True,False,2,True,True,2,Poor,False,True,True,True,True,4,Commercial,5,10,5
2026-06-16T19:35:38.654000+05:30,2026-06-16T20:02:14.876000+05:30,2026-06-16T19:57:00+05:30,Jj nagar East bus stop,13.080705 80.18117 -60.30000305175781 4.800000190734863,13.080705,80.18117,-60.30000305,4.800000191,,Concrete/Masonry Bus Shelter,Unclean/Poorly Maintained,,0,1,0,,0,0,0,,1 - this is a standalone shelter ,Away from the bus stop – buses stop before or beyond the shelter/marked location,0,1,0,0,,None of the above,0,0,0,0,0,0,1,,"Partially encroached – e.g., vendors, parked two-wheelers, auto-rickshaws, construction material","Yes – signs of standing water, algae, or drainage issues visible","Unsafe – poorly lit, isolated, or has a history of feeling threatening",Unsure,"Yes – but the roof is inadequate (too tall, too small, gaps, or partial coverage)",Partial – some shade but insufficient,No – inadequate or no lighting at all,"No – sightline is blocked (by structure, advertisement boards, trees, or parked vehicles)",No - poor back support / posture,No – name is missing,No information displayed at all,Seating / bench,1,0,0,0,0,0,0,0,"Mostly commercial - Retail shops. restaurants, cafes, markets, etc",No advertisements,Need to renovate,,1000476232-20_0_42.jpg,https://kf.kobotoolbox.org/api/v2/assets/axZaE8YRFpZYaQWWvuZPyu/data/782254387/attachments/atts95ZergbdmhYAGXAkofZc/,1000476230-20_0_48.jpg,https://kf.kobotoolbox.org/api/v2/assets/axZaE8YRFpZYaQWWvuZPyu/data/782254387/attachments/atti6hXjPLUW47HqxNk3o7nT/,1000476229-20_0_53.jpg,https://kf.kobotoolbox.org/api/v2/assets/axZaE8YRFpZYaQWWvuZPyu/data/782254387/attachments/attVPcbDAwpfLKRe7GaZkGGm/,,,782254387,b904a31b-b4cc-4d29-aa11-2eedf15b1d94,2026-06-16T20:02:18+05:30,,,submitted_via_web,v73kjXt7geHumXyTDeh2CX,,uuid:b904a31b-b4cc-4d29-aa11-2eedf15b1d94,81,Chennai,Chennai,13.080705,80.18117,device_gps,OK,False,False,True,1,False,False,0,True,True,True,3,True,True,,2,True,True,2,True,False,True,False,2,True,True,2,Poor,True,True,True,True,True,5,Commercial,5,10,5
2026-06-18T19:31:30.812000+05:30,2026-06-18T20:01:10.509000+05:30,2026-06-18T19:31:00+05:30,Ekkatuthangal ( Towards Guindy),,,,,,https://maps.app.goo.gl/CqjmjD4Nc34keUJ58,Other Metal Bus Shelter (Other than Stainless Steel),Satisfactory – minor wear/dusty but usable,,1,0,0,,1,1,1,Yes - It's free of obstructions and feels safe to use,2,At the bus stop – buses pull up to the shelter/marked stop,1,0,0,0,,Footpath available to reach the bus stop from both directions Pedestrian crossing at/close to the bus stop to cross the road?,1,0,0,0,0,1,0,,"Partially encroached – e.g., vendors, parked two-wheelers, auto-rickshaws, construction material","Yes – signs of standing water, algae, or drainage issues visible","Safe – well-lit, visible, and active surroundings",Yes – adequate space for passengers,Yes – roof is intact and effective,Yes – sufficient shade from the bus shelter,Partially – some light but insufficient,"No – sightline is blocked (by structure, advertisement boards, trees, or parked vehicles)",No - the seating is too small to sit comfortably ,No – name is missing,No information displayed at all,Seating / bench,1,0,0,0,0,0,0,0,"Mostly commercial - Office buildings, malls, large stores, etc",No advertisements,In the big new bus stop there is no seats only the seating around piller which is not comfortable.Near small busstop only have some seats for sit.,"Name board, Light, Seats for sitting",1001063753-19_56_41.jpg,https://kf.kobotoolbox.org/api/v2/assets/axZaE8YRFpZYaQWWvuZPyu/data/784715297/attachments/att6JsN8oKCHbQ8yfJPYsCSG/,1001063756-19_56_47.jpg,https://kf.kobotoolbox.org/api/v2/assets/axZaE8YRFpZYaQWWvuZPyu/data/784715297/attachments/attQ8ziAVfzKJGywY8yJcK9v/,,,,,784715297,52dc441e-853b-4b01-b3b7-d99ea781b98d,2026-06-18T20:01:13+05:30,,,submitted_via_web,vWYt35PLUqbkm8oQynok35,,uuid:52dc441e-853b-4b01-b3b7-d99ea781b98d,111,Chennai,Chennai,13.01888,80.206291,gmaps_link,OK,False,False,False,0,False,False,0,True,True,True,3,False,False,,0,True,True,2,True,False,True,False,2,True,True,2,Poor,True,True,True,True,True,5,Commercial,2,7,42
2026-06-18T20:49:58.060000+05:30,2026-06-18T21:04:50.151000+05:30,2026-06-18T20:56:00+05:30,Todd Hunder nagar,,,,,,https://maps.app.goo.gl/yuwBzJvGQqfe7RF26?g_st=aw,Stainless Steel Bus Shelter, Clean and Well Maintained,,1,0,0,,0,0,0,,1 - this is a standalone shelter ,Away from the bus stop – buses stop before or beyond the shelter/marked location,0,1,0,0,,"Footpath is walkable and free of encroachment like parking, vendors, utility boxes, garbage, etc Pedestrian crossing at/close to the bus stop to cross the road?",0,1,0,0,0,1,0,," Yes – fully accessible, no obstructions",No – area appears well-drained,"Safe – well-lit, visible, and active surroundings",No – overcrowded or high number of people standing on the road,"Yes – but the roof is inadequate (too tall, too small, gaps, or partial coverage)",Partial – some shade but insufficient,Yes – the bus shelter itself has a working light,Yes – clear sightline to see the approaching buses,"Yes - the seating is of the right height, width, and depth to sit comfortably while waiting for the bus","Yes – but faded, small, or difficult to read",No information displayed at all,Seating / bench,1,0,0,0,0,0,0,0,"Mixed Use - A mix of commercial/residential/office, etc",Yes – advertisements dominate; passenger information is secondary,There are 2 bus selters in but not together and the another one is in very bad situation.,Digital board for know the buses and,1001063840-21_4_12.jpg,https://kf.kobotoolbox.org/api/v2/assets/axZaE8YRFpZYaQWWvuZPyu/data/784810909/attachments/att6uQxeJfwip4hbDhmjwbZL/,1001063841-21_4_17.jpg,https://kf.kobotoolbox.org/api/v2/assets/axZaE8YRFpZYaQWWvuZPyu/data/784810909/attachments/att4oDyzTd3Vd8Ziw9EYFdke/,1001063845-21_4_46.jpg,https://kf.kobotoolbox.org/api/v2/assets/axZaE8YRFpZYaQWWvuZPyu/data/784810909/attachments/attMmBK5ytqasjyz87RLhTi6/,,,784810909,5d12006e-b6f6-4148-8e39-978db44a33da,2026-06-18T21:04:53+05:30,,,submitted_via_web,vWYt35PLUqbkm8oQynok35,,uuid:5d12006e-b6f6-4148-8e39-978db44a33da,114,Chennai,Chennai,13.024412,80.228539,gmaps_link,OK,False,False,True,1,False,False,0,True,False,False,1,True,True,,2,False,True,1,False,True,True,False,2,True,True,2,Poor,True,True,True,True,True,5,Mixed Use,4,7,42
2026-06-20T11:35:36.097000+05:30,2026-06-20T11:47:36.433000+05:30,2026-06-20T11:36:00+05:30,மணலி,13.168894 80.257929 -65.9000015258789 23.167999267578125,13.168894,80.257929,-65.90000153,23.16799927,,Stainless Steel Bus Shelter,Unclean/Poorly Maintained,,1,0,0,,0,0,0,,1 - this is a standalone shelter ,At the bus stop – buses pull up to the shelter/marked stop Away from the bus stop – buses stop before or beyond the shelter/marked location,1,1,0,0,,"Footpath is walkable and free of encroachment like parking, vendors, utility boxes, garbage, etc",0,1,0,0,0,0,0,," Yes – fully accessible, no obstructions",Unsure,"Unsafe – poorly lit, isolated, or has a history of feeling threatening",Yes – adequate space for passengers,"Yes – but the roof is inadequate (too tall, too small, gaps, or partial coverage)",Partial – some shade but insufficient,Partially – some light but insufficient,"No – sightline is blocked (by structure, advertisement boards, trees, or parked vehicles)",No - the seating is too small to sit comfortably ,Yes – name is prominently visible and legible,Yes – route list is prominently displayed and appears current,Seating / bench,1,0,0,0,0,0,0,0,"Mostly commercial - Retail shops. restaurants, cafes, markets, etc",No advertisements,No,No,17819361845484251415344055650446-11_46_46.jpg,https://kf.kobotoolbox.org/api/v2/assets/axZaE8YRFpZYaQWWvuZPyu/data/786326974/attachments/att9Xs8Wc5oeAL5jRBP2Km4o/,17819361609957844923621459025969-11_46_10.jpg,https://kf.kobotoolbox.org/api/v2/assets/axZaE8YRFpZYaQWWvuZPyu/data/786326974/attachments/attx9JActYTPyAatVhCB9Uxx/,,,,,786326974,3e088370-df31-4ba6-b439-89d1d719fcc1,2026-06-20T11:47:40+05:30,,,submitted_via_web,vWYt35PLUqbkm8oQynok35,,uuid:3e088370-df31-4ba6-b439-89d1d719fcc1,123,Chennai,Chennai,13.168894,80.257929,device_gps,OK,False,False,True,1,False,False,0,True,True,True,3,True,True,,2,False,True,1,False,False,False,False,0,False,False,0,Good,True,True,True,True,True,5,Commercial,4,7,42
2026-06-20T12:05:58.320000+05:30,2026-06-20T12:22:41.797000+05:30,2026-06-20T12:13:00+05:30,மாத்தூர்,13.166883 80.245259 -64.4000015258789 19.091999053955078,13.166883,80.245259,-64.40000153,19.09199905,,Stainless Steel Bus Shelter,Satisfactory – minor wear/dusty but usable,,1,0,0,,0,0,0,,2,Away from the bus stop – buses stop before or beyond the shelter/marked location Bus stop not clearly marked,0,1,1,0,,Pedestrian crossing at/close to the bus stop to cross the road?,0,0,0,0,0,1,0,," Yes – fully accessible, no obstructions","Yes – signs of standing water, algae, or drainage issues visible","Unsafe – poorly lit, isolated, or has a history of feeling threatening",Yes – adequate space for passengers,Yes – roof is intact and effective,Yes – sufficient shade from the bus shelter,"Yes – lit by nearby street lights, shop fronts, or advertisement boards","No – sightline is blocked (by structure, advertisement boards, trees, or parked vehicles)",No - the seating is too small to sit comfortably ,Yes – name is prominently visible and legible,No information displayed at all,Seating / bench Dustbin / waste bin Digital information boards with real time arrival information and service alerts,1,0,1,0,0,0,1,0,"Mostly commercial - Retail shops. restaurants, cafes, markets, etc",No advertisements,No,No,17819382820928462565941763527548-12_21_28.jpg,https://kf.kobotoolbox.org/api/v2/assets/axZaE8YRFpZYaQWWvuZPyu/data/786344050/attachments/att5hhjbBgbJ5RkAHhWPF9vp/,17819382639761725631590537375655-12_21_17.jpg,https://kf.kobotoolbox.org/api/v2/assets/axZaE8YRFpZYaQWWvuZPyu/data/786344050/attachments/attVQSjbeynsN3URcKGwWxr2/,,,,,786344050,ca781faa-a97d-4dc6-896b-ceec6bcd8db9,2026-06-20T12:22:47+05:30,,,submitted_via_web,vWYt35PLUqbkm8oQynok35,,uuid:ca781faa-a97d-4dc6-896b-ceec6bcd8db9,124,Chennai,Chennai,13.166883,80.245259,device_gps,OK,False,False,False,0,False,False,0,True,True,True,3,True,True,,2,True,True,2,False,False,True,False,1,False,True,1,Needs improvement,False,True,True,True,False,3,Commercial,4,8,14
2026-06-20T12:22:42.143000+05:30,2026-06-20T12:34:17.939000+05:30,2026-06-20T12:27:00+05:30,மாத்தூர்,13.16699 80.245677 -64.20000457763672 26.75200080871582,13.16699,80.245677,-64.20000458,26.75200081,,Stainless Steel Bus Shelter,Satisfactory – minor wear/dusty but usable,,1,0,0,,0,0,0,,2,Away from the bus stop – buses stop before or beyond the shelter/marked location Bus stop not clearly marked,0,1,1,0,,"Footpath is walkable and free of encroachment like parking, vendors, utility boxes, garbage, etc",0,1,0,0,0,0,0,,"Partially encroached – e.g., vendors, parked two-wheelers, auto-rickshaws, construction material",No – area appears well-drained,"Unsafe – poorly lit, isolated, or has a history of feeling threatening",No – overcrowded or high number of people standing on the road,Yes – roof is intact and effective,Yes - from both bus shelter AND trees,Partially – some light but insufficient,"No – sightline is blocked (by structure, advertisement boards, trees, or parked vehicles)",No - the seating is too small to sit comfortably ,No – name is missing,No information displayed at all,Seating / bench Dustbin / waste bin,1,0,1,0,0,0,0,0,"Mostly commercial - Retail shops. restaurants, cafes, markets, etc",Yes – advertisements present but passenger information is still clearly visible,No,No,17819390123895906341586112944407-12_33_40.jpg,https://kf.kobotoolbox.org/api/v2/assets/axZaE8YRFpZYaQWWvuZPyu/data/786351500/attachments/attcnrNzpUPnXbddV4dPEmqp/,17819389935946920546207876842267-12_33_24.jpg,https://kf.kobotoolbox.org/api/v2/assets/axZaE8YRFpZYaQWWvuZPyu/data/786351500/attachments/attVvRbCeK6o8uBSCvnfMfC7/,,,,,786351500,36f2f613-a9d3-459a-a8f5-3c0736377ef0,2026-06-20T12:34:22+05:30,,,submitted_via_web,vWYt35PLUqbkm8oQynok35,,uuid:36f2f613-a9d3-459a-a8f5-3c0736377ef0,125,Chennai,Chennai,13.16699,80.245677,device_gps,OK,False,False,False,0,False,False,0,True,True,True,3,True,True,,2,False,True,1,True,False,True,False,2,True,True,2,Poor,False,True,True,True,True,4,Commercial,3,8,14
2026-06-20T13:38:37.516000+05:30,2026-06-20T13:44:04.942000+05:30,2026-06-20T13:43:00+05:30,டால்கோ,13.135147 80.238469 -64.80000305175781 24.72100067138672,13.135147,80.238469,-64.80000305,24.72100067,,Stainless Steel Bus Shelter,Satisfactory – minor wear/dusty but usable,,1,0,0,,0,0,0,,1 - this is a standalone shelter ,Bus stop not clearly marked,0,0,1,0,,None of the above,0,0,0,0,0,0,1,," Yes – fully accessible, no obstructions",No – area appears well-drained,"Unsafe – poorly lit, isolated, or has a history of feeling threatening",Yes – adequate space for passengers,"Yes – but the roof is inadequate (too tall, too small, gaps, or partial coverage)",Partial – some shade but insufficient,Partially – some light but insufficient,Yes – clear sightline to see the approaching buses,No - the seating is too small to sit comfortably ,Yes – name is prominently visible and legible,No information displayed at all,Seating / bench Dustbin / waste bin,1,0,1,0,0,0,0,0,"Mostly commercial - Retail shops. restaurants, cafes, markets, etc",No advertisements,No,No,1781942998986466995732534168164-13_40_6.jpg,https://kf.kobotoolbox.org/api/v2/assets/axZaE8YRFpZYaQWWvuZPyu/data/786393905/attachments/attyMzCmvuS5jaKUzthZPewZ/,,,,,,,786393905,47cc8085-8a81-4b5b-9536-fbf7e0d82a81,2026-06-20T13:44:10+05:30,,,submitted_via_web,vWYt35PLUqbkm8oQynok35,,uuid:47cc8085-8a81-4b5b-9536-fbf7e0d82a81,129,Chennai,Chennai,13.135147,80.238469,device_gps,OK,False,False,True,1,False,False,0,True,True,False,2,True,True,,2,False,True,1,False,False,True,False,1,False,True,1,Needs improvement,False,True,True,True,True,4,Commercial,4,7,42
2026-06-21T16:28:50.396000+05:30,2026-06-21T16:36:10.154000+05:30,2026-06-21T16:29:00+05:30,Ottiyambakkam Main Road towards Medavakkam,12.878626 80.192779 12.933587765098991 39.872543541879764,12.878626,80.192779,12.93358777,39.87254354,,Stainless Steel Bus Shelter,Unclean/Poorly Maintained,,1,0,0,,1,1,1,Yes - It's free of obstructions and feels safe to use,1 - this is a standalone shelter ,At the bus stop – buses pull up to the shelter/marked stop,1,0,0,0,,Footpath available to reach the bus stop from both directions,1,0,0,0,0,0,0,," Yes – fully accessible, no obstructions",No – area appears well-drained,Unable to assess (audit done only in daytime),Unsure,No – The roof is too damaged or broken to provide shelter,Partial – some shade but insufficient,Unsure / Not observed,"No – sightline is blocked (by structure, advertisement boards, trees, or parked vehicles)",No - the seating is too high ,No – name is missing,No information displayed at all,Seating / bench,1,0,0,0,0,0,0,0,"Mostly Residential - Housing, Apartments, etc",No advertisements,,Name board with bus details to be available. Additional seating facility can be good to have.,IMG_0610-16_35_50.jpeg,https://kf.kobotoolbox.org/api/v2/assets/axZaE8YRFpZYaQWWvuZPyu/data/787211504/attachments/attp6pWP3ZEyv5CS42vwKzPs/,image-16_36_2.jpg,https://kf.kobotoolbox.org/api/v2/assets/axZaE8YRFpZYaQWWvuZPyu/data/787211504/attachments/attAxXJhtbx2Fpb3r9xdkgCG/,,,,,787211504,9661e105-7cf7-4488-9a23-ef8414e25849,2026-06-21T16:36:13+05:30,,,submitted_via_web,vWYt35PLUqbkm8oQynok35,,uuid:9661e105-7cf7-4488-9a23-ef8414e25849,133,Chennai,Chennai,12.878626,80.192779,device_gps,OK,False,True,True,2,False,False,0,True,True,True,3,False,False,,0,False,True,1,True,False,True,False,2,True,True,2,Poor,True,True,True,True,True,5,Residential,3,8,14
2026-06-21T17:00:40.369000+05:30,2026-06-21T17:05:33.767000+05:30,2026-06-21T17:03:00+05:30,Perumbakkam no name,12.910661 80.196389 -67.4000015258789 20.45400047302246,12.910661,80.196389,-67.40000153,20.45400047,,Other,Satisfactory – minor wear/dusty but usable,,1,0,0,,0,0,0,,1 - this is a standalone shelter ,At the bus stop – buses pull up to the shelter/marked stop Away from the bus stop – buses stop before or beyond the shelter/marked location,1,1,0,0,,Footpath available to reach the bus stop from both directions,1,0,0,0,0,0,0,,"Partially encroached – e.g., vendors, parked two-wheelers, auto-rickshaws, construction material",Unsure,"Unsafe – poorly lit, isolated, or has a history of feeling threatening",Yes – adequate space for passengers,"Yes – but the roof is inadequate (too tall, too small, gaps, or partial coverage)",Partial – some shade but insufficient,No – inadequate or no lighting at all,Yes – clear sightline to see the approaching buses,No seating available,No – name is missing,No information displayed at all,None of the Above,0,0,0,0,0,0,0,1,"Mostly commercial - Retail shops. restaurants, cafes, markets, etc",Yes – advertisements dominate; passenger information is secondary,No signs and information,,1000500155-17_5_27.jpg,https://kf.kobotoolbox.org/api/v2/assets/axZaE8YRFpZYaQWWvuZPyu/data/787229604/attachments/attgsH7hAqvFXyRxY7wMAShG/,1000500154-17_5_30.jpg,https://kf.kobotoolbox.org/api/v2/assets/axZaE8YRFpZYaQWWvuZPyu/data/787229604/attachments/attLYYbQDni55qNwAndMuK8w/,,,,,787229604,4e7030fb-1f06-4006-ac8e-8e946986e3b8,2026-06-21T17:05:52+05:30,,,submitted_via_web,vWYt35PLUqbkm8oQynok35,,uuid:4e7030fb-1f06-4006-ac8e-8e946986e3b8,138,Chennai,Chennai,12.910661,80.196389,device_gps,OK,False,False,True,1,False,False,0,True,True,False,2,True,True,,2,False,True,1,True,False,True,False,2,True,True,2,Poor,True,True,True,True,True,5,Commercial,4,8,14
2026-06-21T17:05:33.910000+05:30,2026-06-21T17:12:32.918000+05:30,2026-06-21T17:09:00+05:30,T17 Perumbakkam police station,12.907801 80.198831 -71.10000610351562 23.086999893188477,12.907801,80.198831,-71.1000061,23.08699989,,Other Metal Bus Shelter (Other than Stainless Steel),Unclean/Poorly Maintained,,0,0,1,,0,0,0,,1 - this is a standalone shelter ,Away from the bus stop – buses stop before or beyond the shelter/marked location,0,1,0,0,,None of the above,0,0,0,0,0,0,1,," Yes – fully accessible, no obstructions",Unsure,"Unsafe – poorly lit, isolated, or has a history of feeling threatening",No – overcrowded or high number of people standing on the road,"Yes – but the roof is inadequate (too tall, too small, gaps, or partial coverage)",Partial – some shade but insufficient,No – inadequate or no lighting at all,Yes – clear sightline to see the approaching buses,No - the seating is too small to sit comfortably ,No – name is missing,No information displayed at all,None of the Above,0,0,0,0,0,0,0,1,"Mostly Institutional - Schools, Hospitals, Govt. Offices, etc",Yes – advertisements dominate; passenger information is secondary,Bus parks way far,Complete revamp,1000500158-17_11_59.jpg,https://kf.kobotoolbox.org/api/v2/assets/axZaE8YRFpZYaQWWvuZPyu/data/787233313/attachments/attHoH2dPSeKPFFawLSHhy7h/,1000500157-17_12_4.jpg,https://kf.kobotoolbox.org/api/v2/assets/axZaE8YRFpZYaQWWvuZPyu/data/787233313/attachments/attqnBrrjUMNeua3Ro8mfdTg/,1000500156-17_12_8.jpg,https://kf.kobotoolbox.org/api/v2/assets/axZaE8YRFpZYaQWWvuZPyu/data/787233313/attachments/attZa4jkgeoarhou3w2tqhLx/,1000500163-17_12_30.jpg,https://kf.kobotoolbox.org/api/v2/assets/axZaE8YRFpZYaQWWvuZPyu/data/787233313/attachments/attD6Z9TXx8EUCQJMSwVffdQ/,787233313,a81a3282-ca54-41b6-b832-9a37b8aa82dd,2026-06-21T17:12:38+05:30,,,submitted_via_web,vWYt35PLUqbkm8oQynok35,,uuid:a81a3282-ca54-41b6-b832-9a37b8aa82dd,139,Chennai,Chennai,12.907801,80.198831,device_gps,OK,False,False,True,1,False,False,0,True,True,False,2,True,True,,2,False,True,1,True,False,True,False,2,True,True,2,Poor,True,True,True,True,True,5,Institutional,4,8,14
2026-06-21T17:00:06.641000+05:30,2026-06-22T19:33:49.763000+05:30,2026-06-22T19:26:00+05:30,No name looks to be Perumbakkam limit,12.907733 80.198565 15.086914042010903 21.76776650746417,12.907733,80.198565,15.08691404,21.76776651,,Stainless Steel Bus Shelter,Satisfactory – minor wear/dusty but usable,,0,1,0,,0,0,0,,1 - this is a standalone shelter ,Away from the bus stop – buses stop before or beyond the shelter/marked location,0,1,0,0,,None of the above,0,0,0,0,0,0,1,,Heavily encroached – the stop is largely unusable because of obstructions,No – area appears well-drained,"Safe – well-lit, visible, and active surroundings",Unsure,"Yes – but the roof is inadequate (too tall, too small, gaps, or partial coverage)",Partial – some shade but insufficient,No – inadequate or no lighting at all,Yes – clear sightline to see the approaching buses,No - the seating is too high ,No – name is missing,No information displayed at all,Seating / bench,1,0,0,0,0,0,0,0,"Mixed Use - A mix of commercial/residential/office, etc",Yes – advertisements dominate; passenger information is secondary,Buses does not stop in this stop most of the time,Encroachments and advertisements should be removed,image-19_33_34.jpg,https://kf.kobotoolbox.org/api/v2/assets/axZaE8YRFpZYaQWWvuZPyu/data/788298839/attachments/attox7GUgm6gXmaJpQJoftNn/,IMG_0620-19_33_40.jpeg,https://kf.kobotoolbox.org/api/v2/assets/axZaE8YRFpZYaQWWvuZPyu/data/788298839/attachments/attgG7RYFAeZvbbiBWEWhBxS/,,,,,788298839,911f71dd-26a5-490c-ac4e-9df041ccb843,2026-06-22T19:34:00+05:30,,,submitted_via_web,vWYt35PLUqbkm8oQynok35,,uuid:911f71dd-26a5-490c-ac4e-9df041ccb843,142,Chennai,Chennai,12.907733,80.198565,device_gps,OK,False,False,True,1,False,False,0,True,True,False,2,True,True,,2,False,True,1,True,False,True,False,2,True,True,2,Poor,True,True,True,True,True,5,Mixed Use,4,8,14
2026-06-18T21:04:50.315000+05:30,2026-06-20T10:01:13.222000+05:30,2026-06-18T20:56:00+05:30,Raja hostel bus stop,,,,,,https://maps.app.goo.gl/AKHZoD5eaHQ8iBnk8?g_st=aw,Stainless Steel Bus Shelter,Satisfactory – minor wear/dusty but usable,,0,1,0,,0,0,0,,1 - this is a standalone shelter ,Unsure / not observed,0,0,0,1,,"Footpath available to reach the bus stop from both directions Footpath is walkable and free of encroachment like parking, vendors, utility boxes, garbage, etc",1,1,0,0,0,0,0,," Yes – fully accessible, no obstructions",No – area appears well-drained,"Somewhat safe – some concerns (e.g., poor visibility, isolated location)",Yes – adequate space for passengers,"Yes – but the roof is inadequate (too tall, too small, gaps, or partial coverage)",Partial – some shade but insufficient,No – inadequate or no lighting at all,Yes – clear sightline to see the approaching buses,"Yes - the seating is of the right height, width, and depth to sit comfortably while waiting for the bus","Yes – but faded, small, or difficult to read",No information displayed at all,Seating / bench Dustbin / waste bin,1,0,1,0,0,0,0,0,"Mixed Use - A mix of commercial/residential/office, etc",Yes – advertisements dominate; passenger information is secondary,The buses not stop in the bus stop,"Light, Proper name board",1001063852-10_1_1.jpg,https://kf.kobotoolbox.org/api/v2/assets/axZaE8YRFpZYaQWWvuZPyu/data/790352582/attachments/attEUjMjydSVjUnQMMbmfJmX/,,,1001063853-10_1_10.jpg,https://kf.kobotoolbox.org/api/v2/assets/axZaE8YRFpZYaQWWvuZPyu/data/790352582/attachments/attdaaRa9HgDTWFo7TTcZw5K/,,,790352582,b62a25d2-9ca3-4713-ae3c-f39ecb464d32,2026-06-24T13:14:26+05:30,,,submitted_via_web,vWYt35PLUqbkm8oQynok35,,uuid:b62a25d2-9ca3-4713-ae3c-f39ecb464d32,143,Chennai,Chennai,13.025493,80.229714,gmaps_link,OK,False,False,True,1,False,False,0,True,False,False,1,True,True,,2,False,True,1,False,True,True,False,2,True,True,2,Poor,False,True,True,True,True,4,Mixed Use,4,7,42
2026-06-20T10:01:13.361000+05:30,2026-06-24T13:21:57.622000+05:30,2026-06-24T13:16:00+05:30,Ispahani Centre Bus stop,,,,,,https://maps.app.goo.gl/ztjKTEcJaki2eFew7?g_st=aw,Stainless Steel Bus Shelter,Satisfactory – minor wear/dusty but usable,,0,0,1,,0,0,0,,1 - this is a standalone shelter ,At the bus stop – buses pull up to the shelter/marked stop,1,0,0,0,,None of the above,0,0,0,0,0,0,1,," Yes – fully accessible, no obstructions","Yes – signs of standing water, algae, or drainage issues visible","Somewhat safe – some concerns (e.g., poor visibility, isolated location)",No – overcrowded or high number of people standing on the road,"Yes – but the roof is inadequate (too tall, too small, gaps, or partial coverage)",Partial – some shade but insufficient,Partially – some light but insufficient,Yes – clear sightline to see the approaching buses,"Yes - the seating is of the right height, width, and depth to sit comfortably while waiting for the bus","Yes – but faded, small, or difficult to read",No information displayed at all,Seating / bench,1,0,0,0,0,0,0,0,"Mostly commercial - Office buildings, malls, large stores, etc",Yes – advertisements dominate; passenger information is secondary,,"Lights, Hygiene",1001071267-13_21_38.jpg,https://kf.kobotoolbox.org/api/v2/assets/axZaE8YRFpZYaQWWvuZPyu/data/790361595/attachments/attgHMGv6NnPPGUJvX6PRCHg/,,,,,,,790361595,53daea4c-9dae-45b1-aeaa-57cc2c68056e,2026-06-24T13:22:01+05:30,,,submitted_via_web,vWYt35PLUqbkm8oQynok35,,uuid:53daea4c-9dae-45b1-aeaa-57cc2c68056e,144,Chennai,Chennai,13.054353,80.249978,gmaps_link,OK,False,False,True,1,False,False,0,True,False,False,1,True,True,,2,True,True,2,False,True,True,False,2,True,True,2,Poor,True,True,True,True,True,5,Commercial,5,8,14
2026-06-25T11:54:31.897000+05:30,2026-06-25T18:08:54.534000+05:30,2026-06-25T18:01:00+05:30,ரயில்வே காலனி,13.153014 80.288589 -68.80000305175781 12.343000411987305,13.153014,80.288589,-68.80000305,12.34300041,,Stainless Steel Bus Shelter,Satisfactory – minor wear/dusty but usable,,1,0,0,,1,1,1,No - It's very unhygienic or feels unsafe to use,1 - this is a standalone shelter ,At the bus stop – buses pull up to the shelter/marked stop,1,0,0,0,,Footpath available to reach the bus stop from both directions Pedestrian crossing at/close to the bus stop to cross the road?,1,0,0,0,0,1,0,," Yes – fully accessible, no obstructions","Yes – signs of standing water, algae, or drainage issues visible","Unsafe – poorly lit, isolated, or has a history of feeling threatening",No – overcrowded or high number of people standing on the road,No – The roof is too damaged or broken to provide shelter,Partial – some shade but insufficient,Yes – the bus shelter itself has a working light,"No – sightline is blocked (by structure, advertisement boards, trees, or parked vehicles)",No - the seating is too small to sit comfortably ,Yes – name is prominently visible and legible,Yes – route list is prominently displayed and appears current,Seating / bench,1,0,0,0,0,0,0,0,Other,Yes – advertisements dominate; passenger information is secondary,பேருந்து நிறுத்தத்தின் பின்புறமாக பல்வேறு குப்பைகளும் புதர்களும் கிடப்பது நாள் பாம்புகள் பூச்சிகள் வந்து பயணிகளை கடிப்பதற்கான பேராபத்து இருக்கிறது,,1782390741765911573301019635042-18_2_43.jpg,https://kf.kobotoolbox.org/api/v2/assets/axZaE8YRFpZYaQWWvuZPyu/data/792121543/attachments/atthyYoH54WTU46ivzcmFAWh/,17823907891554581671102646323257-18_3_17.jpg,https://kf.kobotoolbox.org/api/v2/assets/axZaE8YRFpZYaQWWvuZPyu/data/792121543/attachments/attUsj2Hquuok8dqatqs6EKh/,17823908027857878311363488618386-18_3_35.jpg,https://kf.kobotoolbox.org/api/v2/assets/axZaE8YRFpZYaQWWvuZPyu/data/792121543/attachments/attiCorR48yJJMpWVjXF32C9/,,,792121543,5d90b7f0-34c5-43d0-b69b-882976b75152,2026-06-25T18:09:24+05:30,,,submitted_via_web,vWYt35PLUqbkm8oQynok35,,uuid:5d90b7f0-34c5-43d0-b69b-882976b75152,149,Chennai,Chennai,13.153014,80.288589,device_gps,OK,False,True,True,2,False,False,0,True,True,True,3,False,False,,0,True,True,2,False,False,False,False,0,False,False,0,Good,True,True,True,True,True,5,Other,4,7,42
2026-06-25T18:08:54.882000+05:30,2026-06-25T18:15:07.532000+05:30,2026-06-25T18:10:00+05:30,நாய் கோட்ரஸ்,13.152719 80.288678 -68.80000305175781 77.5999984741211,13.152719,80.288678,-68.80000305,77.59999847,,Stainless Steel Bus Shelter,Satisfactory – minor wear/dusty but usable,,1,0,0,,0,0,0,,1 - this is a standalone shelter ,At the bus stop – buses pull up to the shelter/marked stop,1,0,0,0,,Footpath available to reach the bus stop from both directions Pedestrian crossing at/close to the bus stop to cross the road?,1,0,0,0,0,1,0,," Yes – fully accessible, no obstructions",No – area appears well-drained,"Safe – well-lit, visible, and active surroundings",No – overcrowded or high number of people standing on the road,No – The roof is too damaged or broken to provide shelter,Partial – some shade but insufficient,No – inadequate or no lighting at all,Yes – clear sightline to see the approaching buses,No - the seating is too slippery,No – name is missing,Yes – but information seems outdated or unreliable,Seating / bench,1,0,0,0,0,0,0,0,Other,No advertisements,No,No,17823911633962031904795426151371-18_9_35.jpg,https://kf.kobotoolbox.org/api/v2/assets/axZaE8YRFpZYaQWWvuZPyu/data/792130848/attachments/attbB7qUnZfeDQKXGTRfeiLW/,17823912338235910694143051372808-18_10_45.jpg,https://kf.kobotoolbox.org/api/v2/assets/axZaE8YRFpZYaQWWvuZPyu/data/792130848/attachments/attpNYukaJWGbSqeHaEQTE7S/,,,,,792130848,35edf285-d54e-48d4-99a7-cdb2d5e8910a,2026-06-25T18:15:16+05:30,,,submitted_via_web,vWYt35PLUqbkm8oQynok35,,uuid:35edf285-d54e-48d4-99a7-cdb2d5e8910a,150,Chennai,Chennai,13.152719,80.288678,device_gps,OK,False,True,True,2,False,False,0,True,True,False,2,True,True,,2,False,True,1,True,False,False,True,2,True,True,2,Poor,True,True,True,True,True,5,Other,5,9,7
2026-06-25T18:15:07.754000+05:30,2026-06-25T18:19:29.445000+05:30,2026-06-25T18:15:00+05:30,பேசின் ரோடு இந்திரா காந்தி நகர்,13.152679 80.288633 -68.80000305175781 33.44300079345703,13.152679,80.288633,-68.80000305,33.44300079,,Stainless Steel Bus Shelter,Satisfactory – minor wear/dusty but usable,,1,1,0,,0,0,0,,1 - this is a standalone shelter ,At the bus stop – buses pull up to the shelter/marked stop,1,0,0,0,,"Footpath is walkable and free of encroachment like parking, vendors, utility boxes, garbage, etc",0,1,0,0,0,0,0,," Yes – fully accessible, no obstructions","Yes – signs of standing water, algae, or drainage issues visible","Unsafe – poorly lit, isolated, or has a history of feeling threatening",Yes – adequate space for passengers,"Yes – but the roof is inadequate (too tall, too small, gaps, or partial coverage)",Partial – some shade but insufficient,Partially – some light but insufficient,Yes – clear sightline to see the approaching buses,No - the seating is too small to sit comfortably ,"Yes – but faded, small, or difficult to read",Yes – but information seems outdated or unreliable,Seating / bench Dustbin / waste bin,1,0,1,0,0,0,0,0,"Mostly commercial - Retail shops. restaurants, cafes, markets, etc",Yes – advertisements dominate; passenger information is secondary,No,No,17823915244245818085467992116566-18_15_33.jpg,https://kf.kobotoolbox.org/api/v2/assets/axZaE8YRFpZYaQWWvuZPyu/data/792137348/attachments/attmMNwkGNUygNNs8UgqWnjx/,,,,,,,792137348,578a81a5-dab3-4ea1-8f88-65f66b41d97b,2026-06-25T18:19:33+05:30,,,submitted_via_web,vWYt35PLUqbkm8oQynok35,,uuid:578a81a5-dab3-4ea1-8f88-65f66b41d97b,151,Chennai,Chennai,13.152679,80.288633,device_gps,OK,False,False,True,1,False,False,0,True,True,False,2,True,True,,2,True,True,2,False,True,False,True,2,True,True,2,Poor,False,True,True,True,True,4,Commercial,5,9,7
2026-06-25T18:19:29.722000+05:30,2026-06-26T16:21:31.445000+05:30,2026-06-26T16:13:00+05:30,பெரம்பூர் மாதா கோவில்,13.108965 80.24187 -65.9000015258789 10.317999839782715,13.108965,80.24187,-65.90000153,10.31799984,,Stainless Steel Bus Shelter,Satisfactory – minor wear/dusty but usable,,0,1,0,,0,0,0,,2,At the bus stop – buses pull up to the shelter/marked stop Away from the bus stop – buses stop before or beyond the shelter/marked location,1,1,0,0,,"Footpath is walkable and free of encroachment like parking, vendors, utility boxes, garbage, etc",0,1,0,0,0,0,0,," Yes – fully accessible, no obstructions",No – area appears well-drained,"Somewhat safe – some concerns (e.g., poor visibility, isolated location)",Yes – adequate space for passengers,No – The roof is too damaged or broken to provide shelter,Yes - from both bus shelter AND trees,"Yes – lit by nearby street lights, shop fronts, or advertisement boards","No – sightline is blocked (by structure, advertisement boards, trees, or parked vehicles)",No - the seating is too small to sit comfortably ,Yes – name is prominently visible and legible,Yes – route list is prominently displayed and appears current,Seating / bench Dustbin / waste bin,1,0,1,0,0,0,0,0,"Mostly commercial - Retail shops. restaurants, cafes, markets, etc",Yes – advertisements dominate; passenger information is secondary,,,17824706279816166477889900672344-16_14_3.jpg,https://kf.kobotoolbox.org/api/v2/assets/axZaE8YRFpZYaQWWvuZPyu/data/793129029/attachments/attsYe88TRGa42s2jWP8q35w/,1782470657770583514381212522047-16_14_26.jpg,https://kf.kobotoolbox.org/api/v2/assets/axZaE8YRFpZYaQWWvuZPyu/data/793129029/attachments/attQy63SCCqobuXQYqvtpYLo/,,,,,793129029,f4d7ee16-12e1-45a2-b0f3-c42fc56a9b39,2026-06-26T16:21:35+05:30,,,submitted_via_web,vWYt35PLUqbkm8oQynok35,,uuid:f4d7ee16-12e1-45a2-b0f3-c42fc56a9b39,152,Chennai,Chennai,13.108965,80.24187,device_gps,OK,False,True,False,1,False,False,0,True,True,True,3,True,True,,2,False,True,1,False,False,False,False,0,False,False,0,Good,False,True,True,True,True,4,Commercial,4,7,42
2026-06-26T16:21:31.774000+05:30,2026-06-27T21:29:26.764000+05:30,2026-06-27T21:23:00+05:30,வீனஸ்,13.113605 80.2358 -64 12.555999755859375,13.113605,80.2358,-64.0,12.55599976,,Stainless Steel Bus Shelter,Satisfactory – minor wear/dusty but usable,,1,1,0,,0,0,0,,1 - this is a standalone shelter ,Away from the bus stop – buses stop before or beyond the shelter/marked location,0,1,0,0,,"Footpath available to reach the bus stop from both directions Footpath is walkable and free of encroachment like parking, vendors, utility boxes, garbage, etc Ramp for wheelchair users to access the bus stop",1,1,1,0,0,0,0,," Yes – fully accessible, no obstructions","Yes – signs of standing water, algae, or drainage issues visible","Somewhat safe – some concerns (e.g., poor visibility, isolated location)",Yes – adequate space for passengers,"Yes – but the roof is inadequate (too tall, too small, gaps, or partial coverage)",Partial – some shade but insufficient,"Yes – lit by nearby street lights, shop fronts, or advertisement boards",Yes – clear sightline to see the approaching buses,No - the seating is too small to sit comfortably ,Yes – name is prominently visible and legible,Yes – route list is prominently displayed and appears current,Seating / bench Dustbin / waste bin Digital information boards with real time arrival information and service alerts,1,0,1,0,0,0,1,0,"Mostly commercial - Retail shops. restaurants, cafes, markets, etc",Yes – advertisements dominate; passenger information is secondary,,,17825756320541828365258765181615-21_24_19.jpg,https://kf.kobotoolbox.org/api/v2/assets/axZaE8YRFpZYaQWWvuZPyu/data/794335663/attachments/attC2dp5yzedAgCohYdfrozQ/,17825757224325120311762386305270-21_25_37.jpg,https://kf.kobotoolbox.org/api/v2/assets/axZaE8YRFpZYaQWWvuZPyu/data/794335663/attachments/attSWhxQopJBzAJD9MtKtqvD/,,,,,794335663,b20ac027-302b-412d-91bb-fa6975bd9d8f,2026-06-27T21:32:23+05:30,,,submitted_via_web,vWYt35PLUqbkm8oQynok35,,uuid:b20ac027-302b-412d-91bb-fa6975bd9d8f,155,Chennai,Chennai,13.113605,80.2358,device_gps,OK,False,False,True,1,False,False,0,True,True,False,2,True,True,,2,True,True,2,False,False,False,False,0,False,False,0,Good,False,True,True,True,False,3,Commercial,5,7,42
2026-06-27T21:29:27.072000+05:30,2026-06-27T21:47:46.001000+05:30,2026-06-27T21:44:00+05:30,ஜவஹர் நகர்,13.112446 80.23147 -62.20000076293945 11.89900016784668,13.112446,80.23147,-62.20000076,11.89900017,,Stainless Steel Bus Shelter,Satisfactory – minor wear/dusty but usable,,1,0,0,,0,0,0,,1 - this is a standalone shelter ,Away from the bus stop – buses stop before or beyond the shelter/marked location,0,1,0,0,,Footpath available to reach the bus stop from both directions Pedestrian crossing at/close to the bus stop to cross the road?,1,0,0,0,0,1,0,,Heavily encroached – the stop is largely unusable because of obstructions,"Yes – signs of standing water, algae, or drainage issues visible","Somewhat safe – some concerns (e.g., poor visibility, isolated location)",Unsure,No – The roof is too damaged or broken to provide shelter,Yes - from both bus shelter AND trees,"Yes – lit by nearby street lights, shop fronts, or advertisement boards","No – sightline is blocked (by structure, advertisement boards, trees, or parked vehicles)",No - the seating is too small to sit comfortably ,Yes – name is prominently visible and legible,Yes – but information seems outdated or unreliable,Seating / bench Dustbin / waste bin,1,0,1,0,0,0,0,0,"Mostly commercial - Retail shops. restaurants, cafes, markets, etc",Yes – advertisements dominate; passenger information is secondary,No,No,17825769065027223545171148229884-21_45_23.jpg,https://kf.kobotoolbox.org/api/v2/assets/axZaE8YRFpZYaQWWvuZPyu/data/794345197/attachments/attS98shD3hM8iZvJtrXga7d/,17825769304324687121714439377698-21_45_38.jpg,https://kf.kobotoolbox.org/api/v2/assets/axZaE8YRFpZYaQWWvuZPyu/data/794345197/attachments/attxVy78Zvm624a6tipU4pdY/,,,,,794345197,2d5fc996-2acd-41b2-af7f-ff007e43dbf6,2026-06-27T21:50:03+05:30,,,submitted_via_web,vWYt35PLUqbkm8oQynok35,,uuid:2d5fc996-2acd-41b2-af7f-ff007e43dbf6,156,Chennai,Chennai,13.112446,80.23147,device_gps,OK,False,True,False,1,False,False,0,True,True,True,3,True,True,,2,True,True,2,False,False,False,True,1,False,True,1,Needs improvement,False,True,True,True,True,4,Commercial,5,9,7
2026-06-30T18:08:54.283000+05:30,2026-06-30T18:22:29.960000+05:30,2026-06-30T18:09:00+05:30,Meersahipet Market,13.053483 80.268214 -68.30000305175781 19.547000885009766,13.053483,80.268214,-68.30000305,19.54700089,,Stainless Steel Bus Shelter,Satisfactory – minor wear/dusty but usable,,0,1,0,,0,0,0,,1 - this is a standalone shelter ,At the bus stop – buses pull up to the shelter/marked stop,1,0,0,0,,Pedestrian crossing at/close to the bus stop to cross the road?,0,0,0,0,0,1,0,,"Partially encroached – e.g., vendors, parked two-wheelers, auto-rickshaws, construction material",No – area appears well-drained,"Safe – well-lit, visible, and active surroundings",No – overcrowded or high number of people standing on the road,"Yes – but the roof is inadequate (too tall, too small, gaps, or partial coverage)",No – exposed to full sun,Yes – the bus shelter itself has a working light,"No – sightline is blocked (by structure, advertisement boards, trees, or parked vehicles)","Yes - the seating is of the right height, width, and depth to sit comfortably while waiting for the bus","Yes – but faded, small, or difficult to read",No information displayed at all,Seating / bench,1,0,0,0,0,0,0,0,"Mostly commercial - Retail shops. restaurants, cafes, markets, etc",Yes – advertisements dominate; passenger information is secondary,backside of shelter is occupied by empty water cans,One more shelter and display board for buses,IMG20260630180710-18_22_8.jpg,https://kf.kobotoolbox.org/api/v2/assets/axZaE8YRFpZYaQWWvuZPyu/data/797089611/attachments/attJPXNRDJSy2wtVGpgn7GJH/,IMG20260630181944-18_22_18.jpg,https://kf.kobotoolbox.org/api/v2/assets/axZaE8YRFpZYaQWWvuZPyu/data/797089611/attachments/attt9cBAp2UpHa5z7ZTSKkx8/,IMG20260630180710-18_19_16.jpg,https://kf.kobotoolbox.org/api/v2/assets/axZaE8YRFpZYaQWWvuZPyu/data/797089611/attachments/attCrscazhzDdXRVFgcKbqpd/,,,797089611,6afd6cfd-bd27-4b36-8b8c-5760ae2a6989,2026-06-30T18:22:35+05:30,,,submitted_via_web,vWYt35PLUqbkm8oQynok35,,uuid:6afd6cfd-bd27-4b36-8b8c-5760ae2a6989,164,Chennai,Chennai,13.053483,80.268214,device_gps,OK,False,False,True,1,False,False,0,True,False,True,2,True,True,,2,False,True,1,False,True,True,False,2,True,True,2,Poor,True,True,True,True,True,5,Commercial,4,8,14
2026-06-30T18:34:49.088000+05:30,2026-06-30T18:39:40.950000+05:30,2026-06-30T18:35:00+05:30,Meersahipet Market,13.053421 80.269063 -67.4000015258789 13.50100040435791,13.053421,80.269063,-67.40000153,13.5010004,,Concrete/Masonry Bus Shelter,Unclean/Poorly Maintained,,0,1,0,,0,0,0,,1 - this is a standalone shelter ,Bus stop not clearly marked,0,0,1,0,,None of the above,0,0,0,0,0,0,1,,Heavily encroached – the stop is largely unusable because of obstructions,No – area appears well-drained,"Unsafe – poorly lit, isolated, or has a history of feeling threatening",No – overcrowded or high number of people standing on the road,No – The roof is too damaged or broken to provide shelter,Partial – some shade but insufficient,No – inadequate or no lighting at all,Yes – clear sightline to see the approaching buses,No seating available,No – name is missing,No information displayed at all,None of the Above,0,0,0,0,0,0,0,1,"Mostly commercial - Retail shops. restaurants, cafes, markets, etc",No advertisements,No space at all,Need to change the shelter and add a light and display board,IMG20260630183426-18_39_5.jpg,https://kf.kobotoolbox.org/api/v2/assets/axZaE8YRFpZYaQWWvuZPyu/data/797122695/attachments/attQgPmdmgFe9t9vfvCUPgCm/,IMG20260630183357_BURST001_COVER-18_39_18.jpg,https://kf.kobotoolbox.org/api/v2/assets/axZaE8YRFpZYaQWWvuZPyu/data/797122695/attachments/attWjYZpmcTYazpkeVkwkGZZ/,,,,,797122695,30c8cfab-a87b-4489-8e8f-232e47b98120,2026-06-30T18:39:45+05:30,,,submitted_via_web,vWYt35PLUqbkm8oQynok35,,uuid:30c8cfab-a87b-4489-8e8f-232e47b98120,165,Chennai,Chennai,13.053421,80.269063,device_gps,OK,False,True,True,2,False,False,0,True,True,False,2,True,True,,2,False,True,1,True,False,True,False,2,True,True,2,Poor,True,True,True,True,True,5,Commercial,5,9,7
2026-06-30T18:39:55.844000+05:30,2026-06-30T18:47:34.009000+05:30,2026-06-30T18:40:00+05:30,Sakhi JV,,,,,,https://maps.app.goo.gl/AYr1sZphoTVzn7kNA?g_st=ac,Stainless Steel Bus Shelter,Unclean/Poorly Maintained,,0,1,0,,0,0,0,,1 - this is a standalone shelter ,At the bus stop – buses pull up to the shelter/marked stop,1,0,0,0,,None of the above,0,0,0,0,0,0,1,," Yes – fully accessible, no obstructions","Yes – signs of standing water, algae, or drainage issues visible","Unsafe – poorly lit, isolated, or has a history of feeling threatening",No – overcrowded or high number of people standing on the road,"Yes – but the roof is inadequate (too tall, too small, gaps, or partial coverage)",Partial – some shade but insufficient,No – inadequate or no lighting at all,Yes – clear sightline to see the approaching buses,"Yes - the seating is of the right height, width, and depth to sit comfortably while waiting for the bus",No – name is missing,No information displayed at all,Seating / bench,1,0,0,0,0,0,0,0,"Mostly commercial - Retail shops. restaurants, cafes, markets, etc",Yes – advertisements dominate; passenger information is secondary,The roof is very small. During rainfall the water directly pours in,No lights in the bus stop.,1000358947-18_47_31.jpg,https://kf.kobotoolbox.org/api/v2/assets/axZaE8YRFpZYaQWWvuZPyu/data/797136722/attachments/attD7hGsxMaskf3PJNmfTiWe/,,,,,,,797136722,8a2ebb7c-6419-48d1-8137-65597c03e618,2026-06-30T18:47:37+05:30,,,submitted_via_web,vWYt35PLUqbkm8oQynok35,,uuid:8a2ebb7c-6419-48d1-8137-65597c03e618,167,Chennai,Chennai,13.045653,80.186966,gmaps_link,OK,False,False,True,1,False,False,0,True,False,False,1,True,True,,2,True,True,2,True,False,True,False,2,True,True,2,Poor,True,True,True,True,True,5,Commercial,5,8,14
2026-06-30T18:44:35.904000+05:30,2026-06-30T19:13:33.447000+05:30,2026-06-30T18:55:00+05:30,DLF /L&T Ramapuram (Towards Porur),13.024279 80.178158 -44.500003814697266 7.699999809265137,13.024279,80.178158,-44.50000381,7.699999809,,Stainless Steel Bus Shelter,Satisfactory – minor wear/dusty but usable,,1,1,1,,0,0,0,,2,At the bus stop – buses pull up to the shelter/marked stop,1,0,0,0,,"Footpath available to reach the bus stop from both directions Footpath is walkable and free of encroachment like parking, vendors, utility boxes, garbage, etc Pedestrian crossing at/close to the bus stop to cross the road?",1,1,0,0,0,1,0,," Yes – fully accessible, no obstructions","Yes – signs of standing water, algae, or drainage issues visible","Somewhat safe – some concerns (e.g., poor visibility, isolated location)",No – overcrowded or high number of people standing on the road,"Yes – but the roof is inadequate (too tall, too small, gaps, or partial coverage)",Partial – some shade but insufficient,No – inadequate or no lighting at all,Yes – clear sightline to see the approaching buses,"Yes - the seating is of the right height, width, and depth to sit comfortably while waiting for the bus",No – name is missing,No information displayed at all,Seating / bench,1,0,0,0,0,0,0,0,"Mostly commercial - Office buildings, malls, large stores, etc",Yes – advertisements dominate; passenger information is secondary,"No Light at all for the evening and night passengers, 90% darker","1.Less space for boarding bus and shelter and seating a less during peak hours over crowded so space can be increased. 2. NO foot path for pedestrian walking People, passenger and footpath users stubble one another due to no space for walking",1000317660-19_11_30.jpg,https://kf.kobotoolbox.org/api/v2/assets/axZaE8YRFpZYaQWWvuZPyu/data/797184232/attachments/attg9ZSN5HcGUDnQG8X4ifXC/,1000317664-19_11_51.jpg,https://kf.kobotoolbox.org/api/v2/assets/axZaE8YRFpZYaQWWvuZPyu/data/797184232/attachments/attPDufctT253iRn96CZBtHp/,1000317663-19_12_3.jpg,https://kf.kobotoolbox.org/api/v2/assets/axZaE8YRFpZYaQWWvuZPyu/data/797184232/attachments/attjwVwkYSyiMMzZZhUUiZ9o/,1000317665-19_13_22.jpg,https://kf.kobotoolbox.org/api/v2/assets/axZaE8YRFpZYaQWWvuZPyu/data/797184232/attachments/attiXcApArxKwTNyD8jyWtZR/,797184232,88f8747a-67d4-432d-9070-06daeba81567,2026-06-30T19:13:40+05:30,,,submitted_via_web,vWYt35PLUqbkm8oQynok35,,uuid:88f8747a-67d4-432d-9070-06daeba81567,169,Chennai,Chennai,13.024279,80.178158,device_gps,OK,False,False,True,1,False,False,0,True,False,False,1,True,True,,2,True,True,2,True,False,True,False,2,True,True,2,Poor,True,True,True,True,True,5,Commercial,5,8,14
2026-06-30T20:31:04.069000+05:30,2026-06-30T20:55:09.205000+05:30,2026-06-30T19:15:00+05:30,Vadapalani Murugan Temple (towards Kodambakkam),,,,,,https://maps.app.goo.gl/BDVWKBrGwfjHNfiE6?g_st=ac,Other Metal Bus Shelter (Other than Stainless Steel),Satisfactory – minor wear/dusty but usable,,1,0,0,,0,0,0,,1 - this is a standalone shelter ,At the bus stop – buses pull up to the shelter/marked stop,1,0,0,0,,None of the above,0,0,0,0,0,0,1,,"Partially encroached – e.g., vendors, parked two-wheelers, auto-rickshaws, construction material","Yes – signs of standing water, algae, or drainage issues visible","Safe – well-lit, visible, and active surroundings",No – overcrowded or high number of people standing on the road,"Yes – but the roof is inadequate (too tall, too small, gaps, or partial coverage)",Partial – some shade but insufficient,"Yes – lit by nearby street lights, shop fronts, or advertisement boards",Yes – clear sightline to see the approaching buses,"Yes - the seating is of the right height, width, and depth to sit comfortably while waiting for the bus",No – name is missing,No information displayed at all,None of the Above,0,0,0,0,0,0,0,1,"Mostly commercial - Retail shops. restaurants, cafes, markets, etc",No advertisements,"Because of metrorail work, the bus stop is not well constructed nor maintained. It is an important stop, so I urge the authorities to fix it right at the earliest.",,1000330856-20_53_43.jpg,https://kf.kobotoolbox.org/api/v2/assets/axZaE8YRFpZYaQWWvuZPyu/data/797356791/attachments/att5GijJAAybyaF52P8epPRz/,,,,,,,797356791,09248747-6242-4462-bbbd-3ec1a23a26ef,2026-06-30T20:55:14+05:30,,,submitted_via_web,vWYt35PLUqbkm8oQynok35,,uuid:09248747-6242-4462-bbbd-3ec1a23a26ef,171,Chennai,Chennai,13.050229,80.213515,gmaps_link,OK,False,False,True,1,False,False,0,True,False,False,1,True,True,,2,True,True,2,True,False,True,False,2,True,True,2,Poor,True,True,True,True,True,5,Commercial,5,8,14
2026-06-30T20:55:09.305000+05:30,2026-06-30T21:12:19.481000+05:30,2026-06-30T19:30:00+05:30,Powerhouse Kodambakkam,,,,,,https://maps.app.goo.gl/F5J6TC7GajMTW7SK7,"Only ""Bus Stop"" Signboard - No Bus Shelter",,,0,1,0,,0,0,0,,,At the bus stop – buses pull up to the shelter/marked stop,1,0,0,0,,None of the above,0,0,0,0,0,0,1,,"Partially encroached – e.g., vendors, parked two-wheelers, auto-rickshaws, construction material",Unsure,"Safe – well-lit, visible, and active surroundings",,,Partial – some shade but insufficient,"Yes – lit by nearby street lights, shop fronts, or advertisement boards",,,No – name is missing,No information displayed at all,None of the Above,0,0,0,0,0,0,0,1,"Mostly commercial - Retail shops. restaurants, cafes, markets, etc",,"Due to metro rail construction, the bus stop is not available. In the middle of the road, just below the metro bridge, there's a signboard 'MTC Bus stop' with a bench.",I hope the authorities build a proper bus stop at the earliest.,1000330858-21_12_8.jpg,https://kf.kobotoolbox.org/api/v2/assets/axZaE8YRFpZYaQWWvuZPyu/data/797381951/attachments/attWfhQZH8PzYpyriiQfwUng/,1000330859-21_12_15.jpg,https://kf.kobotoolbox.org/api/v2/assets/axZaE8YRFpZYaQWWvuZPyu/data/797381951/attachments/attC7FMHeh6Ff2zgtsXBhz9t/,,,,,797381951,78725297-fa7e-49c1-a636-ad3925ad1473,2026-06-30T21:12:26+05:30,,,submitted_via_web,vWYt35PLUqbkm8oQynok35,,uuid:78725297-fa7e-49c1-a636-ad3925ad1473,172,Chennai,Chennai,13.05219,80.219365,gmaps_link,OK,False,False,True,1,False,False,0,True,False,False,1,True,True,,2,False,True,1,True,False,True,False,2,True,True,2,Poor,True,True,True,True,True,5,Commercial,4,7,42
2026-06-30T22:21:34.452000+05:30,2026-06-30T22:34:05.752000+05:30,2026-06-22T07:15:00+05:30,Navalur AGS,,,,,,https://maps.app.goo.gl/MHuaSxgALexheChy6?g_st=ac,Other Metal Bus Shelter (Other than Stainless Steel),Unclean/Poorly Maintained,,0,1,0,,1,0,0,No - It's very unhygienic or feels unsafe to use,1 - this is a standalone shelter ,Bus stop not clearly marked,0,0,1,0,,None of the above,0,0,0,0,0,0,1,," Yes – fully accessible, no obstructions",No – area appears well-drained,"Safe – well-lit, visible, and active surroundings",No – overcrowded or high number of people standing on the road,"Yes – but the roof is inadequate (too tall, too small, gaps, or partial coverage)",Partial – some shade but insufficient,"Yes – lit by nearby street lights, shop fronts, or advertisement boards","No – sightline is blocked (by structure, advertisement boards, trees, or parked vehicles)","Yes - the seating is of the right height, width, and depth to sit comfortably while waiting for the bus",No – name is missing,No information displayed at all,Seating / bench,1,0,0,0,0,0,0,0,"Mostly commercial - Office buildings, malls, large stores, etc",No advertisements,"The bus stop as s paver blocks on the floors, which hinders movement. This makes the bus stop very inconvenient and dangerous for walkers and users..One if the metal supports look slanting.","Roof is not at all enough, this looks like a temporary structure, need to be upgraded.",1000325386-22_33_21.jpg,https://kf.kobotoolbox.org/api/v2/assets/axZaE8YRFpZYaQWWvuZPyu/data/797471614/attachments/attRZE9wFWzU8Zp5x7sZ5qGh/,1000325385-22_33_35.jpg,https://kf.kobotoolbox.org/api/v2/assets/axZaE8YRFpZYaQWWvuZPyu/data/797471614/attachments/attrqR2DovvqNcazA3TLWi3D/,,,,,797471614,d7069b05-ec4b-4d0a-9d5b-a071d9ae4e19,2026-06-30T22:34:10+05:30,,,submitted_via_web,vWYt35PLUqbkm8oQynok35,,uuid:d7069b05-ec4b-4d0a-9d5b-a071d9ae4e19,173,Chennai,Chennai,12.850504,80.22641,gmaps_link,OK,False,False,True,1,False,False,0,True,False,True,2,True,True,,2,False,True,1,True,False,True,False,2,True,True,2,Poor,True,True,True,True,True,5,Commercial,4,8,14
2026-06-30T21:12:19.625000+05:30,2026-06-30T22:48:48.056000+05:30,2026-06-30T20:00:00+05:30,Liberty Bus Stop,,,,,,https://maps.app.goo.gl/ZMHv1fwNFLkRaH6s9?g_st=ac,Other Metal Bus Shelter (Other than Stainless Steel),Satisfactory – minor wear/dusty but usable,,0,1,0,,0,0,0,,1 - this is a standalone shelter ,At the bus stop – buses pull up to the shelter/marked stop,1,0,0,0,,None of the above,0,0,0,0,0,0,1,,"Partially encroached – e.g., vendors, parked two-wheelers, auto-rickshaws, construction material",Unsure,"Safe – well-lit, visible, and active surroundings",No – overcrowded or high number of people standing on the road,"Yes – but the roof is inadequate (too tall, too small, gaps, or partial coverage)",Partial – some shade but insufficient,"Yes – lit by nearby street lights, shop fronts, or advertisement boards",Yes – clear sightline to see the approaching buses,"Yes - the seating is of the right height, width, and depth to sit comfortably while waiting for the bus","Yes – but faded, small, or difficult to read",No information displayed at all,Seating / bench CCTV camera,1,0,0,0,0,1,0,0,"Mostly commercial - Retail shops. restaurants, cafes, markets, etc",No advertisements,,,1000330888-22_48_19.jpg,https://kf.kobotoolbox.org/api/v2/assets/axZaE8YRFpZYaQWWvuZPyu/data/797483943/attachments/atttxT2HpXmQ6QhYHe7vfVwc/,1000330887-22_48_25.jpg,https://kf.kobotoolbox.org/api/v2/assets/axZaE8YRFpZYaQWWvuZPyu/data/797483943/attachments/attrb5zR3pw4NHZ8n9VA3mTK/,,,,,797483943,a05ff8b4-39f3-49c9-a7fc-224d54e6fcfc,2026-06-30T22:48:54+05:30,,,submitted_via_web,vWYt35PLUqbkm8oQynok35,,uuid:a05ff8b4-39f3-49c9-a7fc-224d54e6fcfc,174,Chennai,Chennai,13.053317,80.227831,gmaps_link,OK,False,False,True,1,False,False,0,True,False,False,1,True,True,,2,False,True,1,False,True,True,False,2,True,True,2,Poor,True,True,True,False,True,4,Commercial,4,7,42
2026-06-29T23:19:35.099000+05:30,2026-06-29T23:26:10.857000+05:30,2026-06-19T09:23:00+05:30,Sithalapakkam(Towards Ottiyambakkam)),12.88707 80.18427 0 0,12.88707,80.18427,0.0,0.0,,Concrete/Masonry Bus Shelter,Satisfactory – minor wear/dusty but usable,,1,0,0,,0,0,0,,1 - this is a standalone shelter ,At the bus stop – buses pull up to the shelter/marked stop,1,0,0,0,,None of the above,0,0,0,0,0,0,1,," Yes – fully accessible, no obstructions",Unsure,"Somewhat safe – some concerns (e.g., poor visibility, isolated location)",Unsure,"Yes – but the roof is inadequate (too tall, too small, gaps, or partial coverage)",Partial – some shade but insufficient,"Yes – lit by nearby street lights, shop fronts, or advertisement boards",Yes – clear sightline to see the approaching buses,No - the seating is too small to sit comfortably ,"Yes – but faded, small, or difficult to read",No information displayed at all,Seating / bench,1,0,0,0,0,0,0,0,"Mostly commercial - Retail shops. restaurants, cafes, markets, etc",Yes – advertisements dominate; passenger information is secondary,,,1000240347-23_25_28.jpg,https://kf.kobotoolbox.org/api/v2/assets/axZaE8YRFpZYaQWWvuZPyu/data/797815958/attachments/attu7JGbBTh5D7NMTfqMTZCW/,1000240349-23_25_37.jpg,https://kf.kobotoolbox.org/api/v2/assets/axZaE8YRFpZYaQWWvuZPyu/data/797815958/attachments/attQNJtJ5JAwzSFLfKPVypZP/,,,,,797815958,16085d38-1e8a-4214-a591-81079a4653da,2026-07-01T09:02:19+05:30,,,submitted_via_web,vWYt35PLUqbkm8oQynok35,,uuid:16085d38-1e8a-4214-a591-81079a4653da,175,Chennai,Chennai,12.88707,80.18427,device_gps,OK,False,False,True,1,False,False,0,True,True,False,2,True,True,,2,False,True,1,False,True,True,False,2,True,True,2,Poor,True,True,True,True,True,5,Commercial,4,8,14
2026-07-01T11:51:34.412000+05:30,2026-07-01T12:24:56.189000+05:30,2026-07-01T12:11:00+05:30,Semmencheri Aazhamaram,12.861523 80.226598 -73.70000457763672 39,12.861523,80.226598,-73.70000458,39.0,,Stainless Steel Bus Shelter,Unclean/Poorly Maintained,,0,1,0,,0,0,0,,1 - this is a standalone shelter ,Away from the bus stop – buses stop before or beyond the shelter/marked location,0,1,0,0,,Pedestrian crossing at/close to the bus stop to cross the road?,0,0,0,0,0,1,0,," Yes – fully accessible, no obstructions","Yes – signs of standing water, algae, or drainage issues visible","Unsafe – poorly lit, isolated, or has a history of feeling threatening",Yes – adequate space for passengers,No – The roof is too damaged or broken to provide shelter,No – exposed to full sun,No – inadequate or no lighting at all,Yes – clear sightline to see the approaching buses,"Yes - the seating is of the right height, width, and depth to sit comfortably while waiting for the bus",No – name is missing,No information displayed at all,Seating / bench Sufficient seating for the number of people typically waiting,1,1,0,0,0,0,0,0,"Mostly commercial - Retail shops. restaurants, cafes, markets, etc",Yes – advertisements dominate; passenger information is secondary,Roof is in very bad condition. Can fly anytime and is in tin,Need to better the footpath which is inaccessible,20260701_121917-12_22_9.jpg,https://kf.kobotoolbox.org/api/v2/assets/axZaE8YRFpZYaQWWvuZPyu/data/797930293/attachments/attqL8jxVfjZ8rurUG3XM7aL/,20260701_122315-12_23_52.jpg,https://kf.kobotoolbox.org/api/v2/assets/axZaE8YRFpZYaQWWvuZPyu/data/797930293/attachments/attzyB9Wh6dETSK2VUKB5SDv/,20260701_122338-12_23_59.jpg,https://kf.kobotoolbox.org/api/v2/assets/axZaE8YRFpZYaQWWvuZPyu/data/797930293/attachments/attwgXhkRDQwkiDvaRMnXLGd/,20260701_121536-12_24_6.jpg,https://kf.kobotoolbox.org/api/v2/assets/axZaE8YRFpZYaQWWvuZPyu/data/797930293/attachments/attFFe9Jyh8WknsCpYfQwT8r/,797930293,19ab6585-e3d5-492e-9b4a-48ad5f0d11a4,2026-07-01T12:24:56+05:30,,,submitted_via_web,vWYt35PLUqbkm8oQynok35,,uuid:19ab6585-e3d5-492e-9b4a-48ad5f0d11a4,177,Chennai,Chennai,12.861523,80.226598,device_gps,OK,False,True,True,2,False,False,0,False,False,False,0,True,True,,2,True,True,2,True,False,True,False,2,True,True,2,Poor,True,True,True,True,True,5,Commercial,6,8,14
2026-07-01T12:24:56.407000+05:30,2026-07-01T12:34:37.338000+05:30,2026-07-01T12:26:00+05:30,Sathyabhama Semmencheri,12.871697 80.226327 -77.10000610351562 43.04899978637695,12.871697,80.226327,-77.1000061,43.04899979,,Stainless Steel Bus Shelter,Satisfactory – minor wear/dusty but usable,,0,1,0,,0,0,0,,1 - this is a standalone shelter ,Away from the bus stop – buses stop before or beyond the shelter/marked location,0,1,0,0,,None of the above,0,0,0,0,0,0,1,," Yes – fully accessible, no obstructions",No – area appears well-drained,"Safe – well-lit, visible, and active surroundings",No – overcrowded or high number of people standing on the road,Yes – roof is intact and effective,Partial – some shade but insufficient,"Yes – lit by nearby street lights, shop fronts, or advertisement boards",Yes – clear sightline to see the approaching buses,"Yes - the seating is of the right height, width, and depth to sit comfortably while waiting for the bus",No – name is missing,No information displayed at all,Seating / bench,1,0,0,0,0,0,0,0,"Mostly Institutional - Schools, Hospitals, Govt. Offices, etc",Yes – advertisements dominate; passenger information is secondary,Platform is broken on both sides.,clean debris and repave the pavement,20260701_123325-12_34_15.jpg,https://kf.kobotoolbox.org/api/v2/assets/axZaE8YRFpZYaQWWvuZPyu/data/797939349/attachments/atteAf9E55mA9vh8j4vN98Yw/,20260701_123339-12_34_25.jpg,https://kf.kobotoolbox.org/api/v2/assets/axZaE8YRFpZYaQWWvuZPyu/data/797939349/attachments/attDvfnUHU4riCHSpm7Yuqqc/,20260701_123345-12_34_31.jpg,https://kf.kobotoolbox.org/api/v2/assets/axZaE8YRFpZYaQWWvuZPyu/data/797939349/attachments/attCaMB4KA6khcQxAGNEZcnA/,,,797939349,4a7ff21d-2761-49df-aeaa-e4b4450e0c04,2026-07-01T12:34:38+05:30,,,submitted_via_web,vWYt35PLUqbkm8oQynok35,,uuid:4a7ff21d-2761-49df-aeaa-e4b4450e0c04,178,Chennai,Chennai,12.871697,80.226327,device_gps,OK,False,False,True,1,False,False,0,True,False,False,1,True,True,,2,False,True,1,True,False,True,False,2,True,True,2,Poor,True,True,True,True,True,5,Institutional,4,7,42
2026-07-01T12:34:37.532000+05:30,2026-07-01T12:43:48.560000+05:30,2026-07-01T12:35:00+05:30,Kumaran Nagar Semmencheri,12.87762 80.227025 -76 8.5,12.87762,80.227025,-76.0,8.5,,Stainless Steel Bus Shelter,Satisfactory – minor wear/dusty but usable,,0,1,0,,0,0,0,,1 - this is a standalone shelter ,Away from the bus stop – buses stop before or beyond the shelter/marked location,0,1,0,0,,None of the above,0,0,0,0,0,0,1,," Yes – fully accessible, no obstructions",No – area appears well-drained,"Safe – well-lit, visible, and active surroundings",No – overcrowded or high number of people standing on the road,No – The roof is too damaged or broken to provide shelter,Partial – some shade but insufficient,"Yes – lit by nearby street lights, shop fronts, or advertisement boards",Yes – clear sightline to see the approaching buses,"Yes - the seating is of the right height, width, and depth to sit comfortably while waiting for the bus",No – name is missing,No information displayed at all,Seating / bench,1,0,0,0,0,0,0,0,"Mixed Use - A mix of commercial/residential/office, etc",Yes – advertisements dominate; passenger information is secondary,The tin roof is broken,,20260701_124142-12_43_40.jpg,https://kf.kobotoolbox.org/api/v2/assets/axZaE8YRFpZYaQWWvuZPyu/data/797947625/attachments/attsLTYssRVefMgDP2hhPzQG/,20260701_124155-12_42_30.jpg,https://kf.kobotoolbox.org/api/v2/assets/axZaE8YRFpZYaQWWvuZPyu/data/797947625/attachments/att6Z5rduCRCmDHnFi3UFsZz/,20260701_124142-12_42_40.jpg,https://kf.kobotoolbox.org/api/v2/assets/axZaE8YRFpZYaQWWvuZPyu/data/797947625/attachments/attvPFCNATpwpupRqZPQpWDz/,,,797947625,d94d3bd4-34ef-4823-8afc-9848d2a327a6,2026-07-01T12:43:49+05:30,,,submitted_via_web,vWYt35PLUqbkm8oQynok35,,uuid:d94d3bd4-34ef-4823-8afc-9848d2a327a6,179,Chennai,Chennai,12.87762,80.227025,device_gps,OK,False,True,True,2,False,False,0,True,False,False,1,True,True,,2,False,True,1,True,False,True,False,2,True,True,2,Poor,True,True,True,True,True,5,Mixed Use,5,8,14
2026-07-01T12:43:48.737000+05:30,2026-07-01T12:51:39.534000+05:30,2026-07-01T12:47:00+05:30,Ponniaman Kovil stop,12.886236 80.226843 -75.9000015258789 8.5,12.886236,80.226843,-75.90000153,8.5,,Stainless Steel Bus Shelter,Satisfactory – minor wear/dusty but usable,,0,1,0,,0,0,0,,1 - this is a standalone shelter ,Away from the bus stop – buses stop before or beyond the shelter/marked location,0,1,0,0,,"Footpath is walkable and free of encroachment like parking, vendors, utility boxes, garbage, etc",0,1,0,0,0,0,0,," Yes – fully accessible, no obstructions",No – area appears well-drained,"Unsafe – poorly lit, isolated, or has a history of feeling threatening",Yes – adequate space for passengers,"Yes – but the roof is inadequate (too tall, too small, gaps, or partial coverage)",Partial – some shade but insufficient,No – inadequate or no lighting at all,Yes – clear sightline to see the approaching buses,"Yes - the seating is of the right height, width, and depth to sit comfortably while waiting for the bus",No – name is missing,No information displayed at all,Seating / bench,1,0,0,0,0,0,0,0,"Mostly Residential - Housing, Apartments, etc",Yes – advertisements dominate; passenger information is secondary,walkway should be free of debris,the stop is too high...is hard to climb,20260701_124641-12_51_19.jpg,https://kf.kobotoolbox.org/api/v2/assets/axZaE8YRFpZYaQWWvuZPyu/data/797954426/attachments/att2SYCfGKFH5g5bD6UdBReB/,20260701_124641-12_51_28.jpg,https://kf.kobotoolbox.org/api/v2/assets/axZaE8YRFpZYaQWWvuZPyu/data/797954426/attachments/attAZ3nvuPrk7Z29S5VYyDLf/,20260701_125024-12_51_34.jpg,https://kf.kobotoolbox.org/api/v2/assets/axZaE8YRFpZYaQWWvuZPyu/data/797954426/attachments/attWKfdDmhLpkCd8nEGfTSQR/,,,797954426,580d655a-09bd-4881-930a-b42520d452eb,2026-07-01T12:51:39+05:30,,,submitted_via_web,vWYt35PLUqbkm8oQynok35,,uuid:580d655a-09bd-4881-930a-b42520d452eb,180,Chennai,Chennai,12.886236,80.226843,device_gps,OK,False,False,True,1,False,False,0,True,False,False,1,True,True,,2,False,True,1,True,False,True,False,2,True,True,2,Poor,True,True,True,True,True,5,Residential,4,7,42
2026-07-01T13:11:52.445000+05:30,2026-07-01T13:20:20.852000+05:30,2026-07-01T13:16:00+05:30,Kumaran nagar Semmencheri,12.877161 80.226983 -75.9000015258789 33.17100143432617,12.877161,80.226983,-75.90000153,33.17100143,,Stainless Steel Bus Shelter, Clean and Well Maintained,,0,1,0,,0,0,0,,1 - this is a standalone shelter ,Away from the bus stop – buses stop before or beyond the shelter/marked location Bus stop not clearly marked,0,1,1,0,,None of the above,0,0,0,0,0,0,1,,"Partially encroached – e.g., vendors, parked two-wheelers, auto-rickshaws, construction material",No – area appears well-drained,"Safe – well-lit, visible, and active surroundings",No – overcrowded or high number of people standing on the road,"Yes – but the roof is inadequate (too tall, too small, gaps, or partial coverage)",Partial – some shade but insufficient,"Yes – lit by nearby street lights, shop fronts, or advertisement boards",Yes – clear sightline to see the approaching buses,"Yes - the seating is of the right height, width, and depth to sit comfortably while waiting for the bus",No – name is missing,No information displayed at all,Seating / bench,1,0,0,0,0,0,0,0,"Mostly commercial - Retail shops. restaurants, cafes, markets, etc",Yes – advertisements dominate; passenger information is secondary,Buses stop in the middle of the road creating traffic,increase the width of the road to stop build up of traffic,20260701_131621-13_19_37.jpg,https://kf.kobotoolbox.org/api/v2/assets/axZaE8YRFpZYaQWWvuZPyu/data/797979700/attachments/attQyoZbdBTHCJrT9qCn3scA/,20260701_131554-13_19_50.jpg,https://kf.kobotoolbox.org/api/v2/assets/axZaE8YRFpZYaQWWvuZPyu/data/797979700/attachments/att5mJQK8MqTVKWHGocERPBH/,20260701_131607-13_19_56.jpg,https://kf.kobotoolbox.org/api/v2/assets/axZaE8YRFpZYaQWWvuZPyu/data/797979700/attachments/attWAjC77TRHSKzAQgz4wwY4/,,,797979700,90be0082-fd0c-4a68-9836-88ff5ee811e8,2026-07-01T13:20:21+05:30,,,submitted_via_web,vWYt35PLUqbkm8oQynok35,,uuid:90be0082-fd0c-4a68-9836-88ff5ee811e8,184,Chennai,Chennai,12.877161,80.226983,device_gps,OK,False,False,True,1,False,False,0,True,False,False,1,True,True,,2,False,True,1,True,False,True,False,2,True,True,2,Poor,True,True,True,True,True,5,Commercial,4,7,42
2026-07-01T13:20:21.170000+05:30,2026-07-01T13:26:33.036000+05:30,2026-07-01T13:24:00+05:30,Sathyabhama Semmencheri,12.871652 80.226868 -76.10000610351562 18.94700050354004,12.871652,80.226868,-76.1000061,18.9470005,,Stainless Steel Bus Shelter,Satisfactory – minor wear/dusty but usable,,0,1,0,,0,0,0,,1 - this is a standalone shelter ,Away from the bus stop – buses stop before or beyond the shelter/marked location,0,1,0,0,,Footpath available to reach the bus stop from both directions,1,0,0,0,0,0,0,," Yes – fully accessible, no obstructions","Yes – signs of standing water, algae, or drainage issues visible","Somewhat safe – some concerns (e.g., poor visibility, isolated location)",No – overcrowded or high number of people standing on the road,"Yes – but the roof is inadequate (too tall, too small, gaps, or partial coverage)",Partial – some shade but insufficient,"Yes – lit by nearby street lights, shop fronts, or advertisement boards",Yes – clear sightline to see the approaching buses,"Yes - the seating is of the right height, width, and depth to sit comfortably while waiting for the bus",No – name is missing,No information displayed at all,Seating / bench,1,0,0,0,0,0,0,0,"Mixed Use - A mix of commercial/residential/office, etc",Yes – advertisements dominate; passenger information is secondary,,,20260701_132352-13_26_10.jpg,https://kf.kobotoolbox.org/api/v2/assets/axZaE8YRFpZYaQWWvuZPyu/data/797986102/attachments/attmqpHMhJbiFME2FiAHLExg/,20260701_132333-13_26_17.jpg,https://kf.kobotoolbox.org/api/v2/assets/axZaE8YRFpZYaQWWvuZPyu/data/797986102/attachments/att8aEsDyKCptTGjJLFif9sX/,20260701_132319-13_26_27.jpg,https://kf.kobotoolbox.org/api/v2/assets/axZaE8YRFpZYaQWWvuZPyu/data/797986102/attachments/attGXwj6iGcwVSZGhvwq4iU5/,,,797986102,01be323f-df1e-4e8f-95ec-eaa350074115,2026-07-01T13:26:37+05:30,,,submitted_via_web,vWYt35PLUqbkm8oQynok35,,uuid:01be323f-df1e-4e8f-95ec-eaa350074115,185,Chennai,Chennai,12.871652,80.226868,device_gps,OK,False,False,True,1,False,False,0,True,False,False,1,True,True,,2,True,True,2,True,False,True,False,2,True,True,2,Poor,True,True,True,True,True,5,Mixed Use,5,8,14
2026-07-01T13:26:33.189000+05:30,2026-07-01T13:35:38.348000+05:30,2026-07-01T13:31:00+05:30,Semmencheri Aazhamaram,12.859642 80.226582 -74.30000305175781 15.0600004196167,12.859642,80.226582,-74.30000305,15.06000042,,Stainless Steel Bus Shelter, Clean and Well Maintained,,0,1,0,,0,0,0,,1 - this is a standalone shelter ,Away from the bus stop – buses stop before or beyond the shelter/marked location,0,1,0,0,,Footpath available to reach the bus stop from both directions,1,0,0,0,0,0,0,," Yes – fully accessible, no obstructions",No – area appears well-drained,"Unsafe – poorly lit, isolated, or has a history of feeling threatening",Yes – adequate space for passengers,No – The roof is too damaged or broken to provide shelter,Partial – some shade but insufficient,No – inadequate or no lighting at all,Yes – clear sightline to see the approaching buses,"Yes - the seating is of the right height, width, and depth to sit comfortably while waiting for the bus",No – name is missing,Yes – but information seems outdated or unreliable,Seating / bench Sufficient seating for the number of people typically waiting Digital information boards with real time arrival information and service alerts,1,1,0,0,0,0,1,0,"Mostly Residential - Housing, Apartments, etc",Yes – advertisements dominate; passenger information is secondary,Digital boards are under testing,,20260701_133054-13_35_8.jpg,https://kf.kobotoolbox.org/api/v2/assets/axZaE8YRFpZYaQWWvuZPyu/data/797996806/attachments/attvinuo4DtsYFCkEzTmTKBF/,20260701_133104-13_35_22.jpg,https://kf.kobotoolbox.org/api/v2/assets/axZaE8YRFpZYaQWWvuZPyu/data/797996806/attachments/attv3QimRMtSj6MmKTVpPUV7/,,,,,797996806,89a33935-938d-443e-b6f5-f32767ff8519,2026-07-01T13:35:39+05:30,,,submitted_via_web,vWYt35PLUqbkm8oQynok35,,uuid:89a33935-938d-443e-b6f5-f32767ff8519,186,Chennai,Chennai,12.859642,80.226582,device_gps,OK,False,True,True,2,False,False,0,False,False,False,0,True,True,,2,False,True,1,True,False,False,True,2,True,True,2,Poor,True,True,True,True,False,4,Residential,5,7,42
2026-07-01T13:35:38.474000+05:30,2026-07-01T13:43:51.332000+05:30,2026-07-01T13:39:00+05:30,AGS navalur,12.850428 80.226684 -73 16,12.850428,80.226684,-73.0,16.0,,Other Metal Bus Shelter (Other than Stainless Steel),Unclean/Poorly Maintained,,1,0,0,,0,0,0,,1 - this is a standalone shelter ,Away from the bus stop – buses stop before or beyond the shelter/marked location Bus stop not clearly marked,0,1,1,0,,Pedestrian crossing at/close to the bus stop to cross the road?,0,0,0,0,0,1,0,,"Partially encroached – e.g., vendors, parked two-wheelers, auto-rickshaws, construction material",Unsure,"Safe – well-lit, visible, and active surroundings",No – overcrowded or high number of people standing on the road,Yes – roof is intact and effective,Yes – sufficient shade from the bus shelter,"Yes – lit by nearby street lights, shop fronts, or advertisement boards","No – sightline is blocked (by structure, advertisement boards, trees, or parked vehicles)","Yes - the seating is of the right height, width, and depth to sit comfortably while waiting for the bus",No – name is missing,No information displayed at all,Seating / bench,1,0,0,0,0,0,0,0,"Mostly commercial - Office buildings, malls, large stores, etc",Yes – advertisements dominate; passenger information is secondary,Encroachments such as light poles and caravan shops block the stop,,20260701_133849-13_43_26.jpg,https://kf.kobotoolbox.org/api/v2/assets/axZaE8YRFpZYaQWWvuZPyu/data/798006315/attachments/attkeVkgxeFbcqbn2Yz3WMP8/,20260701_133906-13_43_32.jpg,https://kf.kobotoolbox.org/api/v2/assets/axZaE8YRFpZYaQWWvuZPyu/data/798006315/attachments/att3bRmynVkPgR4sHgMLzRbs/,1782893617299364461121703772586-13_43_47.jpg,https://kf.kobotoolbox.org/api/v2/assets/axZaE8YRFpZYaQWWvuZPyu/data/798006315/attachments/attFiHfp4Z34mQUVAeix8kpL/,,,798006315,456444a6-7dc5-49c1-bcc2-b891322e4d7e,2026-07-01T13:43:51+05:30,,,submitted_via_web,vWYt35PLUqbkm8oQynok35,,uuid:456444a6-7dc5-49c1-bcc2-b891322e4d7e,187,Chennai,Chennai,12.850428,80.226684,device_gps,OK,False,False,False,0,False,False,0,True,False,True,2,True,True,,2,False,True,1,True,False,True,False,2,True,True,2,Poor,True,True,True,True,True,5,Commercial,3,7,42
2026-07-03T21:22:35.468000+05:30,2026-07-03T21:34:21.717000+05:30,2026-07-03T21:28:00+05:30,T.Nagar,,,,,,https://maps.app.goo.gl/sbTNzB2oHFzXKp5R8?g_st=aw,Stainless Steel Bus Shelter,Satisfactory – minor wear/dusty but usable,,1,1,0,,0,0,0,,1 - this is a standalone shelter ,At the bus stop – buses pull up to the shelter/marked stop Away from the bus stop – buses stop before or beyond the shelter/marked location,1,1,0,0,,"Footpath available to reach the bus stop from both directions Footpath is walkable and free of encroachment like parking, vendors, utility boxes, garbage, etc",1,1,0,0,0,0,0,,"Partially encroached – e.g., vendors, parked two-wheelers, auto-rickshaws, construction material",No – area appears well-drained,"Safe – well-lit, visible, and active surroundings",No – overcrowded or high number of people standing on the road,Yes – roof is intact and effective,Yes – sufficient shade from the bus shelter,Yes – the bus shelter itself has a working light,Yes – clear sightline to see the approaching buses,No - the seating is too small to sit comfortably ,"Yes – but faded, small, or difficult to read","Yes – but information is unclear, faded, or partially missing",Seating / bench Dustbin / waste bin,1,0,1,0,0,0,0,0,"Mostly commercial - Retail shops. restaurants, cafes, markets, etc",Yes – advertisements present but passenger information is still clearly visible,,,1001084439-21_33_57.jpg,https://kf.kobotoolbox.org/api/v2/assets/axZaE8YRFpZYaQWWvuZPyu/data/801401420/attachments/attF9qPGXg3dzijyabN9Whc9/,1001084438-21_34_2.jpg,https://kf.kobotoolbox.org/api/v2/assets/axZaE8YRFpZYaQWWvuZPyu/data/801401420/attachments/attiB3mfcSWw99WvAzzRdjAF/,1001084437-21_34_6.jpg,https://kf.kobotoolbox.org/api/v2/assets/axZaE8YRFpZYaQWWvuZPyu/data/801401420/attachments/attPoBguusLCbEDRZWawsP2Z/,,,801401420,5f404a34-cf2a-4ef5-aa64-ede1a4ad88a1,2026-07-03T21:34:26+05:30,,,submitted_via_web,vWYt35PLUqbkm8oQynok35,,uuid:5f404a34-cf2a-4ef5-aa64-ede1a4ad88a1,192,Chennai,Chennai,13.0290576,80.2242373,gmaps_link,OK,False,False,False,0,False,False,0,True,True,False,2,True,True,,2,False,True,1,False,True,False,True,2,True,True,2,Poor,False,True,True,True,True,4,Commercial,3,7,42
2026-07-05T13:07:09.093000+05:30,2026-07-05T13:13:28.491000+05:30,2026-07-05T13:07:00+05:30,Todd hunder nagar (or) Veterinary hospital (towards Gundy),,,,,,https://maps.app.goo.gl/grjqQXFm7qRzQLhW7?g_st=aw,Stainless Steel Bus Shelter,Satisfactory – minor wear/dusty but usable,,1,0,0,,0,0,0,,1 - this is a standalone shelter ,Unsure / not observed,0,0,0,1,,None of the above,0,0,0,0,0,0,1,,"Partially encroached – e.g., vendors, parked two-wheelers, auto-rickshaws, construction material",No – area appears well-drained,"Somewhat safe – some concerns (e.g., poor visibility, isolated location)",Yes – adequate space for passengers,No – The roof is too damaged or broken to provide shelter,Partial – some shade but insufficient,Yes – the bus shelter itself has a working light,Yes – clear sightline to see the approaching buses,"Yes - the seating is of the right height, width, and depth to sit comfortably while waiting for the bus",No – name is missing,No information displayed at all,Seating / bench,1,0,0,0,0,0,0,0,"Mostly Institutional - Schools, Hospitals, Govt. Offices, etc",Yes – advertisements dominate; passenger information is secondary,Bus not stop in this bus stop,"Dustbin, Name board",1001086502-13_13_24.jpg,https://kf.kobotoolbox.org/api/v2/assets/axZaE8YRFpZYaQWWvuZPyu/data/802436451/attachments/attD3YHfHDZSdep25yEYEveX/,,,,,,,802436451,6ef6cfac-b8d7-4d6b-85cb-51ee381e6d8e,2026-07-05T13:13:32+05:30,,,submitted_via_web,vWYt35PLUqbkm8oQynok35,,uuid:6ef6cfac-b8d7-4d6b-85cb-51ee381e6d8e,193,Chennai,Chennai,13.0250915,80.2298129,gmaps_link,OK,False,True,True,2,False,False,0,True,False,False,1,True,True,,2,False,True,1,True,False,True,False,2,True,True,2,Poor,True,True,True,True,True,5,Institutional,5,8,14
2026-07-05T13:31:13.190000+05:30,2026-07-05T13:38:30.194000+05:30,2026-07-05T13:40:00+05:30,Panagal maligai ( towards Guindy),,,,,,https://maps.app.goo.gl/vPPHCbfsXW7fAWoE6?g_st=aw,Stainless Steel Bus Shelter,Unclean/Poorly Maintained,,1,0,0,,0,0,0,,2,Away from the bus stop – buses stop before or beyond the shelter/marked location,0,1,0,0,,None of the above,0,0,0,0,0,0,1,,"Partially encroached – e.g., vendors, parked two-wheelers, auto-rickshaws, construction material",No – area appears well-drained,"Somewhat safe – some concerns (e.g., poor visibility, isolated location)",No – overcrowded or high number of people standing on the road,"Yes – but the roof is inadequate (too tall, too small, gaps, or partial coverage)",Partial – some shade but insufficient,Yes – the bus shelter itself has a working light,"No – sightline is blocked (by structure, advertisement boards, trees, or parked vehicles)","Yes - the seating is of the right height, width, and depth to sit comfortably while waiting for the bus","Yes – but faded, small, or difficult to read","Yes – but information is unclear, faded, or partially missing",Seating / bench,1,0,0,0,0,0,0,0,"Mostly Institutional - Schools, Hospitals, Govt. Offices, etc",Yes – advertisements dominate; passenger information is secondary,,"Water, more sitting space",1001086548-13_38_27.jpg,https://kf.kobotoolbox.org/api/v2/assets/axZaE8YRFpZYaQWWvuZPyu/data/802449305/attachments/att5tNTYn7xaM8H2k6gyMgj8/,,,,,,,802449305,22cb3444-7aaf-41dd-a342-318d8e9a5ab3,2026-07-05T13:38:34+05:30,,,submitted_via_web,vWYt35PLUqbkm8oQynok35,,uuid:22cb3444-7aaf-41dd-a342-318d8e9a5ab3,195,Chennai,Chennai,13.0213422,80.2260645,gmaps_link,OK,False,False,True,1,False,False,0,True,False,True,2,True,True,,2,False,True,1,False,True,False,True,2,True,True,2,Poor,True,True,True,True,True,5,Institutional,4,8,14
2026-07-14T22:03:21.256000+05:30,2026-07-14T22:12:48.112000+05:30,2026-07-14T22:13:00+05:30,T.N.H.B Flats (towards ashok nager),,,,,,https://maps.app.goo.gl/4PPxADEnr5BfG44c7?g_st=aw,Stainless Steel Bus Shelter,Severely Damaged / Unusable,,1,0,0,,0,0,0,,1 - this is a standalone shelter ,Away from the bus stop – buses stop before or beyond the shelter/marked location,0,1,0,0,,Footpath available to reach the bus stop from both directions,1,0,0,0,0,0,0,,Heavily encroached – the stop is largely unusable because of obstructions,No – area appears well-drained,"Unsafe – poorly lit, isolated, or has a history of feeling threatening",No – overcrowded or high number of people standing on the road,Yes – roof is intact and effective,No – exposed to full sun,No – inadequate or no lighting at all,"No – sightline is blocked (by structure, advertisement boards, trees, or parked vehicles)",No - the seating is too small to sit comfortably ,"Yes – but faded, small, or difficult to read","Yes – but information is unclear, faded, or partially missing",Seating / bench,1,0,0,0,0,0,0,0,"Mostly Residential - Housing, Apartments, etc",No advertisements,The bus stop is not used. People stand nearby places only,Remove the occupied things.,1001099167-22_12_40.jpg,https://kf.kobotoolbox.org/api/v2/assets/axZaE8YRFpZYaQWWvuZPyu/data/810998361/attachments/atttqNvPAm7LY5w86ooqBdtZ/,1001099168-22_12_45.jpg,https://kf.kobotoolbox.org/api/v2/assets/axZaE8YRFpZYaQWWvuZPyu/data/810998361/attachments/atto9KniCBcaz5wzuJVNGxHG/,,,,,810998361,593d93e0-3aad-4d43-a0f9-10ee546911ed,2026-07-14T22:12:52+05:30,,,submitted_via_web,vWYt35PLUqbkm8oQynok35,,uuid:593d93e0-3aad-4d43-a0f9-10ee546911ed,202,Chennai,Chennai,13.0288933,80.2272199,gmaps_link,OK,False,False,True,1,False,False,0,True,True,True,3,True,True,,2,False,True,1,False,True,False,True,2,True,True,2,Poor,True,True,True,True,True,5,Residential,4,9,7
