start,end,Date and Time,"Name of the Bus Stop (as displayed on the shelter, if no info is available write the commonly known name)",Survey Location,_Survey Location_latitude,_Survey Location_longitude,_Survey Location_altitude,_Survey Location_precision,"If Location field is not working, please enter coordinates from google maps or paste the location URL",Type of Bus Stop,Condition of Bus Shelter,How is the bus stop positioned relative to the road?,"How is the bus stop positioned relative to the road?/Set back from the road – against a wall, compound, or building edge",How is the bus stop positioned relative to the road?/On the road edge / footpath edge – directly adjacent to traffic,How is the bus stop positioned relative to the road?/The road/footpath is too narrow ,Relationship between Bus Stop and Pedestrians,Is there space behind the bus shelter for pedestrians to walk/wheelchair to move freely?,Is there space between the bus shelter and the road for pedestrians to walk/wheelchair to move freely? ,"Can pedestrians/wheelchair users move past the bus stop on the footpath, without having to step down on the road? ",Is the space behind the bus shelter usable?,How many bus shelters are placed close to each other?,Where do buses typically stop? ,Where do buses typically stop? /At the bus stop – buses pull up to the shelter/marked stop,Where do buses typically stop? /Away from the bus stop – buses stop before or beyond the shelter/marked location,Where do buses typically stop? /Bus stop not clearly marked,Where do buses typically stop? /Unsure / not observed,How far away from the kerb/Bus stop platform does the bus stop?,Tick all access features present at this bus stop,Tick all access features present at this bus stop/Footpath available to reach the bus stop from both directions,"Tick all access features present at this bus stop/Footpath is walkable and free of encroachment like parking, vendors, utility boxes, garbage, etc",Tick all access features present at this bus stop/Ramp for wheelchair users to access the bus stop,"Tick all access features present at this bus stop/Ramp is in usable condition (not too steep, not broken, nor blocked)",Tick all access features present at this bus stop/Tactile paving for visually impaired users,Tick all access features present at this bus stop/Pedestrian crossing at/close to the bus stop to cross the road?,Tick all access features present at this bus stop/None of the above,Check this box if the bus stop's kerb is higher than 15cms or has steps to access ,Is the bus stop area free of encroachments?,Is there evidence of water-logging or poor drainage around the stop?," How safe does this bus stop feel, particularly at night?", Is the bus stop big enough for the number of people who typically wait here?,Does the bus stop have a roof that shelters people from rain?,Is there adequate shade during the day for people waiting?,Is there adequate lighting at the bus stop during the night?,"If seated at the bus stop, can you clearly see an approaching bus?",Is the seating provided comfortable?,Is the name of the bus stop clearly displayed?,Is bus route information displayed at the stop?,Tick all amenities present at this bus stop,Tick all amenities present at this bus stop/Seating / bench,Tick all amenities present at this bus stop/Sufficient seating for the number of people typically waiting,Tick all amenities present at this bus stop/Dustbin / waste bin,Tick all amenities present at this bus stop/Drinking water (tap or dispenser),Tick all amenities present at this bus stop/Public toilet nearby (within eyesight),Tick all amenities present at this bus stop/CCTV camera,Tick all amenities present at this bus stop/Digital information boards with real time arrival information and service alerts,Tick all amenities present at this bus stop/None of the Above,What is the primary land use or activity near this bus stop?,Does the bus shelter carry advertisements?,Any other observations about this bus stop?,Top 1–2 improvements you would recommend for this stop,Photo of Bus Stop Front,Photo of Bus Stop Front_URL,Photo of Bus Stop from Side ,Photo of Bus Stop from Side _URL,Photo of any other key observation 1 ,Photo of any other key observation 1 _URL,Photo of any other key observation 2 ,Photo of any other key observation 2 _URL,id,uuid,submission_time,_validation_status,notes,status,version,tags,meta/rootUuid,index,city,source_form,latitude,longitude,coordinate_source,location_flag
2026-06-08T06:20:57.622000+05:30,2026-06-08T06:42:13.228000+05:30,2026-06-08T06:24:00+05:30,KAMARAJAR SALAI BUS STOP,13.0437948 80.2092505 -61.10000228881836 23.39699935913086,13.0437948,80.2092505,-61.10000229,23.39699936,,Other Metal Bus Shelter (Other than Stainless Steel),Unclean/Poorly Maintained,On the road edge / footpath edge – directly adjacent to traffic,0,1,0,,No,No,No,,2,Unsure / not observed,0,0,0,1,Unsure / not observed,Footpath available to reach the bus stop from both directions,1,0,0,0,0,0,0,,"Partially encroached – e.g., vendors, parked two-wheelers, auto-rickshaws, construction material",Unsure,Unable to assess (audit done only in daytime),Unsure,"Yes – but the roof is inadequate (too tall, too small, gaps, or partial coverage)",Partial – some shade but insufficient,Unsure / Not observed,Yes – clear sightline to see the approaching buses,No seating available,"Yes – but faded, small, or difficult to read",No information displayed at all,None of the Above,0,0,0,0,0,0,0,1,"Mixed Use - A mix of commercial/residential/office, etc",Yes – advertisements present but passenger information is still clearly visible,The footpath is in a really bad condition.,"Revamp the bus stop structure: the footpath, shade, add seats. Maintain cleanliness.",24685-6_42_2.jpg,https://kf.kobotoolbox.org/api/v2/assets/am66CJhKEj8dCTL49UQSNG/data/773487569/attachments/attBnvCccjZUPtmoWQmHSBJT/,24686-6_42_8.jpg,https://kf.kobotoolbox.org/api/v2/assets/am66CJhKEj8dCTL49UQSNG/data/773487569/attachments/attTwgZ2hyniQimgKh89LYCb/,,,,,773487569,f71e4273-ac4e-43bd-a71d-706a7c1e4da6,2026-06-08T06:42:17+05:30,,,submitted_via_web,v9nnSVBz8Dj2TFQddrtot2,,uuid:f71e4273-ac4e-43bd-a71d-706a7c1e4da6,3,Chennai,Bengaluru,13.0437948,80.2092505,device_gps,OK
2026-06-08T13:19:17.130000+05:30,2026-06-09T16:44:17.815000+05:30,2026-06-08T13:20:00+05:30,"Bus shelters in Adyar SP road, near Adyar Bus terminus. 3 Bus stops.",13.000208 80.255031 -68 23.260000228881836,13.000208,80.255031,-68,23.26000023,,No Shelter and No Signboard,,On the road edge / footpath edge – directly adjacent to traffic,0,1,0,,Yes,Yes,Yes,Yes - It's free of obstructions and feels safe to use,,Away from the bus stop – buses stop before or beyond the shelter/marked location Bus stop not clearly marked,0,1,1,0,One Step Out (30 cm to 1 meter): Passengers have to step down onto the road surface first to board.,"Footpath available to reach the bus stop from both directions Footpath is walkable and free of encroachment like parking, vendors, utility boxes, garbage, etc",1,1,0,0,0,0,0,,"Partially encroached – e.g., vendors, parked two-wheelers, auto-rickshaws, construction material",No – area appears well-drained,"Safe – well-lit, visible, and active surroundings",,,No – exposed to full sun,"Yes – lit by nearby street lights, shop fronts, or advertisement boards",,,,,None of the Above,0,0,0,0,0,0,0,1,"Mostly commercial - Retail shops. restaurants, cafes, markets, etc",,Bus shelters not provided in spite of repeated requests last many years.,Bus shelters to be provided. Bus route number boards to be provided.,1001095257-16_43_52.jpg,https://kf.kobotoolbox.org/api/v2/assets/axZaE8YRFpZYaQWWvuZPyu/data/775077662/attachments/attWbQHNYbxiZ9cJtzX9ujcg/,1001087211-13_27_57.jpg,https://kf.kobotoolbox.org/api/v2/assets/axZaE8YRFpZYaQWWvuZPyu/data/775077662/attachments/attAmpbikaZtXdvTaerHrhYj/,1001087210-13_28_39.jpg,https://kf.kobotoolbox.org/api/v2/assets/axZaE8YRFpZYaQWWvuZPyu/data/775077662/attachments/attyjo9gQxsfyZB5KoEfTCyC/,,,775077662,bc7421ea-2c55-46b8-a417-10fd1e0911fd,2026-06-09T16:44:21+05:30,,,submitted_via_web,v73kjXt7geHumXyTDeh2CX,,uuid:bc7421ea-2c55-46b8-a417-10fd1e0911fd,1,Chennai,Chennai,13.000208,80.255031,device_gps,OK
2026-06-09T19:36:25.051000+05:30,2026-06-09T19:45:23.257000+05:30,2026-06-09T19:37:00+05:30,Ambedkar play ground,13.078071 80.179797 -61.80000305175781 3.700000047683716,13.078071,80.179797,-61.80000305,3.700000048,,Stainless Steel Bus Shelter,Satisfactory – minor wear/dusty but usable,"Set back from the road – against a wall, compound, or building edge",1,0,0,,No,No,No,,1 - this is a standalone shelter ,Unsure / not observed,0,0,0,1,Unsure / not observed,"Ramp is in usable condition (not too steep, not broken, nor blocked)",0,0,0,1,0,0,0,,"Partially encroached – e.g., vendors, parked two-wheelers, auto-rickshaws, construction material",Unsure,"Somewhat safe – some concerns (e.g., poor visibility, isolated location)",Yes – adequate space for passengers,Yes – roof is intact and effective,Yes - sufficient shade from surrounding trees,Partially – some light but insufficient,"No – sightline is blocked (by structure, advertisement boards, trees, or parked vehicles)",No - poor back support / posture,Yes – name is prominently visible and legible,"Yes – but information is unclear, faded, or partially missing",Seating / bench Sufficient seating for the number of people typically waiting,1,1,0,0,0,0,0,0,"Mostly Residential - Housing, Apartments, etc",Yes – advertisements dominate; passenger information is secondary,People lying on the bus stop,"Need to clean , proper lighting and people visibility to improved",1000472058-19_45_0.jpg,https://kf.kobotoolbox.org/api/v2/assets/axZaE8YRFpZYaQWWvuZPyu/data/775294439/attachments/attZQBhWD7xR4o53Sys3kyZf/,1000472054-19_45_5.jpg,https://kf.kobotoolbox.org/api/v2/assets/axZaE8YRFpZYaQWWvuZPyu/data/775294439/attachments/attYXwvBpDUsTwmmq7gD8b3A/,1000472053-19_45_14.jpg,https://kf.kobotoolbox.org/api/v2/assets/axZaE8YRFpZYaQWWvuZPyu/data/775294439/attachments/attPysSCJL4smQqwtajoWVBM/,1000472055-19_45_20.jpg,https://kf.kobotoolbox.org/api/v2/assets/axZaE8YRFpZYaQWWvuZPyu/data/775294439/attachments/attAXtkRczUv44ugeDyDE8Gt/,775294439,f658e16d-08fa-4761-84cd-0dfdcf148753,2026-06-09T19:45:26+05:30,,,submitted_via_web,v73kjXt7geHumXyTDeh2CX,,uuid:f658e16d-08fa-4761-84cd-0dfdcf148753,2,Chennai,Chennai,13.078071,80.179797,device_gps,OK
2026-06-10T07:30:33.831000+05:30,2026-06-10T07:36:44.757000+05:30,2026-06-10T07:31:00+05:30,[surveyor name removed],12.905701 80.207407 -78.60000610351562 42.11600112915039,12.905701,80.207407,-78.6000061,42.11600113,,Other,Unclean/Poorly Maintained,"Set back from the road – against a wall, compound, or building edge",1,0,0,,No,No,No,,1 - this is a standalone shelter ,Bus stop not clearly marked,0,0,1,0,Perfect / Flush (Less than 30 cm): Passengers can step directly from the footpath onto the bus.,Footpath available to reach the bus stop from both directions,1,0,0,0,0,0,0,," Yes – fully accessible, no obstructions",No – area appears well-drained,"Safe – well-lit, visible, and active surroundings",Yes – adequate space for passengers,"Yes – but the roof is inadequate (too tall, too small, gaps, or partial coverage)",No – exposed to full sun,No – inadequate or no lighting at all,Yes – clear sightline to see the approaching buses,No - the seating is too small to sit comfortably ,No – name is missing,No information displayed at all,Seating / bench,1,0,0,0,0,0,0,0,"Mostly Institutional - Schools, Hospitals, Govt. Offices, etc",Yes – advertisements dominate; passenger information is secondary,Unclean,"Lighting, information and proper shed",1000491141-7_36_26.jpg,https://kf.kobotoolbox.org/api/v2/assets/axZaE8YRFpZYaQWWvuZPyu/data/775714603/attachments/att3stS8i897wtuvEMTxoNqQ/,1000491142-7_36_33.jpg,https://kf.kobotoolbox.org/api/v2/assets/axZaE8YRFpZYaQWWvuZPyu/data/775714603/attachments/attkRCA2PzucbVFswnDNRHWg/,1000491143-7_36_38.jpg,https://kf.kobotoolbox.org/api/v2/assets/axZaE8YRFpZYaQWWvuZPyu/data/775714603/attachments/attjKHC2TPeMY2FeX2tGLMb2/,,,775714603,472c389d-87c3-44cf-aa83-add31c6e6212,2026-06-10T07:36:50+05:30,,,submitted_via_web,vnyH9EFV4wr6YZ5xP9XFKr,,uuid:472c389d-87c3-44cf-aa83-add31c6e6212,3,Chennai,Chennai,12.905701,80.207407,device_gps,OK
2026-06-10T07:38:51.187000+05:30,2026-06-10T07:43:06.806000+05:30,2026-06-10T07:39:00+05:30,[surveyor name removed],12.905413 80.207782 -78.60000610351562 20.437999725341797,12.905413,80.207782,-78.6000061,20.43799973,,Other,Satisfactory – minor wear/dusty but usable,"Set back from the road – against a wall, compound, or building edge",1,0,0,,No,No,No,,1 - this is a standalone shelter ,Away from the bus stop – buses stop before or beyond the shelter/marked location,0,1,0,0,One Step Out (30 cm to 1 meter): Passengers have to step down onto the road surface first to board.,Footpath available to reach the bus stop from both directions,1,0,0,0,0,0,0,,"Partially encroached – e.g., vendors, parked two-wheelers, auto-rickshaws, construction material",No – area appears well-drained,"Unsafe – poorly lit, isolated, or has a history of feeling threatening", No – overcrowded or high number of people standing on the road,"Yes – but the roof is inadequate (too tall, too small, gaps, or partial coverage)",Partial – some shade but insufficient,No – inadequate or no lighting at all,Yes – clear sightline to see the approaching buses,No - the seating is too small to sit comfortably ,No – name is missing,No information displayed at all,Sufficient seating for the number of people typically waiting,0,1,0,0,0,0,0,0,"Mostly Institutional - Schools, Hospitals, Govt. Offices, etc",No advertisements,"Poor seating space, no information",Information of buses and routes,1000491146-7_42_53.jpg,https://kf.kobotoolbox.org/api/v2/assets/axZaE8YRFpZYaQWWvuZPyu/data/775716179/attachments/attHjwUoWkrQC6mSZKuQG7Sj/,1000491145-7_42_56.jpg,https://kf.kobotoolbox.org/api/v2/assets/axZaE8YRFpZYaQWWvuZPyu/data/775716179/attachments/att8VBPu3S2hzotbYVWyrHqf/,1000491148-7_43_1.jpg,https://kf.kobotoolbox.org/api/v2/assets/axZaE8YRFpZYaQWWvuZPyu/data/775716179/attachments/attdBi9heurgVj3pvLUv46Ki/,,,775716179,1082286d-12cc-4392-8022-4c405863a0e7,2026-06-10T07:43:12+05:30,,,submitted_via_web,v73kjXt7geHumXyTDeh2CX,,uuid:1082286d-12cc-4392-8022-4c405863a0e7,4,Chennai,Chennai,12.905413,80.207782,device_gps,OK
2026-06-09T13:31:24.993000+05:30,2026-06-09T13:42:48.666000+05:30,2026-06-09T13:31:00+05:30,Billroth Hospital Bus stop,13.0270484 80.2561529 0 0,13.0270484,80.2561529,0,0,,Stainless Steel Bus Shelter, Clean and Well Maintained,On the road edge / footpath edge – directly adjacent to traffic The road/footpath is too narrow ,0,1,1,,No,No,No,,2,At the bus stop – buses pull up to the shelter/marked stop,1,0,0,0,One Step Out (30 cm to 1 meter): Passengers have to step down onto the road surface first to board.,Footpath available to reach the bus stop from both directions Pedestrian crossing at/close to the bus stop to cross the road?,1,0,0,0,0,1,0,,"Partially encroached – e.g., vendors, parked two-wheelers, auto-rickshaws, construction material",Unsure,"Safe – well-lit, visible, and active surroundings",Yes – adequate space for passengers,"Yes – but the roof is inadequate (too tall, too small, gaps, or partial coverage)",Yes - from both bus shelter AND trees,Unsure / Not observed,Yes – clear sightline to see the approaching buses,"Yes - the seating is of the right height, width, and depth to sit comfortably while waiting for the bus",Yes – name is prominently visible and legible,Yes – route list is prominently displayed and appears current,Seating / bench Sufficient seating for the number of people typically waiting Digital information boards with real time arrival information and service alerts,1,1,0,0,0,0,1,0,"Mostly Residential - Housing, Apartments, etc",Yes – advertisements dominate; passenger information is secondary,Completely blocks pedestrian movement,,IMG_4806-13_39_30.jpeg,https://kf.kobotoolbox.org/api/v2/assets/axZaE8YRFpZYaQWWvuZPyu/data/775852612/attachments/attxgVLywwM4P8mpS7vwW6Yr/,IMG_4801-13_39_39.jpeg,https://kf.kobotoolbox.org/api/v2/assets/axZaE8YRFpZYaQWWvuZPyu/data/775852612/attachments/att7gn4c673u2uTxqL37Tgcr/,IMG_4802-13_39_47.jpeg,https://kf.kobotoolbox.org/api/v2/assets/axZaE8YRFpZYaQWWvuZPyu/data/775852612/attachments/attqGDqJjUySxVB5iVBZMXa2/,IMG_4803-13_39_56.jpeg,https://kf.kobotoolbox.org/api/v2/assets/axZaE8YRFpZYaQWWvuZPyu/data/775852612/attachments/attQgxJuxNNAWosAyi5iAWFm/,775852612,c117c52d-fbd1-49b3-a9c9-5b013171846e,2026-06-10T11:22:41+05:30,,,submitted_via_web,v73kjXt7geHumXyTDeh2CX,,uuid:c117c52d-fbd1-49b3-a9c9-5b013171846e,5,Chennai,Chennai,13.0270484,80.2561529,device_gps,OK
2026-06-09T19:45:23.469000+05:30,2026-06-10T18:47:10.676000+05:30,2026-06-10T18:37:00+05:30,Dr ambedkar playground bus stop,13.07809 80.17907 -61.70000076293945 23.832000732421875,13.07809,80.17907,-61.70000076,23.83200073,,Stainless Steel Bus Shelter, Clean and Well Maintained,"Set back from the road – against a wall, compound, or building edge",1,0,0,,No,No,No,,1 - this is a standalone shelter ,At the bus stop – buses pull up to the shelter/marked stop,1,0,0,0,One Step Out (30 cm to 1 meter): Passengers have to step down onto the road surface first to board.,"Footpath available to reach the bus stop from both directions Ramp for wheelchair users to access the bus stop Ramp is in usable condition (not too steep, not broken, nor blocked)",1,0,1,1,0,0,0,," Yes – fully accessible, no obstructions","Yes – signs of standing water, algae, or drainage issues visible","Somewhat safe – some concerns (e.g., poor visibility, isolated location)",Yes – adequate space for passengers,Yes – roof is intact and effective,Yes – sufficient shade from the bus shelter,No – inadequate or no lighting at all,Yes – clear sightline to see the approaching buses,"Yes - the seating is of the right height, width, and depth to sit comfortably while waiting for the bus",Yes – name is prominently visible and legible,Yes – but information seems outdated or unreliable,Seating / bench Sufficient seating for the number of people typically waiting Dustbin / waste bin,1,1,1,0,0,0,0,0,"Mostly Residential - Housing, Apartments, etc",Yes – advertisements dominate; passenger information is secondary,A big garbage dump at the back side. Too stingy smell.,Need to clean the garbage at the back. Need a platform like structure also. Bus stop filled the full pathway.,1000472842-18_44_40.jpg,https://kf.kobotoolbox.org/api/v2/assets/axZaE8YRFpZYaQWWvuZPyu/data/776455183/attachments/atteT6UdBdYqdALxDvSBns3R/,1000472845-18_45_53.jpg,https://kf.kobotoolbox.org/api/v2/assets/axZaE8YRFpZYaQWWvuZPyu/data/776455183/attachments/attyxAEVhidS4khXrLuFCjza/,1000472847-18_45_49.jpg,https://kf.kobotoolbox.org/api/v2/assets/axZaE8YRFpZYaQWWvuZPyu/data/776455183/attachments/attrJiFgdi2NCLyX6AmbyFAE/,1000472846-18_46_1.jpg,https://kf.kobotoolbox.org/api/v2/assets/axZaE8YRFpZYaQWWvuZPyu/data/776455183/attachments/attR7G47qMfoJ62yio93sRdd/,776455183,91a201ea-86e9-4462-8870-849a816d663a,2026-06-10T18:47:15+05:30,,,submitted_via_web,v73kjXt7geHumXyTDeh2CX,,uuid:91a201ea-86e9-4462-8870-849a816d663a,6,Chennai,Chennai,13.07809,80.17907,device_gps,OK
2026-06-11T09:04:05.494000+05:30,2026-06-11T09:22:09.446000+05:30,2026-06-11T09:04:00+05:30,Thalambur Kootu road,12.846743 80.199998 -69.60000610351562 19.531999588012695,12.846743,80.199998,-69.6000061,19.53199959,,Concrete/Masonry Bus Shelter,Unclean/Poorly Maintained,"Set back from the road – against a wall, compound, or building edge",1,0,0,,No,No,No,,1 - this is a standalone shelter ,At the bus stop – buses pull up to the shelter/marked stop Bus stop not clearly marked,1,0,1,0,"Way Out in the Road (More than 1 meter): The bus stops far from the footpath, blocking a lane of traffic, forcing people to walk across active traffic to board the bus",None of the above,0,0,0,0,0,0,1,,Heavily encroached – the stop is largely unusable because of obstructions,No – area appears well-drained,"Somewhat safe – some concerns (e.g., poor visibility, isolated location)",Yes – adequate space for passengers,Yes – roof is intact and effective,Yes – sufficient shade from the bus shelter,No – inadequate or no lighting at all,Yes – clear sightline to see the approaching buses,"Yes - the seating is of the right height, width, and depth to sit comfortably while waiting for the bus",No – name is missing,No information displayed at all,Seating / bench Sufficient seating for the number of people typically waiting,1,1,0,0,0,0,0,0,"Mixed Use - A mix of commercial/residential/office, etc",Yes – advertisements dominate; passenger information is secondary,Nearby auto stand literally parks the autos in front of the bus stop to lure the waiting people into their share autos,Posters stuck in walls and torn and new posters stuck; place is unclean. Tiles at the stairs chipped off; if neatly maintained it would attract more users,1000315676-9_19_42.jpg,https://kf.kobotoolbox.org/api/v2/assets/axZaE8YRFpZYaQWWvuZPyu/data/777103766/attachments/attqtdRa86C8vKYsC9sAecUY/,1000315686-9_20_15.jpg,https://kf.kobotoolbox.org/api/v2/assets/axZaE8YRFpZYaQWWvuZPyu/data/777103766/attachments/att9Z8kdjZBSm9STvC5cKwVF/,,,1000315687-9_20_20.jpg,https://kf.kobotoolbox.org/api/v2/assets/axZaE8YRFpZYaQWWvuZPyu/data/777103766/attachments/attrKEodgE5QbrcweqRogux6/,777103766,b764c3f8-2fa4-4281-a22b-7171a7aa1bec,2026-06-11T09:22:14+05:30,,,submitted_via_web,v73kjXt7geHumXyTDeh2CX,,uuid:b764c3f8-2fa4-4281-a22b-7171a7aa1bec,7,Chennai,Chennai,12.846743,80.199998,device_gps,OK
2026-06-11T10:08:27.380000+05:30,2026-06-11T10:12:12.500000+05:30,2026-06-11T10:08:00+05:30,[surveyor name removed],12.90191 80.217586 -82.88473510742188 9.177000045776367,12.90191,80.217586,-82.88473511,9.177000046,,Stainless Steel Bus Shelter,Unclean/Poorly Maintained,On the road edge / footpath edge – directly adjacent to traffic,0,1,0,,Yes,No,No,No - It's obstructed due to encroachment ,2,Away from the bus stop – buses stop before or beyond the shelter/marked location,0,1,0,0,"Way Out in the Road (More than 1 meter): The bus stops far from the footpath, blocking a lane of traffic, forcing people to walk across active traffic to board the bus",None of the above,0,0,0,0,0,0,1,,"Partially encroached – e.g., vendors, parked two-wheelers, auto-rickshaws, construction material",No – area appears well-drained,"Unsafe – poorly lit, isolated, or has a history of feeling threatening", No – overcrowded or high number of people standing on the road,Yes – roof is intact and effective,Partial – some shade but insufficient,No – inadequate or no lighting at all,Yes – clear sightline to see the approaching buses,"Yes - the seating is of the right height, width, and depth to sit comfortably while waiting for the bus",No – name is missing,No information displayed at all,Seating / bench,1,0,0,0,0,0,0,0,"Mostly commercial - Office buildings, malls, large stores, etc",Yes – advertisements dominate; passenger information is secondary,Lot of encroachments,Remove all encroachments,1000492155-10_11_35.jpg,https://kf.kobotoolbox.org/api/v2/assets/axZaE8YRFpZYaQWWvuZPyu/data/777128475/attachments/attbigbwWh598i7uA8B5amEe/,1000492156-10_11_44.jpg,https://kf.kobotoolbox.org/api/v2/assets/axZaE8YRFpZYaQWWvuZPyu/data/777128475/attachments/attmyYxdzdWQZe2v5BLe4Ldq/,1000492158-10_11_54.jpg,https://kf.kobotoolbox.org/api/v2/assets/axZaE8YRFpZYaQWWvuZPyu/data/777128475/attachments/attpffnPU6dWb7RQoasQ8zCB/,1000492156-10_12_2.jpg,https://kf.kobotoolbox.org/api/v2/assets/axZaE8YRFpZYaQWWvuZPyu/data/777128475/attachments/attWzY9uWzZBs4Faui5JnX9o/,777128475,9c691ff8-824a-4c90-8be3-e659aeb6383f,2026-06-11T10:12:19+05:30,,,submitted_via_web,v73kjXt7geHumXyTDeh2CX,,uuid:9c691ff8-824a-4c90-8be3-e659aeb6383f,8,Chennai,Chennai,12.90191,80.217586,device_gps,OK
2026-06-11T21:09:28.224000+05:30,2026-06-11T21:14:43.446000+05:30,2026-06-11T21:09:00+05:30,West balaji nagar bus stop,13.132052 80.165172 -51 7.6529998779296875,13.132052,80.165172,-51,7.652999878,,Stainless Steel Bus Shelter,Satisfactory – minor wear/dusty but usable,On the road edge / footpath edge – directly adjacent to traffic,0,1,0,,No,No,No,,3,Away from the bus stop – buses stop before or beyond the shelter/marked location,0,1,0,0,No footpath available,None of the above,0,0,0,0,0,0,1,,"Partially encroached – e.g., vendors, parked two-wheelers, auto-rickshaws, construction material","Yes – signs of standing water, algae, or drainage issues visible","Somewhat safe – some concerns (e.g., poor visibility, isolated location)",Yes – adequate space for passengers,"Yes – but the roof is inadequate (too tall, too small, gaps, or partial coverage)",Yes - sufficient shade from surrounding trees,Yes – the bus shelter itself has a working light,Yes – clear sightline to see the approaching buses,"Yes - the seating is of the right height, width, and depth to sit comfortably while waiting for the bus","Yes – but faded, small, or difficult to read",No information displayed at all,Sufficient seating for the number of people typically waiting,0,1,0,0,0,0,0,0,"Mostly commercial - Office buildings, malls, large stores, etc",Yes – advertisements dominate; passenger information is secondary,Bus bay barrigadebto be placed  and to be cleaned wellbthe busbshelter daily,"The pavement , the ramp and the enhancement ofvthe buabatopnroof shelter",20260611_203454-21_13_30.jpg,https://kf.kobotoolbox.org/api/v2/assets/axZaE8YRFpZYaQWWvuZPyu/data/777897517/attachments/attH6Y3LeRLrumX9mbDjusk7/,20260611_203409-21_13_39.jpg,https://kf.kobotoolbox.org/api/v2/assets/axZaE8YRFpZYaQWWvuZPyu/data/777897517/attachments/attPEmxVudixetcMPoWPkwJw/,17811926231157365735698643688906-21_13_53.jpg,https://kf.kobotoolbox.org/api/v2/assets/axZaE8YRFpZYaQWWvuZPyu/data/777897517/attachments/attEzCySRFPPz2zDMnmUqY9M/,17811926703908044376466964792646-21_14_38.jpg,https://kf.kobotoolbox.org/api/v2/assets/axZaE8YRFpZYaQWWvuZPyu/data/777897517/attachments/atth4oG8dJAenrXWPXCHMABn/,777897517,2c505c48-cd74-4cda-ae67-4049434440b8,2026-06-11T21:14:49+05:30,,,submitted_via_web,v73kjXt7geHumXyTDeh2CX,,uuid:2c505c48-cd74-4cda-ae67-4049434440b8,9,Chennai,Chennai,13.132052,80.165172,device_gps,OK
2026-06-12T12:24:13.195000+05:30,2026-06-12T12:41:31.901000+05:30,2026-06-12T12:24:00+05:30,Pallikarnai Bus Stop,,,,,,https://maps.app.goo.gl/9orZdXAqVZegub578?g_st=ic,Stainless Steel Bus Shelter,Satisfactory – minor wear/dusty but usable,On the road edge / footpath edge – directly adjacent to traffic The road/footpath is too narrow ,0,1,1,,No,No,No,,1 - this is a standalone shelter ,At the bus stop – buses pull up to the shelter/marked stop Away from the bus stop – buses stop before or beyond the shelter/marked location,1,1,0,0,One Step Out (30 cm to 1 meter): Passengers have to step down onto the road surface first to board.,None of the above,0,0,0,0,0,0,1,,"Partially encroached – e.g., vendors, parked two-wheelers, auto-rickshaws, construction material","Yes – signs of standing water, algae, or drainage issues visible","Somewhat safe – some concerns (e.g., poor visibility, isolated location)",Yes – adequate space for passengers,Yes – roof is intact and effective,Partial – some shade but insufficient,"Yes – lit by nearby street lights, shop fronts, or advertisement boards",Yes – clear sightline to see the approaching buses,"Yes - the seating is of the right height, width, and depth to sit comfortably while waiting for the bus",No – name is missing,"Yes – but information is unclear, faded, or partially missing",Seating / bench Dustbin / waste bin,1,0,1,0,0,0,0,0,"Mixed Use - A mix of commercial/residential/office, etc",Yes – advertisements dominate; passenger information is secondary,Vendors tend to occupy shady area in the stop that does not have seating. The stop is located on a road that has space for walking but is still sandy and not tar road. Not friendly for elderly or disabled to reach.,"Better footpath, improvement of road the stop is located on, drinking water facilities. Less ad domination and more bus stop information as this is a significant point in the route.",IMG_0104-12_41_13.jpeg,https://kf.kobotoolbox.org/api/v2/assets/axZaE8YRFpZYaQWWvuZPyu/data/778402631/attachments/attP6YfRgJHmQrHiHGsVzkqV/,IMG_0103-12_41_26.jpeg,https://kf.kobotoolbox.org/api/v2/assets/axZaE8YRFpZYaQWWvuZPyu/data/778402631/attachments/attKwvWQ64PzsqGCo6dURgmF/,,,,,778402631,77eb61e8-7b71-40ca-88c0-3365623030e6,2026-06-12T12:41:36+05:30,,,submitted_via_web,v73kjXt7geHumXyTDeh2CX,,uuid:77eb61e8-7b71-40ca-88c0-3365623030e6,10,Chennai,Chennai,12.933924,80.204035,gmaps_link,OK
2026-06-12T12:41:31.950000+05:30,2026-06-12T12:53:35.464000+05:30,2026-06-12T12:41:00+05:30,KP Oil Mill,,,,,,https://maps.app.goo.gl/H5UmZjFZYBBRQNFNA?g_st=ic,Stainless Steel Bus Shelter, Clean and Well Maintained,On the road edge / footpath edge – directly adjacent to traffic,0,1,0,,Yes,Yes,Yes,No - It's obstructed due to encroachment ,1 - this is a standalone shelter ,At the bus stop – buses pull up to the shelter/marked stop,1,0,0,0,Perfect / Flush (Less than 30 cm): Passengers can step directly from the footpath onto the bus.,"Ramp for wheelchair users to access the bus stop Ramp is in usable condition (not too steep, not broken, nor blocked) Tactile paving for visually impaired users",0,0,1,1,1,0,0,,"Partially encroached – e.g., vendors, parked two-wheelers, auto-rickshaws, construction material",No – area appears well-drained,"Somewhat safe – some concerns (e.g., poor visibility, isolated location)",Yes – adequate space for passengers,Yes – roof is intact and effective,Yes – sufficient shade from the bus shelter,"Yes – lit by nearby street lights, shop fronts, or advertisement boards",Yes – clear sightline to see the approaching buses,"Yes - the seating is of the right height, width, and depth to sit comfortably while waiting for the bus","Yes – but faded, small, or difficult to read",Yes – but information seems outdated or unreliable,Seating / bench Sufficient seating for the number of people typically waiting Dustbin / waste bin Drinking water (tap or dispenser),1,1,1,1,0,0,0,0,"Mostly commercial - Retail shops. restaurants, cafes, markets, etc",Yes – advertisements dominate; passenger information is secondary,"The stop board information dominates about who established the stop, while the name of the stop itself is very small. Might not be clearly visible to visually impaired individuals. It is a newly constructed bus stop.","Lesser encroachments in area, better footpath to reach stop from the side, tar road instead of sandy road.",IMG_0108-12_53_23.jpeg,https://kf.kobotoolbox.org/api/v2/assets/axZaE8YRFpZYaQWWvuZPyu/data/778412481/attachments/attmxrZAQ8HMGSJXrsnrfcHo/,IMG_0107-12_53_30.jpeg,https://kf.kobotoolbox.org/api/v2/assets/axZaE8YRFpZYaQWWvuZPyu/data/778412481/attachments/attHyNBCKj32AwDM7TozLzUu/,,,,,778412481,0b20a8ae-e02a-4bb9-9aeb-00022899310d,2026-06-12T12:53:42+05:30,,,submitted_via_web,v73kjXt7geHumXyTDeh2CX,,uuid:0b20a8ae-e02a-4bb9-9aeb-00022899310d,11,Chennai,Chennai,12.929301,80.202527,gmaps_link,OK
2026-06-12T14:44:46.414000+05:30,2026-06-12T15:24:54.019000+05:30,2026-06-12T14:45:00+05:30,Erukkacheri  ( dolket ),13.122167 80.251053 -66.9000015258789 17.607999801635742,13.122167,80.251053,-66.90000153,17.6079998,,Stainless Steel Bus Shelter,Satisfactory – minor wear/dusty but usable,"Set back from the road – against a wall, compound, or building edge",1,0,0,,No,No,No,,1 - this is a standalone shelter ,Bus stop not clearly marked,0,0,1,0,One Step Out (30 cm to 1 meter): Passengers have to step down onto the road surface first to board.,"Footpath available to reach the bus stop from both directions Footpath is walkable and free of encroachment like parking, vendors, utility boxes, garbage, etc Tactile paving for visually impaired users",1,1,0,0,1,0,0,,"Partially encroached – e.g., vendors, parked two-wheelers, auto-rickshaws, construction material",Unsure,"Safe – well-lit, visible, and active surroundings", No – overcrowded or high number of people standing on the road,"Yes – but the roof is inadequate (too tall, too small, gaps, or partial coverage)",Yes - from both bus shelter AND trees,"Yes – lit by nearby street lights, shop fronts, or advertisement boards",Yes – clear sightline to see the approaching buses,"Yes - the seating is of the right height, width, and depth to sit comfortably while waiting for the bus",Yes – name is prominently visible and legible,Yes – route list is prominently displayed and appears current,Seating / bench,1,0,0,0,0,0,0,0,"Mostly commercial - Retail shops. restaurants, cafes, markets, etc",Yes – advertisements dominate; passenger information is secondary,No,No,IMG-20260612-WA0006-15_24_10.jpg,https://kf.kobotoolbox.org/api/v2/assets/axZaE8YRFpZYaQWWvuZPyu/data/778559182/attachments/attHv9uQbcmVUdLEX8fdevXj/,IMG-20260612-WA0005-15_24_24.jpg,https://kf.kobotoolbox.org/api/v2/assets/axZaE8YRFpZYaQWWvuZPyu/data/778559182/attachments/attmbYWJ3P5euNrjyGBaCy7Q/,,,,,778559182,af96896d-a567-4d61-8061-e711b7e40e6f,2026-06-12T15:24:59+05:30,,,submitted_via_web,v73kjXt7geHumXyTDeh2CX,,uuid:af96896d-a567-4d61-8061-e711b7e40e6f,12,Chennai,Chennai,13.122167,80.251053,device_gps,OK
2026-06-12T15:24:54.884000+05:30,2026-06-12T15:44:07.429000+05:30,2026-06-12T15:25:00+05:30,Sharma Nagar,13.120188 80.254685 -66 17.128999710083008,13.120188,80.254685,-66,17.12899971,,Stainless Steel Bus Shelter,Satisfactory – minor wear/dusty but usable,"Set back from the road – against a wall, compound, or building edge",1,0,0,,No,No,No,,2,At the bus stop – buses pull up to the shelter/marked stop Bus stop not clearly marked,1,0,1,0,Perfect / Flush (Less than 30 cm): Passengers can step directly from the footpath onto the bus.,"Footpath is walkable and free of encroachment like parking, vendors, utility boxes, garbage, etc",0,1,0,0,0,0,0,,"Partially encroached – e.g., vendors, parked two-wheelers, auto-rickshaws, construction material",Unsure,"Safe – well-lit, visible, and active surroundings",Yes – adequate space for passengers,Yes – roof is intact and effective,Yes - from both bus shelter AND trees,"Yes – lit by nearby street lights, shop fronts, or advertisement boards",Yes – clear sightline to see the approaching buses,"Yes - the seating is of the right height, width, and depth to sit comfortably while waiting for the bus",Yes – name is prominently visible and legible,Yes – route list is prominently displayed and appears current,Seating / bench Dustbin / waste bin,1,0,1,0,0,0,0,0,"Mostly Institutional - Schools, Hospitals, Govt. Offices, etc",No advertisements,No,No,17812591289473224126780724762454-15_42_22.jpg,https://kf.kobotoolbox.org/api/v2/assets/axZaE8YRFpZYaQWWvuZPyu/data/778578415/attachments/attrJhniGk45SYpnCE8RCHF9/,17812591987445144358656105352631-15_43_33.jpg,https://kf.kobotoolbox.org/api/v2/assets/axZaE8YRFpZYaQWWvuZPyu/data/778578415/attachments/attYEoZSV5yMmdUakRESkgub/,1781259229170745015949790036440-15_44_0.jpg,https://kf.kobotoolbox.org/api/v2/assets/axZaE8YRFpZYaQWWvuZPyu/data/778578415/attachments/attNmJrGqmbhruNceoWiNf6o/,,,778578415,bbc80b98-1cc4-45a7-b05e-80144734c1c0,2026-06-12T15:44:14+05:30,,,submitted_via_web,v73kjXt7geHumXyTDeh2CX,,uuid:bbc80b98-1cc4-45a7-b05e-80144734c1c0,13,Chennai,Chennai,13.120188,80.254685,device_gps,OK
2026-06-12T15:44:07.932000+05:30,2026-06-12T16:12:35.634000+05:30,2026-06-12T15:58:00+05:30,M.P. தேவதாஸ் உயர்நிலைப்பள்ளி,13.118555 80.259021 -67.80000305175781 19.15999984741211,13.118555,80.259021,-67.80000305,19.15999985,,Stainless Steel Bus Shelter,Satisfactory – minor wear/dusty but usable,"Set back from the road – against a wall, compound, or building edge",1,0,0,,No,No,No,,1 - this is a standalone shelter ,Away from the bus stop – buses stop before or beyond the shelter/marked location Bus stop not clearly marked,0,1,1,0,Perfect / Flush (Less than 30 cm): Passengers can step directly from the footpath onto the bus.,Footpath available to reach the bus stop from both directions Pedestrian crossing at/close to the bus stop to cross the road?,1,0,0,0,0,1,0,,"Partially encroached – e.g., vendors, parked two-wheelers, auto-rickshaws, construction material","Yes – signs of standing water, algae, or drainage issues visible","Safe – well-lit, visible, and active surroundings",Yes – adequate space for passengers,No – The roof is too damaged or broken to provide shelter,Partial – some shade but insufficient,"Yes – lit by nearby street lights, shop fronts, or advertisement boards",Yes – clear sightline to see the approaching buses,"Yes - the seating is of the right height, width, and depth to sit comfortably while waiting for the bus",Yes – name is prominently visible and legible,Yes – route list is prominently displayed and appears current,Seating / bench Dustbin / waste bin Digital information boards with real time arrival information and service alerts,1,0,1,0,0,0,1,0,"Mostly commercial - Retail shops. restaurants, cafes, markets, etc",Yes – advertisements present but passenger information is still clearly visible,Restroom,,17812609178297030526626331874647-16_12_14.jpg,https://kf.kobotoolbox.org/api/v2/assets/axZaE8YRFpZYaQWWvuZPyu/data/778607798/attachments/attevAf4mEhSbyHoP5HXvk5W/,1781260945345383672026682704449-16_12_31.jpg,https://kf.kobotoolbox.org/api/v2/assets/axZaE8YRFpZYaQWWvuZPyu/data/778607798/attachments/attJZhxcZm6qFrZ8iYvLnVYf/,,,,,778607798,649c80ce-ae6b-4f6e-8268-0080fe796376,2026-06-12T16:12:40+05:30,,,submitted_via_web,v73kjXt7geHumXyTDeh2CX,,uuid:649c80ce-ae6b-4f6e-8268-0080fe796376,14,Chennai,Chennai,13.118555,80.259021,device_gps,OK
2026-06-12T16:12:36.095000+05:30,2026-06-12T16:30:44.888000+05:30,2026-06-12T16:17:00+05:30,MKB  Nagar,13.122992 80.260177 -66 18.305999755859375,13.122992,80.260177,-66,18.30599976,,Stainless Steel Bus Shelter,Unclean/Poorly Maintained,"Set back from the road – against a wall, compound, or building edge",1,0,0,,No,No,No,,2,Bus stop not clearly marked,0,0,1,0,One Step Out (30 cm to 1 meter): Passengers have to step down onto the road surface first to board.,"Footpath available to reach the bus stop from both directions Footpath is walkable and free of encroachment like parking, vendors, utility boxes, garbage, etc",1,1,0,0,0,0,0,,"Partially encroached – e.g., vendors, parked two-wheelers, auto-rickshaws, construction material","Yes – signs of standing water, algae, or drainage issues visible","Somewhat safe – some concerns (e.g., poor visibility, isolated location)", No – overcrowded or high number of people standing on the road,No – The roof is too damaged or broken to provide shelter,Yes - from both bus shelter AND trees,Partially – some light but insufficient,Yes – clear sightline to see the approaching buses,No - the seating is too small to sit comfortably ,Yes – name is prominently visible and legible,Yes – but information seems outdated or unreliable,Seating / bench Drinking water (tap or dispenser),1,0,0,1,0,0,0,0,"Mostly commercial - Office buildings, malls, large stores, etc",No advertisements,No,No,1781261978225371651329052745044-16_29_56.jpg,https://kf.kobotoolbox.org/api/v2/assets/axZaE8YRFpZYaQWWvuZPyu/data/778626009/attachments/attmzazXYhQ5KHNnvciHM38S/,17812620026352279031727349058771-16_30_9.jpg,https://kf.kobotoolbox.org/api/v2/assets/axZaE8YRFpZYaQWWvuZPyu/data/778626009/attachments/attZLqShRfGhGUe6AQUMMDkq/,1781262014301461939349204761809-16_30_29.jpg,https://kf.kobotoolbox.org/api/v2/assets/axZaE8YRFpZYaQWWvuZPyu/data/778626009/attachments/attG5ZvmH6QzcipNF3gaDDdy/,,,778626009,fbcc89e1-aea4-4f80-a64b-3e8c492bb8bd,2026-06-12T16:30:49+05:30,,,submitted_via_web,v73kjXt7geHumXyTDeh2CX,,uuid:fbcc89e1-aea4-4f80-a64b-3e8c492bb8bd,15,Chennai,Chennai,13.122992,80.260177,device_gps,OK
2026-06-12T16:30:45.107000+05:30,2026-06-12T16:43:55.323000+05:30,2026-06-12T16:31:00+05:30,MKB POLICE STATION,13.122954 80.259893 -66.30000305175781 22.775999069213867,13.122954,80.259893,-66.30000305,22.77599907,,Stainless Steel Bus Shelter,Satisfactory – minor wear/dusty but usable,"Set back from the road – against a wall, compound, or building edge",1,0,0,,No,No,No,,1 - this is a standalone shelter ,Away from the bus stop – buses stop before or beyond the shelter/marked location Bus stop not clearly marked,0,1,1,0,One Step Out (30 cm to 1 meter): Passengers have to step down onto the road surface first to board.,"Footpath is walkable and free of encroachment like parking, vendors, utility boxes, garbage, etc",0,1,0,0,0,0,0,,"Partially encroached – e.g., vendors, parked two-wheelers, auto-rickshaws, construction material","Yes – signs of standing water, algae, or drainage issues visible","Somewhat safe – some concerns (e.g., poor visibility, isolated location)", No – overcrowded or high number of people standing on the road,No – The roof is too damaged or broken to provide shelter,Partial – some shade but insufficient,Partially – some light but insufficient,Yes – clear sightline to see the approaching buses,No - the seating is too small to sit comfortably ,Yes – name is prominently visible and legible,"Yes – but information is unclear, faded, or partially missing",Seating / bench Dustbin / waste bin,1,0,1,0,0,0,0,0,"Mostly commercial - Retail shops. restaurants, cafes, markets, etc",No advertisements,No,No,17812621711484486636681528049288-16_33_42.jpg,https://kf.kobotoolbox.org/api/v2/assets/axZaE8YRFpZYaQWWvuZPyu/data/778640986/attachments/att3G2XGpjtUFZYKLVKaQsxF/,17812622709823943862660719400011-16_34_59.jpg,https://kf.kobotoolbox.org/api/v2/assets/axZaE8YRFpZYaQWWvuZPyu/data/778640986/attachments/attRnFRsoLTxfsXJ6tdFvVnW/,17812628021415691412228638992309-16_43_29.jpg,https://kf.kobotoolbox.org/api/v2/assets/axZaE8YRFpZYaQWWvuZPyu/data/778640986/attachments/attbmvKbmzpjwgiTxL3CoM5F/,17812628191816959120179781707640-16_43_49.jpg,https://kf.kobotoolbox.org/api/v2/assets/axZaE8YRFpZYaQWWvuZPyu/data/778640986/attachments/att2rbr4NCUfu892fNMJUaom/,778640986,750d5848-4db6-437a-bc07-23ffbce50f29,2026-06-12T16:44:00+05:30,,,submitted_via_web,v73kjXt7geHumXyTDeh2CX,,uuid:750d5848-4db6-437a-bc07-23ffbce50f29,16,Chennai,Chennai,13.122954,80.259893,device_gps,OK
2026-06-12T13:52:32.388000+05:30,2026-06-12T17:00:38.852000+05:30,2026-06-12T17:00:00+05:30,Erkenchery toll gate,13.122153 80.251098 -66.80000305175781 17.992000579833984,13.122153,80.251098,-66.80000305,17.99200058,,Stainless Steel Bus Shelter, Clean and Well Maintained,On the road edge / footpath edge – directly adjacent to traffic,0,1,0,,Yes,No,Yes,No - It's obstructed due to encroachment ,3,At the bus stop – buses pull up to the shelter/marked stop,1,0,0,0,"Way Out in the Road (More than 1 meter): The bus stops far from the footpath, blocking a lane of traffic, forcing people to walk across active traffic to board the bus",Footpath available to reach the bus stop from both directions Ramp for wheelchair users to access the bus stop,1,0,1,0,0,0,0,,Heavily encroached – the stop is largely unusable because of obstructions,No – area appears well-drained,"Somewhat safe – some concerns (e.g., poor visibility, isolated location)", No – overcrowded or high number of people standing on the road,"Yes – but the roof is inadequate (too tall, too small, gaps, or partial coverage)",Yes - sufficient shade from surrounding trees,Partially – some light but insufficient,Yes – clear sightline to see the approaching buses,No - the seating is too small to sit comfortably ,No – name is missing,Yes – but information seems outdated or unreliable,Seating / bench Sufficient seating for the number of people typically waiting Digital information boards with real time arrival information and service alerts,1,1,0,0,0,0,1,0,Other,Yes – advertisements dominate; passenger information is secondary,Yes,No,1000169459-16_0_30.jpg,https://kf.kobotoolbox.org/api/v2/assets/axZaE8YRFpZYaQWWvuZPyu/data/778658732/attachments/attTd6rgfizHR3L2Uoj4qeVT/,1000169465-16_0_36.jpg,https://kf.kobotoolbox.org/api/v2/assets/axZaE8YRFpZYaQWWvuZPyu/data/778658732/attachments/attNdMMb26cou2NtZwPv4cfq/,1000169466-16_0_40.jpg,https://kf.kobotoolbox.org/api/v2/assets/axZaE8YRFpZYaQWWvuZPyu/data/778658732/attachments/attAP3cUTvu8fGMLP7kRLpD7/,1000169466-17_0_8.jpg,https://kf.kobotoolbox.org/api/v2/assets/axZaE8YRFpZYaQWWvuZPyu/data/778658732/attachments/attZkzpvSVHhCg4tr4WRHytZ/,778658732,957b313b-44d9-41c9-bd37-54eadb78a691,2026-06-12T17:00:48+05:30,,,submitted_via_web,v73kjXt7geHumXyTDeh2CX,,uuid:957b313b-44d9-41c9-bd37-54eadb78a691,17,Chennai,Chennai,13.122153,80.251098,device_gps,OK
2026-06-12T17:00:39.002000+05:30,2026-06-13T15:25:21.572000+05:30,2026-06-13T15:25:00+05:30,Moolakadai bus stand,13.128915 80.24108 -66.80000305175781 4.199999809265137,13.128915,80.24108,-66.80000305,4.199999809,,Stainless Steel Bus Shelter, Clean and Well Maintained,"Set back from the road – against a wall, compound, or building edge",1,0,0,,Yes,No,Yes,No - It's obstructed due to encroachment ,2,Away from the bus stop – buses stop before or beyond the shelter/marked location,0,1,0,0,One Step Out (30 cm to 1 meter): Passengers have to step down onto the road surface first to board.,"Ramp is in usable condition (not too steep, not broken, nor blocked)",0,0,0,1,0,0,0,,"Partially encroached – e.g., vendors, parked two-wheelers, auto-rickshaws, construction material",No – area appears well-drained,"Safe – well-lit, visible, and active surroundings",Yes – adequate space for passengers,Yes – roof is intact and effective,Partial – some shade but insufficient,Unsure / Not observed,Yes – clear sightline to see the approaching buses,No - the seating is too small to sit comfortably ,"Yes – but faded, small, or difficult to read",Yes – but information seems outdated or unreliable,Dustbin / waste bin,0,0,1,0,0,0,0,0,"Mostly Institutional - Schools, Hospitals, Govt. Offices, etc",Yes – advertisements present but passenger information is still clearly visible,No,No,1000170054-15_24_3.jpg,https://kf.kobotoolbox.org/api/v2/assets/axZaE8YRFpZYaQWWvuZPyu/data/779462152/attachments/attdUHLnmNqxUEQqxcJhVX3X/,1000170055-15_24_7.jpg,https://kf.kobotoolbox.org/api/v2/assets/axZaE8YRFpZYaQWWvuZPyu/data/779462152/attachments/attwvY5ZaevbrhZ6YnUv6z5e/,1000170056-15_24_12.jpg,https://kf.kobotoolbox.org/api/v2/assets/axZaE8YRFpZYaQWWvuZPyu/data/779462152/attachments/attSard5UBUwSwCatpJTUVpk/,1000170057-15_24_17.jpg,https://kf.kobotoolbox.org/api/v2/assets/axZaE8YRFpZYaQWWvuZPyu/data/779462152/attachments/attHS8EGPaXeMd3yKC5koPh6/,779462152,1d4fef0c-d658-460b-af04-61fcf24f1cb0,2026-06-13T15:25:27+05:30,,,submitted_via_web,v73kjXt7geHumXyTDeh2CX,,uuid:1d4fef0c-d658-460b-af04-61fcf24f1cb0,18,Chennai,Chennai,13.128915,80.24108,device_gps,OK
2026-06-13T15:25:21.807000+05:30,2026-06-13T15:32:17.776000+05:30,2026-06-13T15:32:00+05:30,Moolakadai bus stand,13.129143 80.241358 -65.70000457763672 4.599999904632568,13.129143,80.241358,-65.70000458,4.599999905,,Stainless Steel Bus Shelter,Satisfactory – minor wear/dusty but usable,"Set back from the road – against a wall, compound, or building edge",1,0,0,,Yes,No,Yes,No - It's obstructed due to encroachment ,2,Away from the bus stop – buses stop before or beyond the shelter/marked location,0,1,0,0,One Step Out (30 cm to 1 meter): Passengers have to step down onto the road surface first to board.,Ramp for wheelchair users to access the bus stop,0,0,1,0,0,0,0,,"Partially encroached – e.g., vendors, parked two-wheelers, auto-rickshaws, construction material",No – area appears well-drained,"Somewhat safe – some concerns (e.g., poor visibility, isolated location)", No – overcrowded or high number of people standing on the road,"Yes – but the roof is inadequate (too tall, too small, gaps, or partial coverage)",Yes - sufficient shade from surrounding trees,"Yes – lit by nearby street lights, shop fronts, or advertisement boards","No – sightline is blocked (by structure, advertisement boards, trees, or parked vehicles)",No - the seating is too slippery,No – name is missing,Yes – but information seems outdated or unreliable,Seating / bench,1,0,0,0,0,0,0,0,"Mostly Institutional - Schools, Hospitals, Govt. Offices, etc",Yes – advertisements dominate; passenger information is secondary,No,No,1000170058-15_31_44.jpg,https://kf.kobotoolbox.org/api/v2/assets/axZaE8YRFpZYaQWWvuZPyu/data/779467520/attachments/att8yBTX4tuH6NMqKnvQ4s7V/,1000170059-15_31_50.jpg,https://kf.kobotoolbox.org/api/v2/assets/axZaE8YRFpZYaQWWvuZPyu/data/779467520/attachments/atttXwbRJvT74H7e6wCv9Zi9/,1000170060-15_31_54.jpg,https://kf.kobotoolbox.org/api/v2/assets/axZaE8YRFpZYaQWWvuZPyu/data/779467520/attachments/attDcQg6FhhWsJ4JzbVXa3eL/,1000170061-15_32_3.jpg,https://kf.kobotoolbox.org/api/v2/assets/axZaE8YRFpZYaQWWvuZPyu/data/779467520/attachments/attru5xiZxAnwnyZHtHtMYnL/,779467520,d8e783a5-3c34-4676-8b4c-b3d7dd31ddaf,2026-06-13T15:32:20+05:30,,,submitted_via_web,v73kjXt7geHumXyTDeh2CX,,uuid:d8e783a5-3c34-4676-8b4c-b3d7dd31ddaf,19,Chennai,Chennai,13.129143,80.241358,device_gps,OK
2026-06-13T15:32:18.094000+05:30,2026-06-13T15:39:35.274000+05:30,2026-06-13T15:39:00+05:30,Moolakadai bus stand 2,13.128582 80.241889 -65.30000305175781 27.04400062561035,13.128582,80.241889,-65.30000305,27.04400063,,Stainless Steel Bus Shelter,Satisfactory – minor wear/dusty but usable,"Set back from the road – against a wall, compound, or building edge",1,0,0,,Yes,No,Yes,No - It's obstructed due to encroachment ,2,Bus stop not clearly marked,0,0,1,0,Perfect / Flush (Less than 30 cm): Passengers can step directly from the footpath onto the bus.,Footpath available to reach the bus stop from both directions,1,0,0,0,0,0,0,,"Partially encroached – e.g., vendors, parked two-wheelers, auto-rickshaws, construction material","Yes – signs of standing water, algae, or drainage issues visible","Safe – well-lit, visible, and active surroundings", No – overcrowded or high number of people standing on the road,"Yes – but the roof is inadequate (too tall, too small, gaps, or partial coverage)",Partial – some shade but insufficient,Partially – some light but insufficient,Yes – clear sightline to see the approaching buses,No - the seating is too high ,"Yes – but faded, small, or difficult to read",Yes – but information seems outdated or unreliable,Seating / bench,1,0,0,0,0,0,0,0,"Mostly Residential - Housing, Apartments, etc",Yes – advertisements present but passenger information is still clearly visible,No,No,1000170064-15_38_55.jpg,https://kf.kobotoolbox.org/api/v2/assets/axZaE8YRFpZYaQWWvuZPyu/data/779473206/attachments/attJtR4phdxcjyPtAds6CTfG/,1000170065-15_39_3.jpg,https://kf.kobotoolbox.org/api/v2/assets/axZaE8YRFpZYaQWWvuZPyu/data/779473206/attachments/attbs8fgVGtRPvExReJ9VAn3/,1000170066-15_39_8.jpg,https://kf.kobotoolbox.org/api/v2/assets/axZaE8YRFpZYaQWWvuZPyu/data/779473206/attachments/attWbs8qRa9qBHRKfdP2Lcmn/,1000170067-15_39_11.jpg,https://kf.kobotoolbox.org/api/v2/assets/axZaE8YRFpZYaQWWvuZPyu/data/779473206/attachments/attDtdoL369QxdEsPMoN7xMm/,779473206,a8d8446f-c841-407c-98b1-4da976c0b44f,2026-06-13T15:39:38+05:30,,,submitted_via_web,v73kjXt7geHumXyTDeh2CX,,uuid:a8d8446f-c841-407c-98b1-4da976c0b44f,20,Chennai,Chennai,13.128582,80.241889,device_gps,OK
2026-06-12T16:43:55.613000+05:30,2026-06-13T15:44:46.458000+05:30,2026-06-13T15:15:00+05:30,Erukkacheri tolket,13.122067 80.251046 -67.10000610351562 41.31800079345703,13.122067,80.251046,-67.1000061,41.31800079,,Stainless Steel Bus Shelter,Unclean/Poorly Maintained,"Set back from the road – against a wall, compound, or building edge",1,0,0,,Yes,Yes,No,No - It's obstructed due to encroachment ,1 - this is a standalone shelter ,Bus stop not clearly marked,0,0,1,0,One Step Out (30 cm to 1 meter): Passengers have to step down onto the road surface first to board.,"Footpath is walkable and free of encroachment like parking, vendors, utility boxes, garbage, etc",0,1,0,0,0,0,0,,"Partially encroached – e.g., vendors, parked two-wheelers, auto-rickshaws, construction material",Unsure,"Somewhat safe – some concerns (e.g., poor visibility, isolated location)", No – overcrowded or high number of people standing on the road,"Yes – but the roof is inadequate (too tall, too small, gaps, or partial coverage)",Partial – some shade but insufficient,Partially – some light but insufficient,Yes – clear sightline to see the approaching buses,No - the seating is too small to sit comfortably ,Yes – name is prominently visible and legible,Yes – but information seems outdated or unreliable,Seating / bench,1,0,0,0,0,0,0,0,"Mostly commercial - Office buildings, malls, large stores, etc",Yes – advertisements present but passenger information is still clearly visible,No,No,17813437214557929887940348531975-15_12_26.jpg,https://kf.kobotoolbox.org/api/v2/assets/axZaE8YRFpZYaQWWvuZPyu/data/779476825/attachments/attVqWK3uDsyzV97ZQTBCZMw/,1781343769754537046051775103053-15_12_57.jpg,https://kf.kobotoolbox.org/api/v2/assets/axZaE8YRFpZYaQWWvuZPyu/data/779476825/attachments/attSMpXnhxsxYFVBaKp9QuAz/,17813437849101063839044034270820-15_13_20.jpg,https://kf.kobotoolbox.org/api/v2/assets/axZaE8YRFpZYaQWWvuZPyu/data/779476825/attachments/attDyTGHcqXD7PoSGvCrpSLc/,17813438061118203985798394014091-15_13_36.jpg,https://kf.kobotoolbox.org/api/v2/assets/axZaE8YRFpZYaQWWvuZPyu/data/779476825/attachments/atthSuxdGnK2tqJJju6HNcgH/,779476825,608d55d9-796e-4315-8cb8-9918f4ecd617,2026-06-13T15:44:52+05:30,,,submitted_via_web,v73kjXt7geHumXyTDeh2CX,,uuid:608d55d9-796e-4315-8cb8-9918f4ecd617,21,Chennai,Chennai,13.122067,80.251046,device_gps,OK
2026-06-13T15:39:35.490000+05:30,2026-06-13T16:01:34.527000+05:30,2026-06-13T16:01:00+05:30,Simpson moolakadai,13.12408 80.24209 -65.5 15.996000289916992,13.12408,80.24209,-65.5,15.99600029,,Stainless Steel Bus Shelter,Satisfactory – minor wear/dusty but usable,On the road edge / footpath edge – directly adjacent to traffic,0,1,0,,Yes,No,No,No - It's obstructed due to encroachment ,2,Away from the bus stop – buses stop before or beyond the shelter/marked location,0,1,0,0,One Step Out (30 cm to 1 meter): Passengers have to step down onto the road surface first to board.,"Footpath is walkable and free of encroachment like parking, vendors, utility boxes, garbage, etc",0,1,0,0,0,0,0,,"Partially encroached – e.g., vendors, parked two-wheelers, auto-rickshaws, construction material","Yes – signs of standing water, algae, or drainage issues visible","Somewhat safe – some concerns (e.g., poor visibility, isolated location)", No – overcrowded or high number of people standing on the road,"Yes – but the roof is inadequate (too tall, too small, gaps, or partial coverage)",Yes - from both bus shelter AND trees,"Yes – lit by nearby street lights, shop fronts, or advertisement boards","No – sightline is blocked (by structure, advertisement boards, trees, or parked vehicles)",No - the seating is too high ,"Yes – but faded, small, or difficult to read",Yes – route list is prominently displayed and appears current,Seating / bench Sufficient seating for the number of people typically waiting,1,1,0,0,0,0,0,0,"Mixed Use - A mix of commercial/residential/office, etc",No advertisements,No advertisement,No drinking water,1000170070-16_1_13.jpg,https://kf.kobotoolbox.org/api/v2/assets/axZaE8YRFpZYaQWWvuZPyu/data/779489180/attachments/att7EVGWdRqZ9knoxDzcVtAK/,1000170069-16_0_59.jpg,https://kf.kobotoolbox.org/api/v2/assets/axZaE8YRFpZYaQWWvuZPyu/data/779489180/attachments/attEpnMKNopLAziqeTPytC9B/,1000170072-16_1_22.jpg,https://kf.kobotoolbox.org/api/v2/assets/axZaE8YRFpZYaQWWvuZPyu/data/779489180/attachments/attRFW8oqbtHMSvPY94QmqAs/,1000170071-16_1_25.jpg,https://kf.kobotoolbox.org/api/v2/assets/axZaE8YRFpZYaQWWvuZPyu/data/779489180/attachments/atth6NriNEFTJVmtH77bTmTQ/,779489180,d7470242-58df-4e00-8ce8-32d4a194cf99,2026-06-13T16:01:40+05:30,,,submitted_via_web,v73kjXt7geHumXyTDeh2CX,,uuid:d7470242-58df-4e00-8ce8-32d4a194cf99,22,Chennai,Chennai,13.12408,80.24209,device_gps,OK
2026-06-13T15:44:46.813000+05:30,2026-06-13T16:13:40.888000+05:30,2026-06-13T15:56:00+05:30,Don Bosco school,13.124103 80.242088 -65.80000305175781 23.882999420166016,13.124103,80.242088,-65.80000305,23.88299942,,Stainless Steel Bus Shelter,Unclean/Poorly Maintained,"Set back from the road – against a wall, compound, or building edge On the road edge / footpath edge – directly adjacent to traffic",1,1,0,,No,No,No,,1 - this is a standalone shelter ,Bus stop not clearly marked Unsure / not observed,0,0,1,1,Unsure / not observed,"Footpath is walkable and free of encroachment like parking, vendors, utility boxes, garbage, etc",0,1,0,0,0,0,0,,"Partially encroached – e.g., vendors, parked two-wheelers, auto-rickshaws, construction material",Unsure,"Unsafe – poorly lit, isolated, or has a history of feeling threatening", No – overcrowded or high number of people standing on the road,"Yes – but the roof is inadequate (too tall, too small, gaps, or partial coverage)",Yes - from both bus shelter AND trees,Partially – some light but insufficient,"No – sightline is blocked (by structure, advertisement boards, trees, or parked vehicles)",No - the seating is too small to sit comfortably ,No – name is missing,No information displayed at all,Seating / bench,1,0,0,0,0,0,0,0,"Mostly commercial - Retail shops. restaurants, cafes, markets, etc",No advertisements,No,No,17813472197482146816069790974935-16_10_47.jpg,https://kf.kobotoolbox.org/api/v2/assets/axZaE8YRFpZYaQWWvuZPyu/data/779498536/attachments/attbQssR7yXNHEYsy4e8kWQW/,17813473641171126257200431721801-16_12_55.jpg,https://kf.kobotoolbox.org/api/v2/assets/axZaE8YRFpZYaQWWvuZPyu/data/779498536/attachments/attCPwaU5p5mgCAnpewFKZ2R/,17813473814433834187431988880047-16_13_10.jpg,https://kf.kobotoolbox.org/api/v2/assets/axZaE8YRFpZYaQWWvuZPyu/data/779498536/attachments/atteRZcSmAKcBSTcL2DEaq7F/,17813473968005590606398653527236-16_13_29.jpg,https://kf.kobotoolbox.org/api/v2/assets/axZaE8YRFpZYaQWWvuZPyu/data/779498536/attachments/attLGmSXCsiBMVLtkyRXxMDX/,779498536,ef51917a-8b34-4b51-93dd-35640f0ef9bd,2026-06-13T16:13:45+05:30,,,submitted_via_web,v73kjXt7geHumXyTDeh2CX,,uuid:ef51917a-8b34-4b51-93dd-35640f0ef9bd,23,Chennai,Chennai,13.124103,80.242088,device_gps,OK
2026-06-13T16:01:34.740000+05:30,2026-06-13T16:25:35.198000+05:30,2026-06-13T16:25:00+05:30,Don Bosco school moolakadai,13.121201 80.242746 -66 23.054000854492188,13.121201,80.242746,-66,23.05400085,,Temporary/Makeshift Bus Shelter,Satisfactory – minor wear/dusty but usable,"Set back from the road – against a wall, compound, or building edge",1,0,0,,Yes,No,Yes,No - It's obstructed due to encroachment ,2,At the bus stop – buses pull up to the shelter/marked stop,1,0,0,0,One Step Out (30 cm to 1 meter): Passengers have to step down onto the road surface first to board.,Footpath available to reach the bus stop from both directions Pedestrian crossing at/close to the bus stop to cross the road?,1,0,0,0,0,1,0,,Heavily encroached – the stop is largely unusable because of obstructions,"Yes – signs of standing water, algae, or drainage issues visible","Safe – well-lit, visible, and active surroundings", No – overcrowded or high number of people standing on the road,"Yes – but the roof is inadequate (too tall, too small, gaps, or partial coverage)",Yes - sufficient shade from surrounding trees,"Yes – lit by nearby street lights, shop fronts, or advertisement boards",Yes – clear sightline to see the approaching buses,No - the seating is too high ,"Yes – but faded, small, or difficult to read",Yes – but information seems outdated or unreliable,Dustbin / waste bin,0,0,1,0,0,0,0,0,"Mixed Use - A mix of commercial/residential/office, etc",Yes – advertisements present but passenger information is still clearly visible,No,NO advertisement,1000170078-16_25_12.jpg,https://kf.kobotoolbox.org/api/v2/assets/axZaE8YRFpZYaQWWvuZPyu/data/779508213/attachments/attxL2BqBcenikdTXDmjcRjy/,1000170079-16_25_17.jpg,https://kf.kobotoolbox.org/api/v2/assets/axZaE8YRFpZYaQWWvuZPyu/data/779508213/attachments/attBEXfMDj5Ub5h8N3BJLBJb/,1000170080-16_25_22.jpg,https://kf.kobotoolbox.org/api/v2/assets/axZaE8YRFpZYaQWWvuZPyu/data/779508213/attachments/attQsiNwsLx3QvwEaZD7bRVn/,1000170081-16_25_26.jpg,https://kf.kobotoolbox.org/api/v2/assets/axZaE8YRFpZYaQWWvuZPyu/data/779508213/attachments/attMVwRJM7rg5ecbjp8rhYiH/,779508213,82081bc2-e8b3-461e-83b7-392ae591ca68,2026-06-13T16:25:39+05:30,,,submitted_via_web,v73kjXt7geHumXyTDeh2CX,,uuid:82081bc2-e8b3-461e-83b7-392ae591ca68,24,Chennai,Chennai,13.121201,80.242746,device_gps,OK
2026-06-13T16:13:41.224000+05:30,2026-06-13T16:35:05.764000+05:30,2026-06-13T16:26:00+05:30,Brindha theater,13.119239 80.242673 -66 17.336000442504883,13.119239,80.242673,-66,17.33600044,,Stainless Steel Bus Shelter,Satisfactory – minor wear/dusty but usable,"Set back from the road – against a wall, compound, or building edge",1,0,0,,No,No,No,,2,Away from the bus stop – buses stop before or beyond the shelter/marked location,0,1,0,0,One Step Out (30 cm to 1 meter): Passengers have to step down onto the road surface first to board.,Ramp for wheelchair users to access the bus stop,0,0,1,0,0,0,0,,"Partially encroached – e.g., vendors, parked two-wheelers, auto-rickshaws, construction material",Unsure,"Unsafe – poorly lit, isolated, or has a history of feeling threatening", No – overcrowded or high number of people standing on the road,No – The roof is too damaged or broken to provide shelter,Partial – some shade but insufficient,No – inadequate or no lighting at all,"No – sightline is blocked (by structure, advertisement boards, trees, or parked vehicles)",No - the seating is too high ,Yes – name is prominently visible and legible,Yes – but information seems outdated or unreliable,Seating / bench Dustbin / waste bin Public toilet nearby (within eyesight),1,0,1,0,1,0,0,0,"Mixed Use - A mix of commercial/residential/office, etc",Yes – advertisements present but passenger information is still clearly visible,No,No,17813481657916158555567918184777-16_26_17.jpg,https://kf.kobotoolbox.org/api/v2/assets/axZaE8YRFpZYaQWWvuZPyu/data/779514783/attachments/attv6oqPbgz2m9GzQQVTwHNc/,17813481875656149549127773816930-16_26_39.jpg,https://kf.kobotoolbox.org/api/v2/assets/axZaE8YRFpZYaQWWvuZPyu/data/779514783/attachments/attA6ZLPsECRjkeFT6HxwMLX/,178134833791544950490681638648-16_29_5.jpg,https://kf.kobotoolbox.org/api/v2/assets/axZaE8YRFpZYaQWWvuZPyu/data/779514783/attachments/attq5NUa5tJ6euysnpNuifDs/,1781348449879863783667736780940-16_30_58.jpg,https://kf.kobotoolbox.org/api/v2/assets/axZaE8YRFpZYaQWWvuZPyu/data/779514783/attachments/attsGE6WWLx85bTkoG8XgBAG/,779514783,2d82710e-9613-42bd-bd36-19d8ad7403e8,2026-06-13T16:35:11+05:30,,,submitted_via_web,v73kjXt7geHumXyTDeh2CX,,uuid:2d82710e-9613-42bd-bd36-19d8ad7403e8,25,Chennai,Chennai,13.119239,80.242673,device_gps,OK
2026-06-13T16:25:35.431000+05:30,2026-06-13T16:36:47.137000+05:30,2026-06-13T16:36:00+05:30,Brindha theatre moolakadai,13.118924 80.242586 -65.80000305175781 18.368999481201172,13.118924,80.242586,-65.80000305,18.36899948,,Concrete/Masonry Bus Shelter,Satisfactory – minor wear/dusty but usable,"Set back from the road – against a wall, compound, or building edge",1,0,0,,Yes,No,Yes,No - It's obstructed due to encroachment ,1 - this is a standalone shelter ,Away from the bus stop – buses stop before or beyond the shelter/marked location,0,1,0,0,One Step Out (30 cm to 1 meter): Passengers have to step down onto the road surface first to board.,Footpath available to reach the bus stop from both directions Pedestrian crossing at/close to the bus stop to cross the road?,1,0,0,0,0,1,0,,Heavily encroached – the stop is largely unusable because of obstructions,Unsure,"Somewhat safe – some concerns (e.g., poor visibility, isolated location)", No – overcrowded or high number of people standing on the road,No – The roof is too damaged or broken to provide shelter,Partial – some shade but insufficient,"Yes – lit by nearby street lights, shop fronts, or advertisement boards",Yes – clear sightline to see the approaching buses,No - the seating is too small to sit comfortably ,"Yes – but faded, small, or difficult to read",Yes – but information seems outdated or unreliable,Seating / bench,1,0,0,0,0,0,0,0,Compound Wall / Dead Edge - No activity near the stop,No advertisements,No,No,1000170082-16_36_21.jpg,https://kf.kobotoolbox.org/api/v2/assets/axZaE8YRFpZYaQWWvuZPyu/data/779516299/attachments/att4khYLrQpbpp4SQDREbhTE/,1000170083-16_36_26.jpg,https://kf.kobotoolbox.org/api/v2/assets/axZaE8YRFpZYaQWWvuZPyu/data/779516299/attachments/attqaB5QEXJY75kdsQRMhJzn/,1000170084-16_36_31.jpg,https://kf.kobotoolbox.org/api/v2/assets/axZaE8YRFpZYaQWWvuZPyu/data/779516299/attachments/attXqEThddHWrTYuQiBQSpPV/,1000170085-16_36_36.jpg,https://kf.kobotoolbox.org/api/v2/assets/axZaE8YRFpZYaQWWvuZPyu/data/779516299/attachments/attJjQm6S2hiUFvtuyKWkfLf/,779516299,b4d37bbf-a931-4eb9-adf8-a0f9938ec9c7,2026-06-13T16:36:53+05:30,,,submitted_via_web,v73kjXt7geHumXyTDeh2CX,,uuid:b4d37bbf-a931-4eb9-adf8-a0f9938ec9c7,26,Chennai,Chennai,13.118924,80.242586,device_gps,OK
2026-06-13T16:35:06.097000+05:30,2026-06-13T16:49:47.783000+05:30,2026-06-13T16:42:00+05:30,Lakshmi Amman Kovil,13.116558 80.242564 -63.400001525878906 17.249000549316406,13.116558,80.242564,-63.40000153,17.24900055,,Stainless Steel Bus Shelter,Satisfactory – minor wear/dusty but usable,"Set back from the road – against a wall, compound, or building edge",1,0,0,,No,Yes,No,,1 - this is a standalone shelter ,Away from the bus stop – buses stop before or beyond the shelter/marked location,0,1,0,0,No footpath available,None of the above,0,0,0,0,0,0,1,,"Partially encroached – e.g., vendors, parked two-wheelers, auto-rickshaws, construction material",Unsure,"Somewhat safe – some concerns (e.g., poor visibility, isolated location)", No – overcrowded or high number of people standing on the road,"Yes – but the roof is inadequate (too tall, too small, gaps, or partial coverage)",Yes - from both bus shelter AND trees,"Yes – lit by nearby street lights, shop fronts, or advertisement boards",Yes – clear sightline to see the approaching buses,No - the seating is too small to sit comfortably ,Yes – name is prominently visible and legible,Yes – but information seems outdated or unreliable,Seating / bench Dustbin / waste bin,1,0,1,0,0,0,0,0,"Mostly commercial - Retail shops. restaurants, cafes, markets, etc",Yes – advertisements dominate; passenger information is secondary,No,No,17813490421302153959228539813705-16_41_9.jpg,https://kf.kobotoolbox.org/api/v2/assets/axZaE8YRFpZYaQWWvuZPyu/data/779526116/attachments/attDXgwkuRizUrAck7SLHtxo/,17813490977814281157037505843486-16_41_51.jpg,https://kf.kobotoolbox.org/api/v2/assets/axZaE8YRFpZYaQWWvuZPyu/data/779526116/attachments/atth456dzBXaFSkrNYgZvcWK/,17813491247493007327396858576081-16_42_11.jpg,https://kf.kobotoolbox.org/api/v2/assets/axZaE8YRFpZYaQWWvuZPyu/data/779526116/attachments/attjPMa7dqpTwcnQYkBLx4qj/,,,779526116,95c5e7e5-ffec-4cc5-845b-f857b040c5ce,2026-06-13T16:49:52+05:30,,,submitted_via_web,v73kjXt7geHumXyTDeh2CX,,uuid:95c5e7e5-ffec-4cc5-845b-f857b040c5ce,27,Chennai,Chennai,13.116558,80.242564,device_gps,OK
2026-06-13T16:36:47.337000+05:30,2026-06-13T16:59:53.713000+05:30,2026-06-13T16:59:00+05:30,Melpatti Ponnappa street Perambur,13.115757 80.245678 -64.4000015258789 13.803000450134277,13.115757,80.245678,-64.40000153,13.80300045,,Stainless Steel Bus Shelter, Clean and Well Maintained,"Set back from the road – against a wall, compound, or building edge",1,0,0,,Yes,No,Yes,No - It's obstructed due to encroachment ,1 - this is a standalone shelter ,Away from the bus stop – buses stop before or beyond the shelter/marked location,0,1,0,0,One Step Out (30 cm to 1 meter): Passengers have to step down onto the road surface first to board.,Footpath available to reach the bus stop from both directions,1,0,0,0,0,0,0,," Yes – fully accessible, no obstructions","Yes – signs of standing water, algae, or drainage issues visible","Unsafe – poorly lit, isolated, or has a history of feeling threatening",Yes – adequate space for passengers,Yes – roof is intact and effective,Yes - sufficient shade from surrounding trees,Partially – some light but insufficient,Yes – clear sightline to see the approaching buses,No - the seating is too small to sit comfortably ,Yes – name is prominently visible and legible,Yes – but information seems outdated or unreliable,Seating / bench,1,0,0,0,0,0,0,0,"Mostly commercial - Retail shops. restaurants, cafes, markets, etc",Yes – advertisements present but passenger information is still clearly visible,No,No,1000170089-16_59_10.jpg,https://kf.kobotoolbox.org/api/v2/assets/axZaE8YRFpZYaQWWvuZPyu/data/779533542/attachments/attWwjYUSNXG9nFRiz3P8QT5/,1000170090-16_59_14.jpg,https://kf.kobotoolbox.org/api/v2/assets/axZaE8YRFpZYaQWWvuZPyu/data/779533542/attachments/attpGYwCMTjwcoLvS2ZJDz9j/,1000170092-16_59_19.jpg,https://kf.kobotoolbox.org/api/v2/assets/axZaE8YRFpZYaQWWvuZPyu/data/779533542/attachments/attdsPzmjPjJigXy5aBSeWmP/,1000170091-16_59_22.jpg,https://kf.kobotoolbox.org/api/v2/assets/axZaE8YRFpZYaQWWvuZPyu/data/779533542/attachments/attATDgFNvUp7My3kH8FEP9f/,779533542,d552b846-96a4-4811-b9bc-bd5d7d4aa014,2026-06-13T16:59:59+05:30,,,submitted_via_web,v73kjXt7geHumXyTDeh2CX,,uuid:d552b846-96a4-4811-b9bc-bd5d7d4aa014,28,Chennai,Chennai,13.115757,80.245678,device_gps,OK
2026-06-13T16:59:53.982000+05:30,2026-06-13T17:17:45.453000+05:30,2026-06-13T17:17:00+05:30,Eswari Kalyana Mandapam Perambur,13.115259 80.248164 -65.10000610351562 14.748000144958496,13.115259,80.248164,-65.1000061,14.74800014,,Stainless Steel Bus Shelter, Clean and Well Maintained,"Set back from the road – against a wall, compound, or building edge",1,0,0,,Yes,No,Yes,Yes - It's free of obstructions and feels safe to use,1 - this is a standalone shelter ,At the bus stop – buses pull up to the shelter/marked stop,1,0,0,0,No footpath available,Footpath available to reach the bus stop from both directions Ramp for wheelchair users to access the bus stop Tactile paving for visually impaired users,1,0,1,0,1,0,0,," Yes – fully accessible, no obstructions",No – area appears well-drained,"Somewhat safe – some concerns (e.g., poor visibility, isolated location)",Yes – adequate space for passengers,"Yes – but the roof is inadequate (too tall, too small, gaps, or partial coverage)",No – exposed to full sun,"Yes – lit by nearby street lights, shop fronts, or advertisement boards",Yes – clear sightline to see the approaching buses,"Yes - the seating is of the right height, width, and depth to sit comfortably while waiting for the bus",Yes – name is prominently visible and legible,Yes – but information seems outdated or unreliable,Seating / bench Dustbin / waste bin,1,0,1,0,0,0,0,0,"Mostly commercial - Office buildings, malls, large stores, etc",Yes – advertisements present but passenger information is still clearly visible,No,No,1000170095-17_17_23.jpg,https://kf.kobotoolbox.org/api/v2/assets/axZaE8YRFpZYaQWWvuZPyu/data/779545921/attachments/att29M5HF7SJnhnqHohSGA4S/,1000170096-17_17_28.jpg,https://kf.kobotoolbox.org/api/v2/assets/axZaE8YRFpZYaQWWvuZPyu/data/779545921/attachments/attCfkMNTdzk8HDKsovmMBAr/,1000170097-17_17_32.jpg,https://kf.kobotoolbox.org/api/v2/assets/axZaE8YRFpZYaQWWvuZPyu/data/779545921/attachments/attmXNiUGKpdyfzEcsXob8EU/,1000170098-17_17_37.jpg,https://kf.kobotoolbox.org/api/v2/assets/axZaE8YRFpZYaQWWvuZPyu/data/779545921/attachments/att7PDjpJrRWCms9wKX4UonE/,779545921,e9fc56b9-6f86-4eca-a963-c8cbb528cfc2,2026-06-13T17:17:50+05:30,,,submitted_via_web,v73kjXt7geHumXyTDeh2CX,,uuid:e9fc56b9-6f86-4eca-a963-c8cbb528cfc2,29,Chennai,Chennai,13.115259,80.248164,device_gps,OK
2026-06-13T17:17:45.687000+05:30,2026-06-13T17:33:34.679000+05:30,2026-06-13T17:33:00+05:30,Vadivudaiamman Kovil Perambur,13.114712 80.252239 -67.30000305175781 25.211999893188477,13.114712,80.252239,-67.30000305,25.21199989,,Stainless Steel Bus Shelter,Satisfactory – minor wear/dusty but usable,"Set back from the road – against a wall, compound, or building edge On the road edge / footpath edge – directly adjacent to traffic",1,1,0,,Yes,Yes,Yes,Yes - It's free of obstructions and feels safe to use,1 - this is a standalone shelter ,At the bus stop – buses pull up to the shelter/marked stop,1,0,0,0,Perfect / Flush (Less than 30 cm): Passengers can step directly from the footpath onto the bus.,Footpath available to reach the bus stop from both directions,1,0,0,0,0,0,0,," Yes – fully accessible, no obstructions","Yes – signs of standing water, algae, or drainage issues visible","Somewhat safe – some concerns (e.g., poor visibility, isolated location)",Yes – adequate space for passengers,No – The roof is too damaged or broken to provide shelter,Partial – some shade but insufficient,Yes – the bus shelter itself has a working light,Yes – clear sightline to see the approaching buses,No - the seating is too small to sit comfortably ,Yes – name is prominently visible and legible,Yes – route list is prominently displayed and appears current,Seating / bench Dustbin / waste bin,1,0,1,0,0,0,0,0,"Mostly commercial - Office buildings, malls, large stores, etc",Yes – advertisements present but passenger information is still clearly visible,No,No,1000170099-17_31_34.jpg,https://kf.kobotoolbox.org/api/v2/assets/axZaE8YRFpZYaQWWvuZPyu/data/779556349/attachments/attHd9zFWHRTXrmFv63wpYZL/,1000170105-17_32_54.jpg,https://kf.kobotoolbox.org/api/v2/assets/axZaE8YRFpZYaQWWvuZPyu/data/779556349/attachments/attc24DDHgrGk3Ern39S5MeE/,1000170101-17_33_15.jpg,https://kf.kobotoolbox.org/api/v2/assets/axZaE8YRFpZYaQWWvuZPyu/data/779556349/attachments/attkudjEgcXi7YTdiKadGQka/,1000170102-17_33_20.jpg,https://kf.kobotoolbox.org/api/v2/assets/axZaE8YRFpZYaQWWvuZPyu/data/779556349/attachments/attMKSGy3HNUYbznwsvr6o2e/,779556349,1a71a401-b5c6-42bf-92ae-c32b96f5828e,2026-06-13T17:33:39+05:30,,,submitted_via_web,v73kjXt7geHumXyTDeh2CX,,uuid:1a71a401-b5c6-42bf-92ae-c32b96f5828e,30,Chennai,Chennai,13.114712,80.252239,device_gps,OK
2026-06-13T16:49:48.208000+05:30,2026-06-13T17:36:31.710000+05:30,2026-06-13T17:28:00+05:30,புளியந்தோப்பு (p1) காவல் நிலையம்,13.100203 80.25992 -68 16.586999893188477,13.100203,80.25992,-68,16.58699989,,Stainless Steel Bus Shelter,Satisfactory – minor wear/dusty but usable,"Set back from the road – against a wall, compound, or building edge",1,0,0,,No,No,No,,1 - this is a standalone shelter ,Away from the bus stop – buses stop before or beyond the shelter/marked location Bus stop not clearly marked,0,1,1,0,One Step Out (30 cm to 1 meter): Passengers have to step down onto the road surface first to board.,"Footpath is walkable and free of encroachment like parking, vendors, utility boxes, garbage, etc Pedestrian crossing at/close to the bus stop to cross the road?",0,1,0,0,0,1,0,," Yes – fully accessible, no obstructions","Yes – signs of standing water, algae, or drainage issues visible","Safe – well-lit, visible, and active surroundings",Yes – adequate space for passengers,"Yes – but the roof is inadequate (too tall, too small, gaps, or partial coverage)",Yes - from both bus shelter AND trees,"Yes – lit by nearby street lights, shop fronts, or advertisement boards",Yes – clear sightline to see the approaching buses,"Yes - the seating is of the right height, width, and depth to sit comfortably while waiting for the bus",Yes – name is prominently visible and legible,Yes – but information seems outdated or unreliable,Seating / bench Digital information boards with real time arrival information and service alerts,1,0,0,0,0,0,1,0,"Mostly commercial - Retail shops. restaurants, cafes, markets, etc",Yes – advertisements dominate; passenger information is secondary,No,No,17813518305394135383252824124585-17_27_20.jpg,https://kf.kobotoolbox.org/api/v2/assets/axZaE8YRFpZYaQWWvuZPyu/data/779558703/attachments/attRRCizwkWQgSHYPjfMzNV9/,17813518487466360485120159733087-17_27_39.jpg,https://kf.kobotoolbox.org/api/v2/assets/axZaE8YRFpZYaQWWvuZPyu/data/779558703/attachments/att2MLusY92tUiBQVBxSrXAr/,17813518716867624417878144369689-17_27_58.jpg,https://kf.kobotoolbox.org/api/v2/assets/axZaE8YRFpZYaQWWvuZPyu/data/779558703/attachments/atth9PYvqkEvMqbU2jpZrMsY/,,,779558703,9788820d-f884-44b2-a152-620b9195b0ef,2026-06-13T17:36:37+05:30,,,submitted_via_web,v73kjXt7geHumXyTDeh2CX,,uuid:9788820d-f884-44b2-a152-620b9195b0ef,31,Chennai,Chennai,13.100203,80.25992,device_gps,OK
2026-06-13T17:33:34.923000+05:30,2026-06-13T17:40:08.778000+05:30,2026-06-13T17:40:00+05:30,Renuka amman Kovil Perambur,13.114689 80.252378 -67.30000305175781 15.673999786376953,13.114689,80.252378,-67.30000305,15.67399979,,Stainless Steel Bus Shelter, Clean and Well Maintained,"Set back from the road – against a wall, compound, or building edge",1,0,0,,Yes,No,Yes,Yes - It's free of obstructions and feels safe to use,1 - this is a standalone shelter ,Away from the bus stop – buses stop before or beyond the shelter/marked location,0,1,0,0,One Step Out (30 cm to 1 meter): Passengers have to step down onto the road surface first to board.,Footpath available to reach the bus stop from both directions,1,0,0,0,0,0,0,," Yes – fully accessible, no obstructions","Yes – signs of standing water, algae, or drainage issues visible","Somewhat safe – some concerns (e.g., poor visibility, isolated location)", No – overcrowded or high number of people standing on the road,No – The roof is too damaged or broken to provide shelter,Yes - from both bus shelter AND trees,"Yes – lit by nearby street lights, shop fronts, or advertisement boards",Yes – clear sightline to see the approaching buses,"Yes - the seating is of the right height, width, and depth to sit comfortably while waiting for the bus",Yes – name is prominently visible and legible,Yes – route list is prominently displayed and appears current,Seating / bench,1,0,0,0,0,0,0,0,"Mostly commercial - Retail shops. restaurants, cafes, markets, etc",Yes – advertisements present but passenger information is still clearly visible,No,No,1000170106-17_39_44.jpg,https://kf.kobotoolbox.org/api/v2/assets/axZaE8YRFpZYaQWWvuZPyu/data/779561369/attachments/attsXfS9nUtkynjEX7gCYJPj/,1000170107-17_39_50.jpg,https://kf.kobotoolbox.org/api/v2/assets/axZaE8YRFpZYaQWWvuZPyu/data/779561369/attachments/attkbgsfBDvVoxCePzdJSJW9/,1000170109-17_39_55.jpg,https://kf.kobotoolbox.org/api/v2/assets/axZaE8YRFpZYaQWWvuZPyu/data/779561369/attachments/attUgBtEvg9WiG884bcfnsBk/,1000170108-17_39_58.jpg,https://kf.kobotoolbox.org/api/v2/assets/axZaE8YRFpZYaQWWvuZPyu/data/779561369/attachments/att2kZWXdoLcdNh3gXykAKrR/,779561369,fbf3dae8-c492-428f-a24e-3e4dffdfeea4,2026-06-13T17:40:13+05:30,,,submitted_via_web,v73kjXt7geHumXyTDeh2CX,,uuid:fbf3dae8-c492-428f-a24e-3e4dffdfeea4,32,Chennai,Chennai,13.114689,80.252378,device_gps,OK
2026-06-13T17:40:09.011000+05:30,2026-06-13T17:49:06.956000+05:30,2026-06-13T17:46:00+05:30,Fire station Bus stand Vysarpadi,13.113862 80.255298 -66.9000015258789 15.918000221252441,13.113862,80.255298,-66.90000153,15.91800022,,Stainless Steel Bus Shelter,Severely Damaged / Unusable,"Set back from the road – against a wall, compound, or building edge",1,0,0,,No,No,No,,1 - this is a standalone shelter ,Bus stop not clearly marked,0,0,1,0,Perfect / Flush (Less than 30 cm): Passengers can step directly from the footpath onto the bus.,"Footpath is walkable and free of encroachment like parking, vendors, utility boxes, garbage, etc",0,1,0,0,0,0,0,,"Partially encroached – e.g., vendors, parked two-wheelers, auto-rickshaws, construction material","Yes – signs of standing water, algae, or drainage issues visible",Unable to assess (audit done only in daytime), No – overcrowded or high number of people standing on the road,No – The roof is too damaged or broken to provide shelter,Partial – some shade but insufficient,"Yes – lit by nearby street lights, shop fronts, or advertisement boards","No – sightline is blocked (by structure, advertisement boards, trees, or parked vehicles)",No - the seating is too small to sit comfortably ,No – name is missing,Yes – but information seems outdated or unreliable,Seating / bench,1,0,0,0,0,0,0,0,"Mostly commercial - Retail shops. restaurants, cafes, markets, etc",Yes – advertisements present but passenger information is still clearly visible,No,No,1000170111-17_48_35.jpg,https://kf.kobotoolbox.org/api/v2/assets/axZaE8YRFpZYaQWWvuZPyu/data/779568177/attachments/atteotGZ977o2TjTiS6Qg2zo/,1000170112-17_48_38.jpg,https://kf.kobotoolbox.org/api/v2/assets/axZaE8YRFpZYaQWWvuZPyu/data/779568177/attachments/att6Uj6bKPbx9JqhZaaDCHk2/,1000170114-17_48_42.jpg,https://kf.kobotoolbox.org/api/v2/assets/axZaE8YRFpZYaQWWvuZPyu/data/779568177/attachments/attHQ8G8LDUiLZSi8PJybkEY/,1000170113-17_48_45.jpg,https://kf.kobotoolbox.org/api/v2/assets/axZaE8YRFpZYaQWWvuZPyu/data/779568177/attachments/att7k5zvABRHXquQBA3JJ8K2/,779568177,65e7615e-ce5b-4840-b082-f01eceb7a999,2026-06-13T17:49:10+05:30,,,submitted_via_web,v73kjXt7geHumXyTDeh2CX,,uuid:65e7615e-ce5b-4840-b082-f01eceb7a999,33,Chennai,Chennai,13.113862,80.255298,device_gps,OK
2026-06-13T17:36:32.046000+05:30,2026-06-13T17:49:25.419000+05:30,2026-06-13T17:43:00+05:30,புளியந்தோப்பு காவல் நிலையம் p1,13.100537 80.259918 -67.9000015258789 19.937999725341797,13.100537,80.259918,-67.90000153,19.93799973,,Stainless Steel Bus Shelter,Satisfactory – minor wear/dusty but usable,"Set back from the road – against a wall, compound, or building edge",1,0,0,,No,No,No,,2,Away from the bus stop – buses stop before or beyond the shelter/marked location,0,1,0,0,One Step Out (30 cm to 1 meter): Passengers have to step down onto the road surface first to board.,"Footpath is walkable and free of encroachment like parking, vendors, utility boxes, garbage, etc Pedestrian crossing at/close to the bus stop to cross the road?",0,1,0,0,0,1,0,,"Partially encroached – e.g., vendors, parked two-wheelers, auto-rickshaws, construction material","Yes – signs of standing water, algae, or drainage issues visible","Somewhat safe – some concerns (e.g., poor visibility, isolated location)", No – overcrowded or high number of people standing on the road,"Yes – but the roof is inadequate (too tall, too small, gaps, or partial coverage)",Yes - from both bus shelter AND trees,"Yes – lit by nearby street lights, shop fronts, or advertisement boards",Yes – clear sightline to see the approaching buses,No - the seating is too small to sit comfortably ,"Yes – but faded, small, or difficult to read",Yes – but information seems outdated or unreliable,Sufficient seating for the number of people typically waiting Dustbin / waste bin,0,1,1,0,0,0,0,0,"Mostly commercial - Retail shops. restaurants, cafes, markets, etc",Yes – advertisements present but passenger information is still clearly visible,No,No,17813524535582399355396673059701-17_38_6.jpg,https://kf.kobotoolbox.org/api/v2/assets/axZaE8YRFpZYaQWWvuZPyu/data/779568427/attachments/attDmyb7jUdmE8ELtFvrUiU4/,17813527152096254079512666924400-17_42_15.jpg,https://kf.kobotoolbox.org/api/v2/assets/axZaE8YRFpZYaQWWvuZPyu/data/779568427/attachments/attqkZDrX4r4C9WyxoVXCb9J/,,,,,779568427,5f9b744b-bc95-4028-b4fa-516d045c595b,2026-06-13T17:49:29+05:30,,,submitted_via_web,v73kjXt7geHumXyTDeh2CX,,uuid:5f9b744b-bc95-4028-b4fa-516d045c595b,34,Chennai,Chennai,13.100537,80.259918,device_gps,OK
2026-06-13T17:49:07.133000+05:30,2026-06-13T17:51:43.367000+05:30,2026-06-13T17:50:00+05:30,Fire station Bus stand Vysarpadi,13.113836 80.255466 -66.60000610351562 16.865999221801758,13.113836,80.255466,-66.6000061,16.86599922,,Stainless Steel Bus Shelter,Satisfactory – minor wear/dusty but usable,On the road edge / footpath edge – directly adjacent to traffic,0,1,0,,Yes,No,Yes,Yes - It's free of obstructions and feels safe to use,1 - this is a standalone shelter ,At the bus stop – buses pull up to the shelter/marked stop,1,0,0,0,One Step Out (30 cm to 1 meter): Passengers have to step down onto the road surface first to board.,Footpath available to reach the bus stop from both directions,1,0,0,0,0,0,0,," Yes – fully accessible, no obstructions",No – area appears well-drained,"Somewhat safe – some concerns (e.g., poor visibility, isolated location)", No – overcrowded or high number of people standing on the road,No – The roof is too damaged or broken to provide shelter,Yes - from both bus shelter AND trees,Partially – some light but insufficient,Yes – clear sightline to see the approaching buses,No - the seating is too high ,Yes – name is prominently visible and legible,Yes – but information seems outdated or unreliable,Seating / bench,1,0,0,0,0,0,0,0,"Mostly commercial - Retail shops. restaurants, cafes, markets, etc",Yes – advertisements present but passenger information is still clearly visible,No,No,1000170117-17_51_31.jpg,https://kf.kobotoolbox.org/api/v2/assets/axZaE8YRFpZYaQWWvuZPyu/data/779570050/attachments/atttArQBPHahAhsFcMpnbwAT/,1000170118-17_51_35.jpg,https://kf.kobotoolbox.org/api/v2/assets/axZaE8YRFpZYaQWWvuZPyu/data/779570050/attachments/att8pj5SznunAToAoQrBRwpD/,1000170119-17_51_39.jpg,https://kf.kobotoolbox.org/api/v2/assets/axZaE8YRFpZYaQWWvuZPyu/data/779570050/attachments/attwHrKYAwTTSjWaW6BqVJun/,1000170120-17_51_41.jpg,https://kf.kobotoolbox.org/api/v2/assets/axZaE8YRFpZYaQWWvuZPyu/data/779570050/attachments/attpHYKdFaaVo3Bt5nQkeRES/,779570050,d4d95540-852c-4676-9237-e4e3ae882cd2,2026-06-13T17:51:46+05:30,,,submitted_via_web,v73kjXt7geHumXyTDeh2CX,,uuid:d4d95540-852c-4676-9237-e4e3ae882cd2,35,Chennai,Chennai,13.113836,80.255466,device_gps,OK
2026-06-13T17:49:25.674000+05:30,2026-06-13T17:58:07.355000+05:30,2026-06-13T17:53:00+05:30,ஆடுத்தொட்டி,13.104621 80.261013 -68.5 77.5999984741211,13.104621,80.261013,-68.5,77.59999847,,Stainless Steel Bus Shelter,Severely Damaged / Unusable,The road/footpath is too narrow ,0,0,1,,No,No,No,,1 - this is a standalone shelter ,Away from the bus stop – buses stop before or beyond the shelter/marked location Bus stop not clearly marked,0,1,1,0,No footpath available,"Footpath available to reach the bus stop from both directions Ramp is in usable condition (not too steep, not broken, nor blocked) Tactile paving for visually impaired users Pedestrian crossing at/close to the bus stop to cross the road?",1,0,0,1,1,1,0,,Heavily encroached – the stop is largely unusable because of obstructions,"Yes – signs of standing water, algae, or drainage issues visible","Unsafe – poorly lit, isolated, or has a history of feeling threatening", No – overcrowded or high number of people standing on the road,No – The roof is too damaged or broken to provide shelter,Partial – some shade but insufficient,No – inadequate or no lighting at all,"No – sightline is blocked (by structure, advertisement boards, trees, or parked vehicles)",No - poor back support / posture,"Yes – but faded, small, or difficult to read",No information displayed at all,Seating / bench,1,0,0,0,0,0,0,0,"Mostly commercial - Retail shops. restaurants, cafes, markets, etc",No advertisements,No,No,17813532544475418766505229053830-17_51_37.jpg,https://kf.kobotoolbox.org/api/v2/assets/axZaE8YRFpZYaQWWvuZPyu/data/779574926/attachments/attajfy5rtzyXsxzw27ydT2S/,178135331855612359576489856953-17_52_22.jpg,https://kf.kobotoolbox.org/api/v2/assets/axZaE8YRFpZYaQWWvuZPyu/data/779574926/attachments/attG7YHHXYzk49ih7RXMBXEC/,17813533470787192131134771343145-17_52_34.jpg,https://kf.kobotoolbox.org/api/v2/assets/axZaE8YRFpZYaQWWvuZPyu/data/779574926/attachments/att4LvZJVXmQzMiPwmGR2bkA/,17813533593891967167005653336011-17_52_49.jpg,https://kf.kobotoolbox.org/api/v2/assets/axZaE8YRFpZYaQWWvuZPyu/data/779574926/attachments/attEYuuTkbGjndeHXP9Mg6QV/,779574926,9a0757b7-3f1e-4a68-a896-296137061ec3,2026-06-13T17:58:13+05:30,,,submitted_via_web,v73kjXt7geHumXyTDeh2CX,,uuid:9a0757b7-3f1e-4a68-a896-296137061ec3,36,Chennai,Chennai,13.104621,80.261013,device_gps,OK
2026-06-13T17:51:43.644000+05:30,2026-06-13T18:08:55.242000+05:30,2026-06-13T18:06:00+05:30,Ambedkar college Bus stand,13.118982 80.262133 -67.60000610351562 5.599999904632568,13.118982,80.262133,-67.6000061,5.599999905,,Stainless Steel Bus Shelter, Clean and Well Maintained,On the road edge / footpath edge – directly adjacent to traffic,0,1,0,,Yes,Yes,Yes,Yes - It's free of obstructions and feels safe to use,2,Away from the bus stop – buses stop before or beyond the shelter/marked location,0,1,0,0,"Way Out in the Road (More than 1 meter): The bus stops far from the footpath, blocking a lane of traffic, forcing people to walk across active traffic to board the bus","Footpath is walkable and free of encroachment like parking, vendors, utility boxes, garbage, etc",0,1,0,0,0,0,0,," Yes – fully accessible, no obstructions",No – area appears well-drained,"Somewhat safe – some concerns (e.g., poor visibility, isolated location)", No – overcrowded or high number of people standing on the road,Yes – roof is intact and effective,Yes - sufficient shade from surrounding trees,Yes – the bus shelter itself has a working light,Yes – clear sightline to see the approaching buses,"Yes - the seating is of the right height, width, and depth to sit comfortably while waiting for the bus",Yes – name is prominently visible and legible,Yes – route list is prominently displayed and appears current,Seating / bench Dustbin / waste bin,1,0,1,0,0,0,0,0,"Mostly commercial - Retail shops. restaurants, cafes, markets, etc",Yes – advertisements present but passenger information is still clearly visible,No,No,1000170121-18_8_23.jpg,https://kf.kobotoolbox.org/api/v2/assets/axZaE8YRFpZYaQWWvuZPyu/data/779582115/attachments/attxVPZtEicsEDaZrX2dEmQL/,1000170122-18_8_29.jpg,https://kf.kobotoolbox.org/api/v2/assets/axZaE8YRFpZYaQWWvuZPyu/data/779582115/attachments/attkatM5kmvdhpSgcAXih53k/,1000170123-18_8_34.jpg,https://kf.kobotoolbox.org/api/v2/assets/axZaE8YRFpZYaQWWvuZPyu/data/779582115/attachments/attVvhRvzFGzz5y987HuKzMS/,1000170124-18_8_37.jpg,https://kf.kobotoolbox.org/api/v2/assets/axZaE8YRFpZYaQWWvuZPyu/data/779582115/attachments/attSsCCcDA7vddtBHNDSkHc4/,779582115,22c7cdda-bf2f-4067-abeb-93fe5dab0e1c,2026-06-13T18:08:58+05:30,,,submitted_via_web,v73kjXt7geHumXyTDeh2CX,,uuid:22c7cdda-bf2f-4067-abeb-93fe5dab0e1c,37,Chennai,Chennai,13.118982,80.262133,device_gps,OK
2026-06-13T17:58:07.789000+05:30,2026-06-13T18:14:09.475000+05:30,2026-06-13T18:10:00+05:30,கணேசபுரம்,13.109741 80.259329 -64.60000610351562 24.326000213623047,13.109741,80.259329,-64.6000061,24.32600021,,Stainless Steel Bus Shelter,Satisfactory – minor wear/dusty but usable,On the road edge / footpath edge – directly adjacent to traffic,0,1,0,,No,No,No,,1 - this is a standalone shelter ,Away from the bus stop – buses stop before or beyond the shelter/marked location,0,1,0,0,One Step Out (30 cm to 1 meter): Passengers have to step down onto the road surface first to board.,"Footpath is walkable and free of encroachment like parking, vendors, utility boxes, garbage, etc Ramp for wheelchair users to access the bus stop Ramp is in usable condition (not too steep, not broken, nor blocked)",0,1,1,1,0,0,0,,"Partially encroached – e.g., vendors, parked two-wheelers, auto-rickshaws, construction material","Yes – signs of standing water, algae, or drainage issues visible","Unsafe – poorly lit, isolated, or has a history of feeling threatening", No – overcrowded or high number of people standing on the road,No – The roof is too damaged or broken to provide shelter,Partial – some shade but insufficient,No – inadequate or no lighting at all,"No – sightline is blocked (by structure, advertisement boards, trees, or parked vehicles)",No - the seating is too small to sit comfortably ,"Yes – but faded, small, or difficult to read",Yes – but information seems outdated or unreliable,Seating / bench,1,0,0,0,0,0,0,0,"Mostly commercial - Retail shops. restaurants, cafes, markets, etc",Yes – advertisements present but passenger information is still clearly visible,No,No,17813543103207596639055447011541-18_8_50.jpg,https://kf.kobotoolbox.org/api/v2/assets/axZaE8YRFpZYaQWWvuZPyu/data/779586952/attachments/atti7qr2iGG83SPRyaXpH3JS/,,,,,,,779586952,7d5421cc-14f7-452e-bb31-1dc89ec3c337,2026-06-13T18:14:13+05:30,,,submitted_via_web,v73kjXt7geHumXyTDeh2CX,,uuid:7d5421cc-14f7-452e-bb31-1dc89ec3c337,38,Chennai,Chennai,13.109741,80.259329,device_gps,OK
2026-06-13T18:14:09.704000+05:30,2026-06-13T18:31:40.433000+05:30,2026-06-13T18:28:00+05:30,தீயணைப்பு நிலையம் வியாசர்பாடி,13.113845 80.25545 -66.80000305175781 16.601999282836914,13.113845,80.25545,-66.80000305,16.60199928,,Stainless Steel Bus Shelter,Unclean/Poorly Maintained,On the road edge / footpath edge – directly adjacent to traffic,0,1,0,,No,No,No,,1 - this is a standalone shelter ,Away from the bus stop – buses stop before or beyond the shelter/marked location,0,1,0,0,One Step Out (30 cm to 1 meter): Passengers have to step down onto the road surface first to board.,"Footpath is walkable and free of encroachment like parking, vendors, utility boxes, garbage, etc Tactile paving for visually impaired users",0,1,0,0,1,0,0,,"Partially encroached – e.g., vendors, parked two-wheelers, auto-rickshaws, construction material","Yes – signs of standing water, algae, or drainage issues visible","Somewhat safe – some concerns (e.g., poor visibility, isolated location)", No – overcrowded or high number of people standing on the road,"Yes – but the roof is inadequate (too tall, too small, gaps, or partial coverage)",Yes - from both bus shelter AND trees,Partially – some light but insufficient,Yes – clear sightline to see the approaching buses,No - the seating is too small to sit comfortably ,"Yes – but faded, small, or difficult to read",Yes – but information seems outdated or unreliable,Seating / bench Dustbin / waste bin,1,0,1,0,0,0,0,0,"Mostly commercial - Retail shops. restaurants, cafes, markets, etc",Yes – advertisements present but passenger information is still clearly visible,No,No,17813555806585987469570791518758-18_29_54.jpg,https://kf.kobotoolbox.org/api/v2/assets/axZaE8YRFpZYaQWWvuZPyu/data/779597903/attachments/attaGDa7mD7T5uNd6WzSYz5o/,17813556099696769475685013347263-18_30_18.jpg,https://kf.kobotoolbox.org/api/v2/assets/axZaE8YRFpZYaQWWvuZPyu/data/779597903/attachments/attPixvzsQVeVG7gzwUe8Ccr/,17813556259544131701271635118299-18_30_32.jpg,https://kf.kobotoolbox.org/api/v2/assets/axZaE8YRFpZYaQWWvuZPyu/data/779597903/attachments/attTqEpXrvCrjAv7FRBXk7AY/,,,779597903,1b6f9a28-9154-47fa-a288-c9b661dcd13b,2026-06-13T18:31:45+05:30,,,submitted_via_web,v73kjXt7geHumXyTDeh2CX,,uuid:1b6f9a28-9154-47fa-a288-c9b661dcd13b,39,Chennai,Chennai,13.113845,80.25545,device_gps,OK
2026-06-13T21:11:26.470000+05:30,2026-06-13T21:18:18.577000+05:30,2026-06-13T21:11:00+05:30,Sastri nagar,12.996597 80.259436 13.079191873257827 19.53646452528199,12.996597,80.259436,13.07919187,19.53646453,,Stainless Steel Bus Shelter, Clean and Well Maintained,On the road edge / footpath edge – directly adjacent to traffic,0,1,0,,Yes,Yes,Yes,No - It's obstructed due to encroachment ,1 - this is a standalone shelter ,Bus stop not clearly marked,0,0,1,0,"Way Out in the Road (More than 1 meter): The bus stops far from the footpath, blocking a lane of traffic, forcing people to walk across active traffic to board the bus",Footpath available to reach the bus stop from both directions Ramp for wheelchair users to access the bus stop,1,0,1,0,0,0,0,," Yes – fully accessible, no obstructions",No – area appears well-drained,"Safe – well-lit, visible, and active surroundings",Yes – adequate space for passengers,Yes – roof is intact and effective,Yes – sufficient shade from the bus shelter,Yes – the bus shelter itself has a working light,Yes – clear sightline to see the approaching buses,"Yes - the seating is of the right height, width, and depth to sit comfortably while waiting for the bus","Yes – but faded, small, or difficult to read",No information displayed at all,Seating / bench Sufficient seating for the number of people typically waiting,1,1,0,0,0,0,0,0,"Mostly commercial - Retail shops. restaurants, cafes, markets, etc",Yes – advertisements dominate; passenger information is secondary,Digital board is there but not working,Parking happens in front and around the bus shelter,image-21_17_28.jpg,https://kf.kobotoolbox.org/api/v2/assets/axZaE8YRFpZYaQWWvuZPyu/data/779712889/attachments/attZcB9bYLmccmP2Qms6mE5R/,image-21_17_45.jpg,https://kf.kobotoolbox.org/api/v2/assets/axZaE8YRFpZYaQWWvuZPyu/data/779712889/attachments/attFAWBTkGCsHt6Ma5iTXisG/,image-21_17_58.jpg,https://kf.kobotoolbox.org/api/v2/assets/axZaE8YRFpZYaQWWvuZPyu/data/779712889/attachments/att6wxQ2SEpN6WQFFDCCriii/,image-21_18_15.jpg,https://kf.kobotoolbox.org/api/v2/assets/axZaE8YRFpZYaQWWvuZPyu/data/779712889/attachments/atteWbBrXqB2636YeaFRTJmr/,779712889,114cd545-7663-4a13-95ef-c1e1cd79c2d3,2026-06-13T21:18:31+05:30,,,submitted_via_web,v73kjXt7geHumXyTDeh2CX,,uuid:114cd545-7663-4a13-95ef-c1e1cd79c2d3,40,Chennai,Chennai,12.996597,80.259436,device_gps,OK
2026-06-14T09:26:00.061000+05:30,2026-06-14T09:32:34.635000+05:30,2026-06-14T09:26:00+05:30,Aavin Bus stop,12.894602 80.222595 13.03315293147432 8.508858471923169,12.894602,80.222595,13.03315293,8.508858472,,Stainless Steel Bus Shelter,Satisfactory – minor wear/dusty but usable,"Set back from the road – against a wall, compound, or building edge On the road edge / footpath edge – directly adjacent to traffic",1,1,0,,No,No,No,,1 - this is a standalone shelter ,At the bus stop – buses pull up to the shelter/marked stop,1,0,0,0,One Step Out (30 cm to 1 meter): Passengers have to step down onto the road surface first to board.,Footpath available to reach the bus stop from both directions Pedestrian crossing at/close to the bus stop to cross the road?,1,0,0,0,0,1,0,," Yes – fully accessible, no obstructions",Unsure,"Somewhat safe – some concerns (e.g., poor visibility, isolated location)",Yes – adequate space for passengers,"Yes – but the roof is inadequate (too tall, too small, gaps, or partial coverage)",Partial – some shade but insufficient,Partially – some light but insufficient,Yes – clear sightline to see the approaching buses,"Yes - the seating is of the right height, width, and depth to sit comfortably while waiting for the bus",No – name is missing,No information displayed at all,Seating / bench Sufficient seating for the number of people typically waiting,1,1,0,0,0,0,0,0,"Mostly Institutional - Schools, Hospitals, Govt. Offices, etc",Yes – advertisements dominate; passenger information is secondary,"I just sent a request for Chennai bus transportation audit, but I’m an individual and not representative of any organisation. I just thought of sending a feedback on bus stops in OMR, where majority of the stops don’t have the names of bus stops itself. It is difficult for people to not know the bus stand",All bus stops in Chennai should have the name of the bus stop prominently,IMG_6929-9_32_31.png,https://kf.kobotoolbox.org/api/v2/assets/axZaE8YRFpZYaQWWvuZPyu/data/779935441/attachments/attpCPHMCeCEx7opRaa3PwGd/,,,,,,,779935441,20b7084c-72fd-4e84-a6b1-20c719164a95,2026-06-14T09:32:37+05:30,,,submitted_via_web,v73kjXt7geHumXyTDeh2CX,,uuid:20b7084c-72fd-4e84-a6b1-20c719164a95,41,Chennai,Chennai,12.894602,80.222595,device_gps,OK
2026-06-13T12:16:15.798000+05:30,2026-06-14T13:03:47.762000+05:30,2026-06-14T07:02:00+05:30,Shenoy Nagar Government School - Towards Aminjikarai,13.077389 80.225162 0 0,13.077389,80.225162,0,0,,Stainless Steel Bus Shelter,Satisfactory – minor wear/dusty but usable,"Set back from the road – against a wall, compound, or building edge",1,0,0,,No,No,No,,4+,At the bus stop – buses pull up to the shelter/marked stop,1,0,0,0,No footpath available,Pedestrian crossing at/close to the bus stop to cross the road?,0,0,0,0,0,1,0,,"Partially encroached – e.g., vendors, parked two-wheelers, auto-rickshaws, construction material",No – area appears well-drained,"Safe – well-lit, visible, and active surroundings",Yes – adequate space for passengers,Yes – roof is intact and effective,Yes – sufficient shade from the bus shelter,Yes – the bus shelter itself has a working light,Yes – clear sightline to see the approaching buses,"Yes - the seating is of the right height, width, and depth to sit comfortably while waiting for the bus","Yes – but faded, small, or difficult to read",Yes – route list is prominently displayed and appears current,Seating / bench Sufficient seating for the number of people typically waiting Dustbin / waste bin,1,1,1,0,0,0,0,0,"Mixed Use - A mix of commercial/residential/office, etc",Yes – advertisements present but passenger information is still clearly visible,Too many non commuters are occupying the seats at the bus stop,1. Need footpath 2. Remove the old bus shelters,Shenoy Nagar Government School Bus Stop - Front-13_3_12.jpg,https://kf.kobotoolbox.org/api/v2/assets/axZaE8YRFpZYaQWWvuZPyu/data/780020919/attachments/attcBYvDXApNbo4Di9bALzvj/,Shenoy Nagar Government School Bus Stop - Side-13_3_22.jpg,https://kf.kobotoolbox.org/api/v2/assets/axZaE8YRFpZYaQWWvuZPyu/data/780020919/attachments/att3D5aDzy3daNFamZ6prRXQ/,Shenoy Nagar Government School Bus Stop - encroachment-13_3_34.jpg,https://kf.kobotoolbox.org/api/v2/assets/axZaE8YRFpZYaQWWvuZPyu/data/780020919/attachments/attm9xLLjthXAyDAMeXaMMWK/,Shenoy Nagar Government School Bus Stop - Old shelter to be removed-13_3_43.jpg,https://kf.kobotoolbox.org/api/v2/assets/axZaE8YRFpZYaQWWvuZPyu/data/780020919/attachments/att5pspYzPJWmJzx5ZQQvrGq/,780020919,258b5289-7e2f-4769-ada4-8569f9190701,2026-06-14T13:03:51+05:30,,,submitted_via_web,v73kjXt7geHumXyTDeh2CX,,uuid:258b5289-7e2f-4769-ada4-8569f9190701,42,Chennai,Chennai,13.077389,80.225162,device_gps,OK
2026-06-14T18:25:52.834000+05:30,2026-06-14T18:36:31.025000+05:30,2026-06-14T07:04:00+05:30,Shenoy Nagar Metro Station - Towards Anna Nagar East,13.076619 80.224879 0 0,13.076619,80.224879,0,0,,Stainless Steel Bus Shelter,Satisfactory – minor wear/dusty but usable,"Set back from the road – against a wall, compound, or building edge",1,0,0,,No,No,No,,2,At the bus stop – buses pull up to the shelter/marked stop,1,0,0,0,"Way Out in the Road (More than 1 meter): The bus stops far from the footpath, blocking a lane of traffic, forcing people to walk across active traffic to board the bus",Pedestrian crossing at/close to the bus stop to cross the road?,0,0,0,0,0,1,0,,"Partially encroached – e.g., vendors, parked two-wheelers, auto-rickshaws, construction material",No – area appears well-drained,"Safe – well-lit, visible, and active surroundings",Yes – adequate space for passengers,Yes – roof is intact and effective,Yes – sufficient shade from the bus shelter,Yes – the bus shelter itself has a working light,Yes – clear sightline to see the approaching buses,"Yes - the seating is of the right height, width, and depth to sit comfortably while waiting for the bus",Yes – name is prominently visible and legible,Yes – route list is prominently displayed and appears current,Seating / bench Sufficient seating for the number of people typically waiting Dustbin / waste bin,1,1,1,0,0,0,0,0,"Mixed Use - A mix of commercial/residential/office, etc",Yes – advertisements present but passenger information is still clearly visible,Most passengers stand on the road waiting for the bus,1. Need footpath free of encroachments  to access the bus stop 2. Remove encroachments from the bus stop,Shenoy Nagar Metro Station Bus Stop - Front-18_35_54.jpg,https://kf.kobotoolbox.org/api/v2/assets/axZaE8YRFpZYaQWWvuZPyu/data/780215143/attachments/att6e4DEZnLSzHhQnWExm2jP/,Shenoy Nagar Metro Station Bus Stop - Side-18_36_3.jpg,https://kf.kobotoolbox.org/api/v2/assets/axZaE8YRFpZYaQWWvuZPyu/data/780215143/attachments/att4nb3hqLifrKixCef2G53u/,,,,,780215143,08c2092a-538c-4ed3-80f4-1c2ed2f001f1,2026-06-14T18:36:50+05:30,,,submitted_via_web,v73kjXt7geHumXyTDeh2CX,,uuid:08c2092a-538c-4ed3-80f4-1c2ed2f001f1,43,Chennai,Chennai,13.076619,80.224879,device_gps,OK
2026-06-14T18:36:31.117000+05:30,2026-06-14T18:56:11.118000+05:30,2026-06-14T07:10:00+05:30,Aminjikarai Market Bus Stop - Towards Kilpauk,13.07447 80.223512 0 0,13.07447,80.223512,0,0,,No Shelter and No Signboard,,On the road edge / footpath edge – directly adjacent to traffic,0,1,0,,No,No,No,,,Away from the bus stop – buses stop before or beyond the shelter/marked location,0,1,0,0,"Way Out in the Road (More than 1 meter): The bus stops far from the footpath, blocking a lane of traffic, forcing people to walk across active traffic to board the bus",None of the above,0,0,0,0,0,0,1,,Heavily encroached – the stop is largely unusable because of obstructions,"Yes – signs of standing water, algae, or drainage issues visible","Unsafe – poorly lit, isolated, or has a history of feeling threatening",,,No – exposed to full sun,No – inadequate or no lighting at all,,,,,None of the Above,0,0,0,0,0,0,0,1,"Mostly commercial - Retail shops. restaurants, cafes, markets, etc",,No Bus shelter and no signboard,1. Need a Proper Bus Shelter and Signboard 2. Need Footpath,Aminjikarai Market Bus Stop - Towards Kilpauk-18_55_37.jpg,https://kf.kobotoolbox.org/api/v2/assets/axZaE8YRFpZYaQWWvuZPyu/data/780225960/attachments/attZo9pY7GCpxLwbaYjd57u6/,,,Aminjikarai Market Bus stop - Towards Kilpauk surroundings-18_55_47.jpg,https://kf.kobotoolbox.org/api/v2/assets/axZaE8YRFpZYaQWWvuZPyu/data/780225960/attachments/attqjyUHjMra3wWQmGKXuo5N/,,,780225960,77e431f3-13f3-4260-8c05-ebac7916084b,2026-06-14T18:56:14+05:30,,,submitted_via_web,v73kjXt7geHumXyTDeh2CX,,uuid:77e431f3-13f3-4260-8c05-ebac7916084b,44,Chennai,Chennai,13.07447,80.223512,device_gps,OK
2026-06-14T18:56:11.182000+05:30,2026-06-14T19:10:08.206000+05:30,2026-06-14T07:20:00+05:30,Aminjikarai Market Bus Stop - Towards Koyambedu,13.074051 80.223103 0 0,13.074051,80.223103,0,0,,No Shelter and No Signboard,,On the road edge / footpath edge – directly adjacent to traffic,0,1,0,,No,No,No,,,Bus stop not clearly marked,0,0,1,0,"Way Out in the Road (More than 1 meter): The bus stops far from the footpath, blocking a lane of traffic, forcing people to walk across active traffic to board the bus",None of the above,0,0,0,0,0,0,1,,"Partially encroached – e.g., vendors, parked two-wheelers, auto-rickshaws, construction material",No – area appears well-drained,"Somewhat safe – some concerns (e.g., poor visibility, isolated location)",,,No – exposed to full sun,Partially – some light but insufficient,,,,,None of the Above,0,0,0,0,0,0,0,1,"Mostly commercial - Retail shops. restaurants, cafes, markets, etc",,Bus Stops middle of road,1. Need Bus Shelter with Signboard 2. Need footpath,Aminjikarai Market Bus Stop - towards Koyambedu-19_9_12.jpg,https://kf.kobotoolbox.org/api/v2/assets/axZaE8YRFpZYaQWWvuZPyu/data/780232833/attachments/attbkmFfMen4PRQ4rE3KXTVL/,,,Aminjikarai Market Bus Stop - Towards KoyambeduBus Stopping middle of road-19_9_56.jpg,https://kf.kobotoolbox.org/api/v2/assets/axZaE8YRFpZYaQWWvuZPyu/data/780232833/attachments/attHS48m7bHyWDWxmWukrn72/,,,780232833,663e514a-6fd6-43cd-9e50-34377fd57517,2026-06-14T19:10:12+05:30,,,submitted_via_web,v73kjXt7geHumXyTDeh2CX,,uuid:663e514a-6fd6-43cd-9e50-34377fd57517,45,Chennai,Chennai,13.074051,80.223103,device_gps,OK
2026-06-14T19:10:08.268000+05:30,2026-06-14T19:35:37.517000+05:30,2026-06-14T07:30:00+05:30,Aminjikarai Tollgate Bus Stop - Towards Koyambedu,13.074949 80.230643 0 0,13.074949,80.230643,0,0,,Stainless Steel Bus Shelter,Unclean/Poorly Maintained,"Set back from the road – against a wall, compound, or building edge On the road edge / footpath edge – directly adjacent to traffic The road/footpath is too narrow ",1,1,1,,No,No,No,,1 - this is a standalone shelter ,At the bus stop – buses pull up to the shelter/marked stop,1,0,0,0,One Step Out (30 cm to 1 meter): Passengers have to step down onto the road surface first to board.,Pedestrian crossing at/close to the bus stop to cross the road?,0,0,0,0,0,1,0,,"Partially encroached – e.g., vendors, parked two-wheelers, auto-rickshaws, construction material",No – area appears well-drained,"Somewhat safe – some concerns (e.g., poor visibility, isolated location)", No – overcrowded or high number of people standing on the road,"Yes – but the roof is inadequate (too tall, too small, gaps, or partial coverage)",Partial – some shade but insufficient,Unsure / Not observed,Yes – clear sightline to see the approaching buses,"Yes - the seating is of the right height, width, and depth to sit comfortably while waiting for the bus",No – name is missing,No information displayed at all,Seating / bench,1,0,0,0,0,0,0,0,"Mixed Use - A mix of commercial/residential/office, etc",Yes – advertisements dominate; passenger information is secondary,Encroachments block access to footpath,1. Need Proper Passenger information 2. Need footpath,Aminjikarai Tollgate Bus Stop - Towards Koyambedu Partial Front view -19_34_57.jpg,https://kf.kobotoolbox.org/api/v2/assets/axZaE8YRFpZYaQWWvuZPyu/data/780246803/attachments/att27cXsNeDZ4ub6Db8uHnM8/,Aminjikarai Tollgate Bus Stop - Side View-19_35_6.jpg,https://kf.kobotoolbox.org/api/v2/assets/axZaE8YRFpZYaQWWvuZPyu/data/780246803/attachments/att4qHndf7hmsz6CuBT7PHJ8/,Aminjikarai Tollgate Bus Stop - Van encroaching access-19_35_15.jpg,https://kf.kobotoolbox.org/api/v2/assets/axZaE8YRFpZYaQWWvuZPyu/data/780246803/attachments/attPHqkyuxnRE39BfCNEfTee/,,,780246803,7259e9c2-a655-4eef-ac24-9c9fba7542a6,2026-06-14T19:35:41+05:30,,,submitted_via_web,v73kjXt7geHumXyTDeh2CX,,uuid:7259e9c2-a655-4eef-ac24-9c9fba7542a6,46,Chennai,Chennai,13.074949,80.230643,device_gps,OK
2026-06-14T19:35:37.585000+05:30,2026-06-14T19:53:19.724000+05:30,2026-06-14T07:40:00+05:30,Pachayappas Metro Station Bus Stop - towards Kilpauk,13.075448 80.231149 0 0,13.075448,80.231149,0,0,,Stainless Steel Bus Shelter, Clean and Well Maintained,"Set back from the road – against a wall, compound, or building edge On the road edge / footpath edge – directly adjacent to traffic The road/footpath is too narrow ",1,1,1,,No,No,No,,1 - this is a standalone shelter ,At the bus stop – buses pull up to the shelter/marked stop,1,0,0,0,Unsure / not observed,Footpath available to reach the bus stop from both directions Pedestrian crossing at/close to the bus stop to cross the road?,1,0,0,0,0,1,0,," Yes – fully accessible, no obstructions",No – area appears well-drained,"Safe – well-lit, visible, and active surroundings",Unsure,Yes – roof is intact and effective,Yes – sufficient shade from the bus shelter,Unsure / Not observed,Yes – clear sightline to see the approaching buses,"Yes - the seating is of the right height, width, and depth to sit comfortably while waiting for the bus",Yes – name is prominently visible and legible,Yes – route list is prominently displayed and appears current,Seating / bench Dustbin / waste bin Digital information boards with real time arrival information and service alerts,1,0,1,0,0,0,1,0,"Mostly Institutional - Schools, Hospitals, Govt. Offices, etc",Yes – advertisements present but passenger information is still clearly visible,Digital Signboard is there,"Need more than one shelter, given that this is next to Metro Station",Pachayappas College Metro Station Bus Stop - towards Kilpauk Front View-19_52_34.jpg,https://kf.kobotoolbox.org/api/v2/assets/axZaE8YRFpZYaQWWvuZPyu/data/780255166/attachments/attNGKnthLAV28TALeQBQoJf/,Pachayappas College Metro Station Bus Stop - towards Kilpauk Side View-19_52_44.jpg,https://kf.kobotoolbox.org/api/v2/assets/axZaE8YRFpZYaQWWvuZPyu/data/780255166/attachments/attyPs9GW266hm8mk4dhu8Di/,Pachayappas College Metro Station Bus Stop - towards Kilpauk digital board viewjpg-19_53_11.jpg,https://kf.kobotoolbox.org/api/v2/assets/axZaE8YRFpZYaQWWvuZPyu/data/780255166/attachments/attMHiyTPdZP6d6ti8txQGLQ/,,,780255166,6051d72d-50cf-4037-9bd3-94752aad58c7,2026-06-14T19:53:23+05:30,,,submitted_via_web,v73kjXt7geHumXyTDeh2CX,,uuid:6051d72d-50cf-4037-9bd3-94752aad58c7,47,Chennai,Chennai,13.075448,80.231149,device_gps,OK
2026-06-14T19:53:19.802000+05:30,2026-06-14T20:13:50.105000+05:30,2026-06-14T07:45:00+05:30,Aminjikarai Bus Stop - Towards Kilpauk,13.074304 80.226907 0 0,13.074304,80.226907,0,0,,Stainless Steel Bus Shelter,Satisfactory – minor wear/dusty but usable,"Set back from the road – against a wall, compound, or building edge On the road edge / footpath edge – directly adjacent to traffic The road/footpath is too narrow ",1,1,1,,No,No,No,,1 - this is a standalone shelter ,At the bus stop – buses pull up to the shelter/marked stop,1,0,0,0,"Way Out in the Road (More than 1 meter): The bus stops far from the footpath, blocking a lane of traffic, forcing people to walk across active traffic to board the bus",None of the above,0,0,0,0,0,0,1,,"Partially encroached – e.g., vendors, parked two-wheelers, auto-rickshaws, construction material",No – area appears well-drained,"Safe – well-lit, visible, and active surroundings", No – overcrowded or high number of people standing on the road,Yes – roof is intact and effective,Partial – some shade but insufficient,Unsure / Not observed,Yes – clear sightline to see the approaching buses,"Yes - the seating is of the right height, width, and depth to sit comfortably while waiting for the bus",Yes – name is prominently visible and legible,Yes – route list is prominently displayed and appears current,Seating / bench,1,0,0,0,0,0,0,0,"Mostly commercial - Retail shops. restaurants, cafes, markets, etc",Yes – advertisements present but passenger information is still clearly visible,"2 other Bus Shelters are missing for Buses 101, 27B etc",1. Need 2 additional bus Shelters which were there before 2. Need footpath,Aminjikarai Bus Stop - towards Kilpauk Front View-20_11_46.jpg,https://kf.kobotoolbox.org/api/v2/assets/axZaE8YRFpZYaQWWvuZPyu/data/780265362/attachments/attvZ7nk6pvdx22rhbMqhNNG/,Aminjikarai Bus Stop - Towards kilpauk - Side View-20_11_59.jpg,https://kf.kobotoolbox.org/api/v2/assets/axZaE8YRFpZYaQWWvuZPyu/data/780265362/attachments/attF2uRnkPALXb8pMoDXMWY7/,Aminjikarai Bus Stop - Towards kilpauk - Encroachment-20_12_9.jpg,https://kf.kobotoolbox.org/api/v2/assets/axZaE8YRFpZYaQWWvuZPyu/data/780265362/attachments/att4P5Bw4CEqkHwdSpPH5nPY/,Aminjikarai Bus Stop - Towards kilpauk - Showing only few buses-20_13_24.jpg,https://kf.kobotoolbox.org/api/v2/assets/axZaE8YRFpZYaQWWvuZPyu/data/780265362/attachments/attLrEz4uz2jt44HxMGHzvjJ/,780265362,6c0c7e12-bda8-45c1-91de-6ff08fbda0fe,2026-06-14T20:13:54+05:30,,,submitted_via_web,v73kjXt7geHumXyTDeh2CX,,uuid:6c0c7e12-bda8-45c1-91de-6ff08fbda0fe,48,Chennai,Chennai,13.074304,80.226907,device_gps,OK
2026-06-14T20:01:29.627000+05:30,2026-06-14T20:24:44.062000+05:30,2026-06-14T18:00:00+05:30,Panchayat Union Office Shollinganallur,,,,,,https://maps.app.goo.gl/wEiHnPCVnQpj7NUu5?g_st=ic,Stainless Steel Bus Shelter,Satisfactory – minor wear/dusty but usable,"Set back from the road – against a wall, compound, or building edge",1,0,0,,Yes,Yes,Yes,Yes - It's free of obstructions and feels safe to use,2,At the bus stop – buses pull up to the shelter/marked stop,1,0,0,0,"Way Out in the Road (More than 1 meter): The bus stops far from the footpath, blocking a lane of traffic, forcing people to walk across active traffic to board the bus","Footpath available to reach the bus stop from both directions Footpath is walkable and free of encroachment like parking, vendors, utility boxes, garbage, etc",1,1,0,0,0,0,0,," Yes – fully accessible, no obstructions",No – area appears well-drained,"Safe – well-lit, visible, and active surroundings", No – overcrowded or high number of people standing on the road,"Yes – but the roof is inadequate (too tall, too small, gaps, or partial coverage)",Partial – some shade but insufficient,"Yes – lit by nearby street lights, shop fronts, or advertisement boards",Yes – clear sightline to see the approaching buses,"Yes - the seating is of the right height, width, and depth to sit comfortably while waiting for the bus",No – name is missing,"Yes – but information is unclear, faded, or partially missing",Seating / bench,1,0,0,0,0,0,0,0,"Mixed Use - A mix of commercial/residential/office, etc",Yes – advertisements dominate; passenger information is secondary,"Busy stop, too many commuters. Buses stop in traffic lane.","Can be more informative, should accommodate more commuters",IMG_9356-20_23_18.jpeg,https://kf.kobotoolbox.org/api/v2/assets/axZaE8YRFpZYaQWWvuZPyu/data/780270741/attachments/attyQCGokuW8G3H2wfBUS3Rw/,IMG_9357-20_23_28.jpeg,https://kf.kobotoolbox.org/api/v2/assets/axZaE8YRFpZYaQWWvuZPyu/data/780270741/attachments/attAVv3Tc5Jpd8iaLNJdKmm7/,IMG_9348-20_23_48.jpeg,https://kf.kobotoolbox.org/api/v2/assets/axZaE8YRFpZYaQWWvuZPyu/data/780270741/attachments/attq7RRFiUzQddB4PncViyJE/,IMG_9354-20_24_15.jpeg,https://kf.kobotoolbox.org/api/v2/assets/axZaE8YRFpZYaQWWvuZPyu/data/780270741/attachments/attmprhhrJnwcbFd7T5q4bAP/,780270741,7ab8c062-e7a3-46e5-9571-99c56076ad63,2026-06-14T20:24:47+05:30,,,submitted_via_web,v73kjXt7geHumXyTDeh2CX,,uuid:7ab8c062-e7a3-46e5-9571-99c56076ad63,49,Chennai,Chennai,12.903273,80.227922,gmaps_link,OK
2026-06-14T21:11:21.330000+05:30,2026-06-14T21:25:37.624000+05:30,2026-06-14T08:30:00+05:30,LB Road Jayanthi Theare Bus Stop _ Indira Nagar side,,,,,,,Stainless Steel Bus Shelter,Satisfactory – minor wear/dusty but usable,On the road edge / footpath edge – directly adjacent to traffic,0,1,0,,No,No,No,,1 - this is a standalone shelter ,Away from the bus stop – buses stop before or beyond the shelter/marked location,0,1,0,0,"Way Out in the Road (More than 1 meter): The bus stops far from the footpath, blocking a lane of traffic, forcing people to walk across active traffic to board the bus",None of the above,0,0,0,0,0,0,1,,"Partially encroached – e.g., vendors, parked two-wheelers, auto-rickshaws, construction material",No – area appears well-drained,"Safe – well-lit, visible, and active surroundings", No – overcrowded or high number of people standing on the road,"Yes – but the roof is inadequate (too tall, too small, gaps, or partial coverage)",Partial – some shade but insufficient,Yes – the bus shelter itself has a working light,"No – sightline is blocked (by structure, advertisement boards, trees, or parked vehicles)","Yes - the seating is of the right height, width, and depth to sit comfortably while waiting for the bus","Yes – but faded, small, or difficult to read",No information displayed at all,Seating / bench,1,0,0,0,0,0,0,0,"Mostly commercial - Retail shops. restaurants, cafes, markets, etc",Yes – advertisements dominate; passenger information is secondary,"A large tree in ahead of the bus stop  blinks the vision. So people stand ahead of the bust stop. Because if these issues thd busex ALWAYS stop about 50 M ahead of the bus stop. Also because of this, the bus stops at least 3_ 4 m from the platform and blinds the heavy traffic",Strict Instructions to the driver to stop only at thd bus stop instead of ahead of the bus stop.,1000251454-21_23_59.jpg,https://kf.kobotoolbox.org/api/v2/assets/axZaE8YRFpZYaQWWvuZPyu/data/780300944/attachments/attZmwS5wGbwMh2Giyh5x7w9/,1000251440-21_24_25.jpg,https://kf.kobotoolbox.org/api/v2/assets/axZaE8YRFpZYaQWWvuZPyu/data/780300944/attachments/attqq2DpfHHANeJKpwkBQHNx/,1000251430-21_24_58.jpg,https://kf.kobotoolbox.org/api/v2/assets/axZaE8YRFpZYaQWWvuZPyu/data/780300944/attachments/attRPwN8VnZ67YYGtSP8sAKU/,1000251436-21_25_21.jpg,https://kf.kobotoolbox.org/api/v2/assets/axZaE8YRFpZYaQWWvuZPyu/data/780300944/attachments/att495GgNbhCtvFZqA5nDBpN/,780300944,220dabd4-c967-4f08-87bf-be559b0ff4b9,2026-06-14T21:25:50+05:30,,,submitted_via_web,v73kjXt7geHumXyTDeh2CX,,uuid:220dabd4-c967-4f08-87bf-be559b0ff4b9,50,Chennai,Chennai,12.988942,80.255845,manual_lookup,OK
2026-06-14T21:25:37.718000+05:30,2026-06-14T21:33:29.202000+05:30,2026-06-14T08:30:00+05:30,LB Road Jayanthi theater _ Tiruvanmiyur side,,,,,,,No Shelter and No Signboard,,On the road edge / footpath edge – directly adjacent to traffic,0,1,0,,Yes,Yes,No,No - It's obstructed due to encroachment ,,Bus stop not clearly marked,0,0,1,0,No footpath available,None of the above,0,0,0,0,0,0,1,,Heavily encroached – the stop is largely unusable because of obstructions,No – area appears well-drained,"Safe – well-lit, visible, and active surroundings",,,Partial – some shade but insufficient,Yes – the bus shelter itself has a working light,,,,,None of the Above,0,0,0,0,0,0,0,1,"Mostly commercial - Retail shops. restaurants, cafes, markets, etc",,There is NO signage of the bus stop!,A formal stop stop needs to be created,1000251459-21_32_16.jpg,https://kf.kobotoolbox.org/api/v2/assets/axZaE8YRFpZYaQWWvuZPyu/data/780305013/attachments/attqyndbECwayXNFcpfGtmuV/,1000251460-21_32_40.jpg,https://kf.kobotoolbox.org/api/v2/assets/axZaE8YRFpZYaQWWvuZPyu/data/780305013/attachments/attfWemo8TZbpmSYTLmtSrTT/,1000251463-21_32_53.jpg,https://kf.kobotoolbox.org/api/v2/assets/axZaE8YRFpZYaQWWvuZPyu/data/780305013/attachments/attPLiDCyT2gHZ9cyMK5Ctez/,1000251458-21_33_17.jpg,https://kf.kobotoolbox.org/api/v2/assets/axZaE8YRFpZYaQWWvuZPyu/data/780305013/attachments/attxnwTmnzPfMXiG3mRT66Fc/,780305013,20b5660a-fe55-47e3-8240-311f0568e566,2026-06-14T21:33:32+05:30,,,submitted_via_web,v73kjXt7geHumXyTDeh2CX,,uuid:20b5660a-fe55-47e3-8240-311f0568e566,51,Chennai,Chennai,12.988878,80.256002,manual_lookup,OK
2026-06-14T21:33:29.291000+05:30,2026-06-14T21:43:29.599000+05:30,2026-06-14T09:00:00+05:30,LB Road _ Tidal Park Side,,,,,,,Stainless Steel Bus Shelter,Satisfactory – minor wear/dusty but usable,On the road edge / footpath edge – directly adjacent to traffic,0,1,0,,Yes,Yes,No,No - It's obstructed due to encroachment ,3,At the bus stop – buses pull up to the shelter/marked stop,1,0,0,0,"Way Out in the Road (More than 1 meter): The bus stops far from the footpath, blocking a lane of traffic, forcing people to walk across active traffic to board the bus","Footpath available to reach the bus stop from both directions Footpath is walkable and free of encroachment like parking, vendors, utility boxes, garbage, etc Pedestrian crossing at/close to the bus stop to cross the road?",1,1,0,0,0,1,0,,"Partially encroached – e.g., vendors, parked two-wheelers, auto-rickshaws, construction material",No – area appears well-drained,"Somewhat safe – some concerns (e.g., poor visibility, isolated location)",Yes – adequate space for passengers,Yes – roof is intact and effective,Yes – sufficient shade from the bus shelter,No – inadequate or no lighting at all,Yes – clear sightline to see the approaching buses,"Yes - the seating is of the right height, width, and depth to sit comfortably while waiting for the bus",Yes – name is prominently visible and legible,No information displayed at all,Seating / bench Sufficient seating for the number of people typically waiting,1,1,0,0,0,0,0,0,"Mostly commercial - Retail shops. restaurants, cafes, markets, etc",Yes – advertisements dominate; passenger information is secondary,Buses do not stop close to the bus stop. And hencevyhevtraffic is blocked,A setback for busses to stop without stopping the traffic would help,1000251470-21_42_21.jpg,https://kf.kobotoolbox.org/api/v2/assets/axZaE8YRFpZYaQWWvuZPyu/data/780310140/attachments/attqCeAGkcuTFN2Qa9q6X6k2/,1000251471-21_42_40.jpg,https://kf.kobotoolbox.org/api/v2/assets/axZaE8YRFpZYaQWWvuZPyu/data/780310140/attachments/att45DbZUArgnvpvj9PknPLR/,1000251474-21_43_5.jpg,https://kf.kobotoolbox.org/api/v2/assets/axZaE8YRFpZYaQWWvuZPyu/data/780310140/attachments/att4ENakkKp97Mt3SfCaXbjc/,1000251465-21_43_26.jpg,https://kf.kobotoolbox.org/api/v2/assets/axZaE8YRFpZYaQWWvuZPyu/data/780310140/attachments/attoCRwhdhwVG9tHEjpRZbi8/,780310140,43c840ef-d2c6-4f2d-9a9c-ca1362afe57d,2026-06-14T21:43:35+05:30,,,submitted_via_web,v73kjXt7geHumXyTDeh2CX,,uuid:43c840ef-d2c6-4f2d-9a9c-ca1362afe57d,52,Chennai,Chennai,12.987672,80.255132,manual_lookup,OK
2026-06-14T21:43:29.668000+05:30,2026-06-14T21:54:39.975000+05:30,2026-06-14T08:30:00+05:30,Tiruvanmiyur Main Bus Stop,,,,,,,Stainless Steel Bus Shelter,Satisfactory – minor wear/dusty but usable,On the road edge / footpath edge – directly adjacent to traffic,0,1,0,,No,No,No,,3,Away from the bus stop – buses stop before or beyond the shelter/marked location,0,1,0,0,"Way Out in the Road (More than 1 meter): The bus stops far from the footpath, blocking a lane of traffic, forcing people to walk across active traffic to board the bus",None of the above,0,0,0,0,0,0,1,,Heavily encroached – the stop is largely unusable because of obstructions,No – area appears well-drained,"Safe – well-lit, visible, and active surroundings",Yes – adequate space for passengers,Yes – roof is intact and effective,Yes – sufficient shade from the bus shelter,"Yes – lit by nearby street lights, shop fronts, or advertisement boards","No – sightline is blocked (by structure, advertisement boards, trees, or parked vehicles)",No - the seating is too small to sit comfortably ,"Yes – but faded, small, or difficult to read",No information displayed at all,Seating / bench Sufficient seating for the number of people typically waiting,1,1,0,0,0,0,0,0,"Mixed Use - A mix of commercial/residential/office, etc",Yes – advertisements dominate; passenger information is secondary,"This is a new bust stop, created as Thiruvanmiyur Bus Terminus is being rebuilt. So busses ard parked on both sides. Very difficult fir yhe hus to stop near the designated bus stop as many buses use thecriad as 'terminus'",Tiruvanmiyur Terminus renovation work should be speeded up. Meanwhile a study should be made to reduce the chaos,1000251421-21_53_22.jpg,https://kf.kobotoolbox.org/api/v2/assets/axZaE8YRFpZYaQWWvuZPyu/data/780316442/attachments/attcqJNwommYpvjoWTMoE4hU/,1000251409-21_53_43.jpg,https://kf.kobotoolbox.org/api/v2/assets/axZaE8YRFpZYaQWWvuZPyu/data/780316442/attachments/attnZmagcEFQ8WFuensbxGR7/,1000251475-21_54_12.jpg,https://kf.kobotoolbox.org/api/v2/assets/axZaE8YRFpZYaQWWvuZPyu/data/780316442/attachments/attTDQws6mUEtuG6t7JxH7he/,1000251410-21_54_37.jpg,https://kf.kobotoolbox.org/api/v2/assets/axZaE8YRFpZYaQWWvuZPyu/data/780316442/attachments/attgZJYQWcuYgUSZWLxu9f29/,780316442,90b409db-9bb5-4ca1-b2a8-020e588bf9fe,2026-06-14T21:54:43+05:30,,,submitted_via_web,v73kjXt7geHumXyTDeh2CX,,uuid:90b409db-9bb5-4ca1-b2a8-020e588bf9fe,53,Chennai,Chennai,12.986403,80.257875,manual_lookup,OK
2026-06-14T21:54:40.061000+05:30,2026-06-14T22:07:38.775000+05:30,2026-06-14T09:30:00+05:30,Tiruvanmiyur ECR Stop,,,,,,,Stainless Steel Bus Shelter,Satisfactory – minor wear/dusty but usable,"Set back from the road – against a wall, compound, or building edge",1,0,0,,No,No,No,,3,Away from the bus stop – buses stop before or beyond the shelter/marked location,0,1,0,0,"Way Out in the Road (More than 1 meter): The bus stops far from the footpath, blocking a lane of traffic, forcing people to walk across active traffic to board the bus",Footpath available to reach the bus stop from both directions,1,0,0,0,0,0,0,,Heavily encroached – the stop is largely unusable because of obstructions,No – area appears well-drained,"Safe – well-lit, visible, and active surroundings",Yes – adequate space for passengers,Yes – roof is intact and effective,Yes – sufficient shade from the bus shelter,"Yes – lit by nearby street lights, shop fronts, or advertisement boards","No – sightline is blocked (by structure, advertisement boards, trees, or parked vehicles)","Yes - the seating is of the right height, width, and depth to sit comfortably while waiting for the bus",No – name is missing,No information displayed at all,Seating / bench Sufficient seating for the number of people typically waiting,1,1,0,0,0,0,0,0,"Mixed Use - A mix of commercial/residential/office, etc",Yes – advertisements dominate; passenger information is secondary,The bus stop is close to Western Entrance of Marundeeswarar temple around which there always autos standing near the entrance. Because of this the buses do not swerve towards the side of the road  and generally  stop about 10_15 feet from the platform _ and block yhe traffic,Enforcement of no parking near the bus stop.,1000251503-22_6_36.jpg,https://kf.kobotoolbox.org/api/v2/assets/axZaE8YRFpZYaQWWvuZPyu/data/780323183/attachments/attwiLtroUFZqN8LjGhE4Ays/,1000251510-22_6_54.jpg,https://kf.kobotoolbox.org/api/v2/assets/axZaE8YRFpZYaQWWvuZPyu/data/780323183/attachments/att6uDJVrztGBHtvFesCBhZb/,1000251495-22_7_8.jpg,https://kf.kobotoolbox.org/api/v2/assets/axZaE8YRFpZYaQWWvuZPyu/data/780323183/attachments/attbrCum8vdAnwGzttUE9wfv/,1000251508-22_7_36.jpg,https://kf.kobotoolbox.org/api/v2/assets/axZaE8YRFpZYaQWWvuZPyu/data/780323183/attachments/attFthfsSsr6SC6sTgSooU7z/,780323183,f10d41c7-b407-433a-b85d-17bf0624032c,2026-06-14T22:07:42+05:30,,,submitted_via_web,v73kjXt7geHumXyTDeh2CX,,uuid:f10d41c7-b407-433a-b85d-17bf0624032c,54,Chennai,Chennai,12.98507,80.25959,manual_lookup,OK
2026-06-14T22:07:38.853000+05:30,2026-06-14T22:16:01.794000+05:30,2026-06-14T09:30:00+05:30,Tiruvanmiyur ECR Muffasil Bus Stop,,,,,,,No Shelter and No Signboard,,On the road edge / footpath edge – directly adjacent to traffic,0,1,0,,No,No,No,,,Bus stop not clearly marked,0,0,1,0,"Way Out in the Road (More than 1 meter): The bus stops far from the footpath, blocking a lane of traffic, forcing people to walk across active traffic to board the bus",None of the above,0,0,0,0,0,0,1,,Heavily encroached – the stop is largely unusable because of obstructions,No – area appears well-drained,"Safe – well-lit, visible, and active surroundings",,,No – exposed to full sun,"Yes – lit by nearby street lights, shop fronts, or advertisement boards",,,,,None of the Above,0,0,0,0,0,0,0,1,"Mixed Use - A mix of commercial/residential/office, etc",,"Traffic menace ! No marking of a bus stop but all buses going to Mahabs, Pondy, etc stop here. They stop about 10_15 feet from.platform as this is a busy junction. Because of this they stop the traffic. There is always a jam in the evenings znd night",The bus stop for muffasil buses should be relocated.,1000251488-22_15_8.jpg,https://kf.kobotoolbox.org/api/v2/assets/axZaE8YRFpZYaQWWvuZPyu/data/780328682/attachments/attcYktTcBB2EAzvBZGepiyz/,1000251504-22_15_23.jpg,https://kf.kobotoolbox.org/api/v2/assets/axZaE8YRFpZYaQWWvuZPyu/data/780328682/attachments/attKUR4NjphTDsiRE35cPfPW/,1000251688-22_15_37.jpg,https://kf.kobotoolbox.org/api/v2/assets/axZaE8YRFpZYaQWWvuZPyu/data/780328682/attachments/attDC9E9ETqror9uxfZRvjG9/,1000251687-22_15_56.jpg,https://kf.kobotoolbox.org/api/v2/assets/axZaE8YRFpZYaQWWvuZPyu/data/780328682/attachments/atthAmnV2dURnWXcdJMYRF2V/,780328682,b5ff57c6-0117-4b8d-bf57-16bde8367ad4,2026-06-14T22:16:14+05:30,,,submitted_via_web,v73kjXt7geHumXyTDeh2CX,,uuid:b5ff57c6-0117-4b8d-bf57-16bde8367ad4,55,Chennai,Chennai,12.98602,80.259668,manual_lookup,OK
2026-06-14T22:16:01.857000+05:30,2026-06-14T22:25:23.513000+05:30,2026-06-14T09:30:00+05:30,Tiruvanmiyur Depot _ last stop,,,,,,,No Shelter and No Signboard,,On the road edge / footpath edge – directly adjacent to traffic,0,1,0,,No,No,No,,,Bus stop not clearly marked,0,0,1,0,"Way Out in the Road (More than 1 meter): The bus stops far from the footpath, blocking a lane of traffic, forcing people to walk across active traffic to board the bus",None of the above,0,0,0,0,0,0,1,,"Partially encroached – e.g., vendors, parked two-wheelers, auto-rickshaws, construction material","Yes – signs of standing water, algae, or drainage issues visible","Somewhat safe – some concerns (e.g., poor visibility, isolated location)",,,No – exposed to full sun,Partially – some light but insufficient,,,,,None of the Above,0,0,0,0,0,0,0,1,"Mixed Use - A mix of commercial/residential/office, etc",,The passengers are dropped off at different places _ no set place . This mess is happening because of the renovations of  the Bus Terminus. Some byses stop in thd empty part of road. Some at the crowded part. After people get off they have to cross the road in unsafe manner as there are pedestrian crossings. Absolute chaos !,Transport dept should enforce more orderly method for disembarkation. And coordinate witn police to have provision for safe crossing of the road,1000251691-22_24_20.jpg,https://kf.kobotoolbox.org/api/v2/assets/axZaE8YRFpZYaQWWvuZPyu/data/780334083/attachments/attSkkUKq2KFedU8Z3qThRMb/,1000251695-22_24_41.jpg,https://kf.kobotoolbox.org/api/v2/assets/axZaE8YRFpZYaQWWvuZPyu/data/780334083/attachments/attgP4YbWHPJ2aHmzL5nhqhS/,1000251478-22_24_52.jpg,https://kf.kobotoolbox.org/api/v2/assets/axZaE8YRFpZYaQWWvuZPyu/data/780334083/attachments/attwCUoQokENoUpMrN3BjKqj/,1000251481-22_25_12.jpg,https://kf.kobotoolbox.org/api/v2/assets/axZaE8YRFpZYaQWWvuZPyu/data/780334083/attachments/atto5kbCXVJnFnh4da86G4oc/,780334083,a4d3a85e-bc51-406f-baa1-1b87d06d69d2,2026-06-14T22:25:29+05:30,,,submitted_via_web,v73kjXt7geHumXyTDeh2CX,,uuid:a4d3a85e-bc51-406f-baa1-1b87d06d69d2,56,Chennai,Chennai,12.987355,80.258547,manual_lookup,OK
2026-06-14T20:24:44.109000+05:30,2026-06-14T23:29:03.794000+05:30,2026-06-14T18:00:00+05:30,Shollinganallur,,,,,,https://maps.app.goo.gl/5HmtxMuiwE2aNGXD7?g_st=ic,Stainless Steel Bus Shelter,Satisfactory – minor wear/dusty but usable,"Set back from the road – against a wall, compound, or building edge",1,0,0,,Yes,Yes,Yes,Yes - It's free of obstructions and feels safe to use,2,At the bus stop – buses pull up to the shelter/marked stop,1,0,0,0,"Way Out in the Road (More than 1 meter): The bus stops far from the footpath, blocking a lane of traffic, forcing people to walk across active traffic to board the bus","Footpath available to reach the bus stop from both directions Footpath is walkable and free of encroachment like parking, vendors, utility boxes, garbage, etc",1,1,0,0,0,0,0,,"Partially encroached – e.g., vendors, parked two-wheelers, auto-rickshaws, construction material",No – area appears well-drained,"Safe – well-lit, visible, and active surroundings", No – overcrowded or high number of people standing on the road,"Yes – but the roof is inadequate (too tall, too small, gaps, or partial coverage)",Yes – sufficient shade from the bus shelter,"Yes – lit by nearby street lights, shop fronts, or advertisement boards",Yes – clear sightline to see the approaching buses,"Yes - the seating is of the right height, width, and depth to sit comfortably while waiting for the bus",No – name is missing,No information displayed at all,Seating / bench,1,0,0,0,0,0,0,0,"Mixed Use - A mix of commercial/residential/office, etc",Yes – advertisements dominate; passenger information is secondary,Very High Footfall Bus stop… ELCOT employees use this. Bus Stop is not sufficient for very high number of commuters. Buses stop in Traffic Lane. Most of the time there are traffic polices controlling the movement there. Huge number of share autos also parked around the stop.,Stop need to be doubled or trippled with more capacity for commuters and to accommodate more buses in the bay,IMG_9368-23_26_28.jpeg,https://kf.kobotoolbox.org/api/v2/assets/axZaE8YRFpZYaQWWvuZPyu/data/780362741/attachments/att7v4GhtaDASpLBNr4sEdHS/,IMG_9370-23_27_37.jpeg,https://kf.kobotoolbox.org/api/v2/assets/axZaE8YRFpZYaQWWvuZPyu/data/780362741/attachments/attD4CnpQrAcMJeRBKXqikUu/,IMG_9365-23_28_22.jpeg,https://kf.kobotoolbox.org/api/v2/assets/axZaE8YRFpZYaQWWvuZPyu/data/780362741/attachments/attAUQixxZWEDebCkvSQREyK/,IMG_9360-23_29_0.jpeg,https://kf.kobotoolbox.org/api/v2/assets/axZaE8YRFpZYaQWWvuZPyu/data/780362741/attachments/attVMAUJdXWpKRY4VESZBypg/,780362741,39df9e1e-2ea3-4176-a56e-22c51240879b,2026-06-14T23:29:06+05:30,,,submitted_via_web,v73kjXt7geHumXyTDeh2CX,,uuid:39df9e1e-2ea3-4176-a56e-22c51240879b,57,Chennai,Chennai,12.898814,80.227934,gmaps_link,OK
2026-06-15T11:51:44.662000+05:30,2026-06-15T11:59:42.376000+05:30,2026-06-14T07:14:00+05:30,Ampa Sky Walk - Towards Koyambedu (old bus stop),13.074406 80.221331 0 0,13.074406,80.221331,0,0,,Stainless Steel Bus Shelter,Satisfactory – minor wear/dusty but usable,"Set back from the road – against a wall, compound, or building edge On the road edge / footpath edge – directly adjacent to traffic The road/footpath is too narrow ",1,1,1,,No,No,No,,2,At the bus stop – buses pull up to the shelter/marked stop Away from the bus stop – buses stop before or beyond the shelter/marked location,1,1,0,0,"Way Out in the Road (More than 1 meter): The bus stops far from the footpath, blocking a lane of traffic, forcing people to walk across active traffic to board the bus",None of the above,0,0,0,0,0,0,1,,"Partially encroached – e.g., vendors, parked two-wheelers, auto-rickshaws, construction material",No – area appears well-drained,"Safe – well-lit, visible, and active surroundings", No – overcrowded or high number of people standing on the road,Yes – roof is intact and effective,Partial – some shade but insufficient,Unsure / Not observed,Yes – clear sightline to see the approaching buses,"Yes - the seating is of the right height, width, and depth to sit comfortably while waiting for the bus",Yes – name is prominently visible and legible,Yes – route list is prominently displayed and appears current,Seating / bench,1,0,0,0,0,0,0,0,"Mostly commercial - Office buildings, malls, large stores, etc",Yes – advertisements present but passenger information is still clearly visible,1. Bus stopping at the old bus stop 2. Bus stopping at the middle of the road,1. Need to also start using the new bus shelter 2. MTC should drive the change,Ampa Skywalk Old Bus Stop - Towards Koyambedu Partial Front View-11_58_46.jpg,https://kf.kobotoolbox.org/api/v2/assets/axZaE8YRFpZYaQWWvuZPyu/data/780640505/attachments/attNMmfRxVTQjMLEFUiUgiUv/,Ampa Skywalk Old Bus Stop - Towards Koyambedu Side View-11_58_57.jpg,https://kf.kobotoolbox.org/api/v2/assets/axZaE8YRFpZYaQWWvuZPyu/data/780640505/attachments/attJ9U7TEkwEu8crCvigVzZp/,Ampa Skywalk Old Bus Stop - Towards Koyambedu Bus Stopping middle of road-11_59_7.jpg,https://kf.kobotoolbox.org/api/v2/assets/axZaE8YRFpZYaQWWvuZPyu/data/780640505/attachments/attMwy4cQgrtp6FUgRHdsefg/,,,780640505,d3d79be4-3a3a-478d-b377-073c551dacfd,2026-06-15T12:00:50+05:30,,,submitted_via_web,v73kjXt7geHumXyTDeh2CX,,uuid:d3d79be4-3a3a-478d-b377-073c551dacfd,58,Chennai,Chennai,13.074406,80.221331,device_gps,OK
2026-06-15T11:59:42.446000+05:30,2026-06-15T12:13:50.810000+05:30,2026-06-14T07:15:00+05:30,Ampa Skywalk Bus Stop - Towards Koyambedu (New Bus stop),13.074406 80.221331 0 0,13.074406,80.221331,0,0,,Stainless Steel Bus Shelter, Clean and Well Maintained,"Set back from the road – against a wall, compound, or building edge On the road edge / footpath edge – directly adjacent to traffic",1,1,0,,Yes,Yes,No,Yes - It's free of obstructions and feels safe to use,2,Unsure / not observed,0,0,0,1,Unsure / not observed,"Footpath available to reach the bus stop from both directions Footpath is walkable and free of encroachment like parking, vendors, utility boxes, garbage, etc Ramp for wheelchair users to access the bus stop Ramp is in usable condition (not too steep, not broken, nor blocked) Pedestrian crossing at/close to the bus stop to cross the road?",1,1,1,1,0,1,0,," Yes – fully accessible, no obstructions",No – area appears well-drained,"Safe – well-lit, visible, and active surroundings",Yes – adequate space for passengers,Yes – roof is intact and effective,Yes – sufficient shade from the bus shelter,Unsure / Not observed,Yes – clear sightline to see the approaching buses,"Yes - the seating is of the right height, width, and depth to sit comfortably while waiting for the bus",No – name is missing,No information displayed at all,Seating / bench Sufficient seating for the number of people typically waiting,1,1,0,0,0,0,0,0,"Mostly commercial - Office buildings, malls, large stores, etc",Yes – advertisements dominate; passenger information is secondary,New Bus Stop is yet to be put to use,1. Put the new bus stop to use - have the buses stop here 2. Drive change management with both passengers and MTC crew,Ampa Skywalk - Towards Koyambedu - New Bus Stop - Front View-12_13_26.jpg,https://kf.kobotoolbox.org/api/v2/assets/axZaE8YRFpZYaQWWvuZPyu/data/780653070/attachments/attCVxEcPSiPCBznktXrkS3Z/,Ampa Skywalk - Towards Koyambedu - New Bus Stop - Side View-12_13_10.jpg,https://kf.kobotoolbox.org/api/v2/assets/axZaE8YRFpZYaQWWvuZPyu/data/780653070/attachments/atty6SGyBJi7oK3LahJemC9A/,Ampa Skywalk - Towards Koyambedu - New Bus Stop Top View-12_13_39.jpg,https://kf.kobotoolbox.org/api/v2/assets/axZaE8YRFpZYaQWWvuZPyu/data/780653070/attachments/atteJ3Au4GJSx5RwAtfgMWVD/,,,780653070,8cb8a84a-04b6-428c-810f-3eb256780b87,2026-06-15T12:13:53+05:30,,,submitted_via_web,v73kjXt7geHumXyTDeh2CX,,uuid:8cb8a84a-04b6-428c-810f-3eb256780b87,59,Chennai,Chennai,13.074406,80.221331,device_gps,OK
2026-06-15T12:13:50.905000+05:30,2026-06-15T12:21:50.015000+05:30,2026-06-14T07:11:00+05:30,Ampa Skywalk - towards Kilpauk (New Bus Stop),13.074481 80.221248 0 0,13.074481,80.221248,0,0,,Stainless Steel Bus Shelter, Clean and Well Maintained,"Set back from the road – against a wall, compound, or building edge On the road edge / footpath edge – directly adjacent to traffic",1,1,0,,Yes,Yes,No,Yes - It's free of obstructions and feels safe to use,1 - this is a standalone shelter ,Unsure / not observed,0,0,0,1,Unsure / not observed,"Footpath available to reach the bus stop from both directions Ramp for wheelchair users to access the bus stop Ramp is in usable condition (not too steep, not broken, nor blocked) Pedestrian crossing at/close to the bus stop to cross the road?",1,0,1,1,0,1,0,," Yes – fully accessible, no obstructions",No – area appears well-drained,"Somewhat safe – some concerns (e.g., poor visibility, isolated location)",Unsure,Yes – roof is intact and effective,Yes – sufficient shade from the bus shelter,Unsure / Not observed,"No – sightline is blocked (by structure, advertisement boards, trees, or parked vehicles)","Yes - the seating is of the right height, width, and depth to sit comfortably while waiting for the bus",No – name is missing,No information displayed at all,Seating / bench,1,0,0,0,0,0,0,0,"Mostly commercial - Office buildings, malls, large stores, etc",Yes – advertisements dominate; passenger information is secondary,Bus Stop is yet to be put to use ; No footpath access to get to the. bus shelter,1. Put the bus stop to use 2. Drive change with both passengers and MTC crew to use the bus stop,Ampa Skywalk Bus Stop - Towards Kilpauk - New Bus Stop - Front View-12_21_8.jpg,https://kf.kobotoolbox.org/api/v2/assets/axZaE8YRFpZYaQWWvuZPyu/data/780661150/attachments/attdPwG2P6es9dB32aKFwE3s/,Ampa Skywalk Bus Stop - Towards Kilpauk - New Bus Stop Side View -12_21_18.jpg,https://kf.kobotoolbox.org/api/v2/assets/axZaE8YRFpZYaQWWvuZPyu/data/780661150/attachments/attYKHHBNKSkGa2wYsEPepjJ/,Ampa Skywalk Bus Stop - Towards Kilpauk - New Bus Stop - Side View 2 - No footpath-12_21_25.jpg,https://kf.kobotoolbox.org/api/v2/assets/axZaE8YRFpZYaQWWvuZPyu/data/780661150/attachments/attkmJiSA8DGguDEqyj2fjLR/,,,780661150,bd9d6e5b-01db-4cd6-bc60-3707372156e6,2026-06-15T12:21:53+05:30,,,submitted_via_web,v73kjXt7geHumXyTDeh2CX,,uuid:bd9d6e5b-01db-4cd6-bc60-3707372156e6,60,Chennai,Chennai,13.074481,80.221248,device_gps,OK
2026-06-14T22:25:23.581000+05:30,2026-06-15T12:26:05.167000+05:30,2026-06-15T09:00:00+05:30,TIRUVANMIYUR RTO,,,,,,,Concrete/Masonry Bus Shelter,Unclean/Poorly Maintained,"Set back from the road – against a wall, compound, or building edge",1,0,0,,No,Yes,No,,2,Away from the bus stop – buses stop before or beyond the shelter/marked location,0,1,0,0,"Way Out in the Road (More than 1 meter): The bus stops far from the footpath, blocking a lane of traffic, forcing people to walk across active traffic to board the bus",Footpath available to reach the bus stop from both directions Pedestrian crossing at/close to the bus stop to cross the road?,1,0,0,0,0,1,0,,"Partially encroached – e.g., vendors, parked two-wheelers, auto-rickshaws, construction material",No – area appears well-drained,"Safe – well-lit, visible, and active surroundings",Yes – adequate space for passengers,Yes – roof is intact and effective,Yes – sufficient shade from the bus shelter,"Yes – lit by nearby street lights, shop fronts, or advertisement boards","No – sightline is blocked (by structure, advertisement boards, trees, or parked vehicles)","Yes - the seating is of the right height, width, and depth to sit comfortably while waiting for the bus",Yes – name is prominently visible and legible,Yes – but information seems outdated or unreliable,Seating / bench Sufficient seating for the number of people typically waiting,1,1,0,0,0,0,0,0,"Mixed Use - A mix of commercial/residential/office, etc",No advertisements,"The bus stop is adjacent to RTO where a number vehicles are parked. Also during working hours lots of crowd around RTO entrance. So the buses cannot be seen from the shelter. Also the buses ard forced to stop in the middle of the road, thus blocking traffic.",No parking to be enforced near RTO office. Brokers should not be allowed on thd platform.,1000252210-12_25_10.jpg,https://kf.kobotoolbox.org/api/v2/assets/axZaE8YRFpZYaQWWvuZPyu/data/780665659/attachments/attrDgiaWXBfcdoqGKnhnTPY/,1000252211-12_25_24.jpg,https://kf.kobotoolbox.org/api/v2/assets/axZaE8YRFpZYaQWWvuZPyu/data/780665659/attachments/attmUTw9ZwkncHR6nuHNfSXd/,1000252212-12_25_43.jpg,https://kf.kobotoolbox.org/api/v2/assets/axZaE8YRFpZYaQWWvuZPyu/data/780665659/attachments/attT5BoH8uHWeCXFaTCdad3W/,1000252210-12_26_1.jpg,https://kf.kobotoolbox.org/api/v2/assets/axZaE8YRFpZYaQWWvuZPyu/data/780665659/attachments/attyQ5eqLyM85xohSNeiKc9B/,780665659,181ab73a-caa8-4a26-8596-ce85d7a2a84e,2026-06-15T12:26:09+05:30,,,submitted_via_web,v73kjXt7geHumXyTDeh2CX,,uuid:181ab73a-caa8-4a26-8596-ce85d7a2a84e,61,Chennai,Chennai,12.97656,80.259133,manual_lookup,OK
2026-06-15T12:26:05.263000+05:30,2026-06-15T12:38:14.562000+05:30,2026-06-15T09:15:00+05:30,TIRUVANMITUR RTO WEST (OPPOSITE) SIDE,,,,,,,Stainless Steel Bus Shelter,Unclean/Poorly Maintained,"Set back from the road – against a wall, compound, or building edge",1,0,0,,No,No,No,,1 - this is a standalone shelter ,Away from the bus stop – buses stop before or beyond the shelter/marked location,0,1,0,0,"Way Out in the Road (More than 1 meter): The bus stops far from the footpath, blocking a lane of traffic, forcing people to walk across active traffic to board the bus",None of the above,0,0,0,0,0,0,1,,"Partially encroached – e.g., vendors, parked two-wheelers, auto-rickshaws, construction material",No – area appears well-drained,"Safe – well-lit, visible, and active surroundings", No – overcrowded or high number of people standing on the road,Yes – roof is intact and effective,Yes - from both bus shelter AND trees,"Yes – lit by nearby street lights, shop fronts, or advertisement boards","No – sightline is blocked (by structure, advertisement boards, trees, or parked vehicles)","Yes - the seating is of the right height, width, and depth to sit comfortably while waiting for the bus",Yes – name is prominently visible and legible,No information displayed at all,Seating / bench,1,0,0,0,0,0,0,0,"Mixed Use - A mix of commercial/residential/office, etc",Yes – advertisements dominate; passenger information is secondary,Disaster stop! Very close to signal. Buses stop away from bud stop _ 5 to 10 feet into the road thereby stopping the traffic.  Aldo because of the traffic and long signal duration the bus is forced to stop away from the bys sop and the passengers have to weave thru parked vehicles to get into the bus.  VERY DANGEROUS!,Move the bus stop !,1000252059-12_35_58.jpg,https://kf.kobotoolbox.org/api/v2/assets/axZaE8YRFpZYaQWWvuZPyu/data/780678041/attachments/attwUZZzgCGcoKAWxpVyYJGq/,1000252208-12_36_14.jpg,https://kf.kobotoolbox.org/api/v2/assets/axZaE8YRFpZYaQWWvuZPyu/data/780678041/attachments/attUAftHJyHUqnp6cZsUpwAT/,1000252092-12_36_31.jpg,https://kf.kobotoolbox.org/api/v2/assets/axZaE8YRFpZYaQWWvuZPyu/data/780678041/attachments/attFXRUpFiCEJZrgRgGqbMXa/,1000252093-12_37_56.jpg,https://kf.kobotoolbox.org/api/v2/assets/axZaE8YRFpZYaQWWvuZPyu/data/780678041/attachments/attpzcZjpuQ6JpGSqaSp3ag8/,780678041,13bf09cb-0a55-4062-9658-e409b74e323a,2026-06-15T12:38:18+05:30,,,submitted_via_web,v73kjXt7geHumXyTDeh2CX,,uuid:13bf09cb-0a55-4062-9658-e409b74e323a,62,Chennai,Chennai,12.97688,80.25902,manual_lookup,OK
2026-06-15T18:40:23.720000+05:30,2026-06-15T18:47:59.428000+05:30,2026-06-15T18:40:00+05:30,Massodhi,13.080845 80.180743 -59.70000076293945 7.800000190734863,13.080845,80.180743,-59.70000076,7.800000191,,Concrete/Masonry Bus Shelter,Satisfactory – minor wear/dusty but usable,On the road edge / footpath edge – directly adjacent to traffic,0,1,0,,No,No,No,,1 - this is a standalone shelter ,At the bus stop – buses pull up to the shelter/marked stop,1,0,0,0,Perfect / Flush (Less than 30 cm): Passengers can step directly from the footpath onto the bus.,None of the above,0,0,0,0,0,0,1,,"Partially encroached – e.g., vendors, parked two-wheelers, auto-rickshaws, construction material","Yes – signs of standing water, algae, or drainage issues visible","Somewhat safe – some concerns (e.g., poor visibility, isolated location)", No – overcrowded or high number of people standing on the road,No – The roof is too damaged or broken to provide shelter,Partial – some shade but insufficient,No – inadequate or no lighting at all,"No – sightline is blocked (by structure, advertisement boards, trees, or parked vehicles)",No - poor back support / posture,No – name is missing,No information displayed at all,Seating / bench,1,0,0,0,0,0,0,0,"Mixed Use - A mix of commercial/residential/office, etc",Yes – advertisements dominate; passenger information is secondary,No information about anything,No information is there . People have encroached. Need to be rebuilt fully,1000475704-18_47_45.jpg,https://kf.kobotoolbox.org/api/v2/assets/axZaE8YRFpZYaQWWvuZPyu/data/781101342/attachments/att732YxZakaD7VjWb9H9DpC/,1000475702-18_47_51.jpg,https://kf.kobotoolbox.org/api/v2/assets/axZaE8YRFpZYaQWWvuZPyu/data/781101342/attachments/attPDRhXtJ6bDyeznqxo4txa/,1000475700-18_47_56.jpg,https://kf.kobotoolbox.org/api/v2/assets/axZaE8YRFpZYaQWWvuZPyu/data/781101342/attachments/attyuZf6TBWS35FeJVmpGFMw/,,,781101342,ad34623e-4005-4676-82b4-2cc22b60f246,2026-06-15T18:48:10+05:30,,,submitted_via_web,v73kjXt7geHumXyTDeh2CX,,uuid:ad34623e-4005-4676-82b4-2cc22b60f246,63,Chennai,Chennai,13.080845,80.180743,device_gps,OK
2026-06-15T18:47:59.596000+05:30,2026-06-16T18:33:05.457000+05:30,2026-06-16T18:29:00+05:30,Grace supermarket,13.078545 80.180873 -60.70000076293945 6.800000190734863,13.078545,80.180873,-60.70000076,6.800000191,,No Shelter and No Signboard,,On the road edge / footpath edge – directly adjacent to traffic,0,1,0,,No,No,No,,,Bus stop not clearly marked,0,0,1,0,No footpath available,None of the above,0,0,0,0,0,0,1,,Heavily encroached – the stop is largely unusable because of obstructions,Unsure,"Safe – well-lit, visible, and active surroundings",,,No – exposed to full sun,No – inadequate or no lighting at all,,,,,None of the Above,0,0,0,0,0,0,0,1,"Mostly Residential - Housing, Apartments, etc",,There is no bus stop sign only local people know the stop,Need to keep a sign board and bus stop,1000476170-18_32_38.jpg,https://kf.kobotoolbox.org/api/v2/assets/axZaE8YRFpZYaQWWvuZPyu/data/782108657/attachments/att398vKcEiw4siNGyciCo57/,,,,,,,782108657,cb425dbb-aceb-4545-a3cb-2420f1ab565c,2026-06-16T18:33:08+05:30,,,submitted_via_web,v73kjXt7geHumXyTDeh2CX,,uuid:cb425dbb-aceb-4545-a3cb-2420f1ab565c,64,Chennai,Chennai,13.078545,80.180873,device_gps,OK
2026-06-16T18:33:05.628000+05:30,2026-06-16T18:44:07.332000+05:30,2026-06-16T18:37:00+05:30,Church road,13.080412 80.180309 -60.10000228881836 18.66200065612793,13.080412,80.180309,-60.10000229,18.66200066,,Stainless Steel Bus Shelter, Clean and Well Maintained,On the road edge / footpath edge – directly adjacent to traffic,0,1,0,,No,No,No,,1 - this is a standalone shelter ,At the bus stop – buses pull up to the shelter/marked stop,1,0,0,0,One Step Out (30 cm to 1 meter): Passengers have to step down onto the road surface first to board.,Ramp for wheelchair users to access the bus stop,0,0,1,0,0,0,0,,"Partially encroached – e.g., vendors, parked two-wheelers, auto-rickshaws, construction material",Unsure,"Somewhat safe – some concerns (e.g., poor visibility, isolated location)", No – overcrowded or high number of people standing on the road,Yes – roof is intact and effective,Partial – some shade but insufficient,Yes – the bus shelter itself has a working light,Yes – clear sightline to see the approaching buses,"Yes - the seating is of the right height, width, and depth to sit comfortably while waiting for the bus","Yes – but faded, small, or difficult to read",No information displayed at all,Seating / bench,1,0,0,0,0,0,0,0,"Mixed Use - A mix of commercial/residential/office, etc",Yes – advertisements dominate; passenger information is secondary,"Ramp blocked by vendors , ramp damaged","At the junction of fours roads bit difficult for people to judge nd use, electricity board something at the back",1000476172-18_41_57.jpg,https://kf.kobotoolbox.org/api/v2/assets/axZaE8YRFpZYaQWWvuZPyu/data/782127368/attachments/attbxsyncY69pdcv5SzadCC8/,1000476173-18_42_5.jpg,https://kf.kobotoolbox.org/api/v2/assets/axZaE8YRFpZYaQWWvuZPyu/data/782127368/attachments/attAjLSK6kWTX2SWPFSeNbGE/,1000476184-18_42_12.jpg,https://kf.kobotoolbox.org/api/v2/assets/axZaE8YRFpZYaQWWvuZPyu/data/782127368/attachments/attYumaEGJw97Zso6gwTCtUZ/,,,782127368,79fb767a-3dc3-494c-a8a3-ddc202e7c413,2026-06-16T18:44:10+05:30,,,submitted_via_web,v73kjXt7geHumXyTDeh2CX,,uuid:79fb767a-3dc3-494c-a8a3-ddc202e7c413,65,Chennai,Chennai,13.080412,80.180309,device_gps,OK
2026-06-13T18:31:40.827000+05:30,2026-06-16T18:47:44.320000+05:30,2026-06-16T18:44:00+05:30,சத்தியமூர்த்தி நகர்,13.122656 80.265752 -69.60000610351562 21.871000289916992,13.122656,80.265752,-69.6000061,21.87100029,,Stainless Steel Bus Shelter,Unclean/Poorly Maintained,"Set back from the road – against a wall, compound, or building edge",1,0,0,,No,No,No,,1 - this is a standalone shelter ,Bus stop not clearly marked,0,0,1,0,"Way Out in the Road (More than 1 meter): The bus stops far from the footpath, blocking a lane of traffic, forcing people to walk across active traffic to board the bus",Footpath available to reach the bus stop from both directions,1,0,0,0,0,0,0,," Yes – fully accessible, no obstructions","Yes – signs of standing water, algae, or drainage issues visible","Safe – well-lit, visible, and active surroundings",Yes – adequate space for passengers,"Yes – but the roof is inadequate (too tall, too small, gaps, or partial coverage)",Yes – sufficient shade from the bus shelter,Yes – the bus shelter itself has a working light,Yes – clear sightline to see the approaching buses,No - the seating is too small to sit comfortably ,Yes – name is prominently visible and legible,Yes – route list is prominently displayed and appears current,Seating / bench Dustbin / waste bin,1,0,1,0,0,0,0,0,"Mostly commercial - Retail shops. restaurants, cafes, markets, etc",Yes – advertisements dominate; passenger information is secondary,No,No,IMG-20260616-WA0010-18_45_22.jpeg,https://kf.kobotoolbox.org/api/v2/assets/axZaE8YRFpZYaQWWvuZPyu/data/782132966/attachments/attPxXnWPsomYe3J9BA5Ga3U/,17816157380015877251933996859666-18_45_54.jpg,https://kf.kobotoolbox.org/api/v2/assets/axZaE8YRFpZYaQWWvuZPyu/data/782132966/attachments/attFrBJajkUg3sMYc7bN7VLS/,,,,,782132966,d7336d96-d86c-4ec2-b996-bb4b720f7bb5,2026-06-16T18:47:51+05:30,,,submitted_via_web,v73kjXt7geHumXyTDeh2CX,,uuid:d7336d96-d86c-4ec2-b996-bb4b720f7bb5,66,Chennai,Chennai,13.122656,80.265752,device_gps,OK
2026-06-16T18:47:44.590000+05:30,2026-06-16T18:54:14.591000+05:30,2026-06-16T18:48:00+05:30,No,13.122362 80.265811 -69.10000610351562 26.285999298095703,13.122362,80.265811,-69.1000061,26.2859993,,Stainless Steel Bus Shelter,Unclean/Poorly Maintained,"Set back from the road – against a wall, compound, or building edge",1,0,0,,No,No,Yes,,2,Bus stop not clearly marked,0,0,1,0,One Step Out (30 cm to 1 meter): Passengers have to step down onto the road surface first to board.,"Footpath is walkable and free of encroachment like parking, vendors, utility boxes, garbage, etc",0,1,0,0,0,0,0,,"Partially encroached – e.g., vendors, parked two-wheelers, auto-rickshaws, construction material",No – area appears well-drained,"Unsafe – poorly lit, isolated, or has a history of feeling threatening", No – overcrowded or high number of people standing on the road,"Yes – but the roof is inadequate (too tall, too small, gaps, or partial coverage)",Yes - from both bus shelter AND trees,Partially – some light but insufficient,Yes – clear sightline to see the approaching buses,No - the seating is too small to sit comfortably ,No – name is missing,Yes – but information seems outdated or unreliable,Seating / bench Dustbin / waste bin,1,0,1,0,0,0,0,0,"Mostly commercial - Retail shops. restaurants, cafes, markets, etc",Yes – advertisements present but passenger information is still clearly visible,No,No,17816161490448939014409995723573-18_52_42.jpg,https://kf.kobotoolbox.org/api/v2/assets/axZaE8YRFpZYaQWWvuZPyu/data/782142430/attachments/attC9qDk6xPRPB3iT2c3riX2/,17816162302834689566339178401354-18_54_0.jpg,https://kf.kobotoolbox.org/api/v2/assets/axZaE8YRFpZYaQWWvuZPyu/data/782142430/attachments/atts4stAvap9kGXKcaUT6K3N/,,,,,782142430,5fc83c8e-3baa-411e-bd73-200bbf4d4304,2026-06-16T18:54:17+05:30,,,submitted_via_web,v73kjXt7geHumXyTDeh2CX,,uuid:5fc83c8e-3baa-411e-bd73-200bbf4d4304,67,Chennai,Chennai,13.122362,80.265811,device_gps,OK
2026-06-16T18:44:07.440000+05:30,2026-06-16T18:54:42.526000+05:30,2026-06-16T18:52:00+05:30,Massodhi,13.081083 80.184482 -60.60000228881836 12.982000350952148,13.081083,80.184482,-60.60000229,12.98200035,,No Shelter and No Signboard,,On the road edge / footpath edge – directly adjacent to traffic,0,1,0,,No,No,No,,,Away from the bus stop – buses stop before or beyond the shelter/marked location Bus stop not clearly marked,0,1,1,0,No footpath available,None of the above,0,0,0,0,0,0,1,,Heavily encroached – the stop is largely unusable because of obstructions,Unsure,"Somewhat safe – some concerns (e.g., poor visibility, isolated location)",,,No – exposed to full sun,No – inadequate or no lighting at all,,,,,None of the Above,0,0,0,0,0,0,0,1,"Mixed Use - A mix of commercial/residential/office, etc",,No bus stop sign or area is there only locals know,,1000476197-18_54_32.jpg,https://kf.kobotoolbox.org/api/v2/assets/axZaE8YRFpZYaQWWvuZPyu/data/782143043/attachments/attwEvHy7xpGZQuxmZkhL73t/,,,,,,,782143043,f17f2c0b-b967-4580-b9f8-ace6433a6072,2026-06-16T18:54:45+05:30,,,submitted_via_web,v73kjXt7geHumXyTDeh2CX,,uuid:f17f2c0b-b967-4580-b9f8-ace6433a6072,68,Chennai,Chennai,13.081083,80.184482,device_gps,OK
2026-06-16T19:01:25.629000+05:30,2026-06-16T19:02:53.517000+05:30,2026-06-16T19:01:00+05:30,Pari salai,13.081485 80.187293 -59.70000076293945 8.100000381469727,13.081485,80.187293,-59.70000076,8.100000381,,No Shelter and No Signboard,,On the road edge / footpath edge – directly adjacent to traffic,0,1,0,,No,No,No,,,Bus stop not clearly marked,0,0,1,0,No footpath available,None of the above,0,0,0,0,0,0,1,,"Partially encroached – e.g., vendors, parked two-wheelers, auto-rickshaws, construction material",Unsure,"Unsafe – poorly lit, isolated, or has a history of feeling threatening",,,No – exposed to full sun,No – inadequate or no lighting at all,,,,,None of the Above,0,0,0,0,0,0,0,1,"Mixed Use - A mix of commercial/residential/office, etc",,No bus stop,,1000476203-19_2_50.jpg,https://kf.kobotoolbox.org/api/v2/assets/axZaE8YRFpZYaQWWvuZPyu/data/782156511/attachments/attoWxNza2pkrATEWQhQGRY2/,,,,,,,782156511,b1d3a182-fdcf-4e60-a82b-f0c0a734fe4b,2026-06-16T19:02:56+05:30,,,submitted_via_web,v73kjXt7geHumXyTDeh2CX,,uuid:b1d3a182-fdcf-4e60-a82b-f0c0a734fe4b,69,Chennai,Chennai,13.081485,80.187293,device_gps,OK
2026-06-16T18:54:14.843000+05:30,2026-06-16T19:06:17.617000+05:30,2026-06-16T19:04:00+05:30,மூலகொத்தளம்,13.104507 80.275909 -69.10000610351562 23.6560001373291,13.104507,80.275909,-69.1000061,23.65600014,,Stainless Steel Bus Shelter,Satisfactory – minor wear/dusty but usable,"Set back from the road – against a wall, compound, or building edge On the road edge / footpath edge – directly adjacent to traffic",1,1,0,,No,No,No,,2,Away from the bus stop – buses stop before or beyond the shelter/marked location,0,1,0,0,One Step Out (30 cm to 1 meter): Passengers have to step down onto the road surface first to board.,Footpath available to reach the bus stop from both directions Pedestrian crossing at/close to the bus stop to cross the road?,1,0,0,0,0,1,0,,"Partially encroached – e.g., vendors, parked two-wheelers, auto-rickshaws, construction material",No – area appears well-drained,"Somewhat safe – some concerns (e.g., poor visibility, isolated location)",Yes – adequate space for passengers,"Yes – but the roof is inadequate (too tall, too small, gaps, or partial coverage)",Yes - sufficient shade from surrounding trees,"Yes – lit by nearby street lights, shop fronts, or advertisement boards",Yes – clear sightline to see the approaching buses,No - the seating is too small to sit comfortably ,"Yes – but faded, small, or difficult to read",Yes – but information seems outdated or unreliable,Seating / bench Dustbin / waste bin,1,0,1,0,0,0,0,0,Other,No advertisements,No,No,17816168143838136111303229937375-19_3_43.jpg,https://kf.kobotoolbox.org/api/v2/assets/axZaE8YRFpZYaQWWvuZPyu/data/782161421/attachments/attmetz4NekezBeiwQQZ2FUG/,17816168487493310944430212287021-19_4_22.jpg,https://kf.kobotoolbox.org/api/v2/assets/axZaE8YRFpZYaQWWvuZPyu/data/782161421/attachments/attUNWGwjpNTcQCoPEDdNZPg/,,,,,782161421,1da024fb-d79f-4e3e-a496-fdcc17dbfe81,2026-06-16T19:06:22+05:30,,,submitted_via_web,v73kjXt7geHumXyTDeh2CX,,uuid:1da024fb-d79f-4e3e-a496-fdcc17dbfe81,70,Chennai,Chennai,13.104507,80.275909,device_gps,OK
2026-06-16T19:02:53.591000+05:30,2026-06-16T19:08:05.567000+05:30,2026-06-16T19:06:00+05:30,Velaammal school - unsure from g map,13.082104 80.187875 -59.20000076293945 12.645999908447266,13.082104,80.187875,-59.20000076,12.64599991,,No Shelter and No Signboard,,On the road edge / footpath edge – directly adjacent to traffic,0,1,0,,No,No,No,,,Bus stop not clearly marked,0,0,1,0,No footpath available,None of the above,0,0,0,0,0,0,1,,"Partially encroached – e.g., vendors, parked two-wheelers, auto-rickshaws, construction material",Unsure,"Unsafe – poorly lit, isolated, or has a history of feeling threatening",,,No – exposed to full sun,No – inadequate or no lighting at all,,,,,None of the Above,0,0,0,0,0,0,0,1,"Mixed Use - A mix of commercial/residential/office, etc",,No bus stop present,,1000476205-19_7_52.jpg,https://kf.kobotoolbox.org/api/v2/assets/axZaE8YRFpZYaQWWvuZPyu/data/782164003/attachments/attXNAHAFALCd7rZ5sh9PeyF/,1000476206-19_7_58.jpg,https://kf.kobotoolbox.org/api/v2/assets/axZaE8YRFpZYaQWWvuZPyu/data/782164003/attachments/attUALApAStxsddSWWgZDQcX/,,,,,782164003,e96b1d30-942a-402a-bf28-cda2da39228e,2026-06-16T19:08:08+05:30,,,submitted_via_web,v73kjXt7geHumXyTDeh2CX,,uuid:e96b1d30-942a-402a-bf28-cda2da39228e,71,Chennai,Chennai,13.082104,80.187875,device_gps,OK
2026-06-16T19:08:05.673000+05:30,2026-06-16T19:10:40.491000+05:30,2026-06-16T19:08:00+05:30,Velammal school unsure  opposite side,13.082188 80.187851 -59.20000076293945 15.725000381469727,13.082188,80.187851,-59.20000076,15.72500038,,No Shelter and No Signboard,,"Set back from the road – against a wall, compound, or building edge On the road edge / footpath edge – directly adjacent to traffic",1,1,0,,No,No,No,,,Bus stop not clearly marked,0,0,1,0,No footpath available,None of the above,0,0,0,0,0,0,1,,"Partially encroached – e.g., vendors, parked two-wheelers, auto-rickshaws, construction material",Unsure,"Somewhat safe – some concerns (e.g., poor visibility, isolated location)",,,No – exposed to full sun,Partially – some light but insufficient,,,,,None of the Above,0,0,0,0,0,0,0,1,"Mixed Use - A mix of commercial/residential/office, etc",,No bus stop,,1000476214-19_10_37.jpg,https://kf.kobotoolbox.org/api/v2/assets/axZaE8YRFpZYaQWWvuZPyu/data/782168615/attachments/attHfZiCWpqGdBZBmqzwLrRu/,,,,,,,782168615,a0150f89-9010-447f-9d13-cc2b9ce266b1,2026-06-16T19:10:44+05:30,,,submitted_via_web,v73kjXt7geHumXyTDeh2CX,,uuid:a0150f89-9010-447f-9d13-cc2b9ce266b1,72,Chennai,Chennai,13.082188,80.187851,device_gps,OK
2026-06-16T19:10:40.595000+05:30,2026-06-16T19:19:01.607000+05:30,2026-06-16T19:16:00+05:30,Fire station or variety centre,13.084897 80.187402 -60.10000228881836 7.300000190734863,13.084897,80.187402,-60.10000229,7.300000191,,No Shelter and No Signboard,,"Set back from the road – against a wall, compound, or building edge On the road edge / footpath edge – directly adjacent to traffic",1,1,0,,No,No,No,,,Bus stop not clearly marked,0,0,1,0,No footpath available,None of the above,0,0,0,0,0,0,1,,Heavily encroached – the stop is largely unusable because of obstructions,Unsure,"Somewhat safe – some concerns (e.g., poor visibility, isolated location)",,,Partial – some shade but insufficient,Unsure / Not observed,,,,,None of the Above,0,0,0,0,0,0,0,1,"Mostly commercial - Office buildings, malls, large stores, etc",,No bus stop,,1000476218-19_18_31.jpg,https://kf.kobotoolbox.org/api/v2/assets/axZaE8YRFpZYaQWWvuZPyu/data/782182518/attachments/attAVLPMG9MXbNRUv7woDLKa/,1000476220-19_18_56.jpg,https://kf.kobotoolbox.org/api/v2/assets/axZaE8YRFpZYaQWWvuZPyu/data/782182518/attachments/attyfBhMvY27bapZ7SGpkUSH/,,,,,782182518,841846c6-e212-453a-b12a-19d6e234d3d7,2026-06-16T19:19:05+05:30,,,submitted_via_web,v73kjXt7geHumXyTDeh2CX,,uuid:841846c6-e212-453a-b12a-19d6e234d3d7,73,Chennai,Chennai,13.084897,80.187402,device_gps,OK
2026-06-16T19:14:05.882000+05:30,2026-06-16T19:19:12.569000+05:30,2026-06-16T05:53:00+05:30,Anna Nagar East Chinthamani Bus Stop - Towards Kilpauk,13.084867 80.224554 0 0,13.084867,80.224554,0,0,,Stainless Steel Bus Shelter, Clean and Well Maintained,"Set back from the road – against a wall, compound, or building edge On the road edge / footpath edge – directly adjacent to traffic The road/footpath is too narrow ",1,1,1,,No,No,No,,3,Away from the bus stop – buses stop before or beyond the shelter/marked location,0,1,0,0,One Step Out (30 cm to 1 meter): Passengers have to step down onto the road surface first to board.,"Footpath available to reach the bus stop from both directions Footpath is walkable and free of encroachment like parking, vendors, utility boxes, garbage, etc Pedestrian crossing at/close to the bus stop to cross the road?",1,1,0,0,0,1,0,," Yes – fully accessible, no obstructions",No – area appears well-drained,"Safe – well-lit, visible, and active surroundings",Yes – adequate space for passengers,Yes – roof is intact and effective,Yes – sufficient shade from the bus shelter,Yes – the bus shelter itself has a working light,Yes – clear sightline to see the approaching buses,"Yes - the seating is of the right height, width, and depth to sit comfortably while waiting for the bus",Yes – name is prominently visible and legible,Yes – route list is prominently displayed and appears current,Seating / bench Sufficient seating for the number of people typically waiting Dustbin / waste bin Digital information boards with real time arrival information and service alerts,1,1,1,0,0,0,1,0,"Mixed Use - A mix of commercial/residential/office, etc",Yes – advertisements present but passenger information is still clearly visible,,Repair some parts of the footpath,Anna Nagar East  Chinthamani Bus Stop - Towards Kilpauk Front View-19_18_22.jpg,https://kf.kobotoolbox.org/api/v2/assets/axZaE8YRFpZYaQWWvuZPyu/data/782183126/attachments/attCQ7MwmPiS8vq2XaZ8scSv/,Anna Nagar East  Chinthamani Bus Stop - Towards Kilpauk Side View-19_18_32.jpg,https://kf.kobotoolbox.org/api/v2/assets/axZaE8YRFpZYaQWWvuZPyu/data/782183126/attachments/attve8BtXCpk8c36tpSvj56s/,Anna Nagar East  Chinthamani Bus Stop - Towards Kilpauk Side View 1-19_18_44.jpg,https://kf.kobotoolbox.org/api/v2/assets/axZaE8YRFpZYaQWWvuZPyu/data/782183126/attachments/attJ3ghcWd4rh3G2hqkeDYTJ/,Anna Nagar East  Chinthamani Bus Stop - Towards Kilpauk Front  View 1-19_18_54.jpg,https://kf.kobotoolbox.org/api/v2/assets/axZaE8YRFpZYaQWWvuZPyu/data/782183126/attachments/attzc2qN9ZGrfevruAcXSYk3/,782183126,effc49b4-d749-4991-af15-e0e16d45c25c,2026-06-16T19:19:24+05:30,,,submitted_via_web,v73kjXt7geHumXyTDeh2CX,,uuid:effc49b4-d749-4991-af15-e0e16d45c25c,74,Chennai,Chennai,13.084867,80.224554,device_gps,OK
2026-06-16T19:06:17.894000+05:30,2026-06-16T19:19:57.466000+05:30,2026-06-16T19:12:00+05:30,Wall tax road depot,13.102065 80.274289 -66.20000457763672 41.744998931884766,13.102065,80.274289,-66.20000458,41.74499893,,Stainless Steel Bus Shelter,Unclean/Poorly Maintained,"Set back from the road – against a wall, compound, or building edge On the road edge / footpath edge – directly adjacent to traffic",1,1,0,,No,No,No,,1 - this is a standalone shelter ,Away from the bus stop – buses stop before or beyond the shelter/marked location,0,1,0,0,Perfect / Flush (Less than 30 cm): Passengers can step directly from the footpath onto the bus.,Pedestrian crossing at/close to the bus stop to cross the road?,0,0,0,0,0,1,0,," Yes – fully accessible, no obstructions","Yes – signs of standing water, algae, or drainage issues visible","Somewhat safe – some concerns (e.g., poor visibility, isolated location)", No – overcrowded or high number of people standing on the road,"Yes – but the roof is inadequate (too tall, too small, gaps, or partial coverage)",Partial – some shade but insufficient,Partially – some light but insufficient,"No – sightline is blocked (by structure, advertisement boards, trees, or parked vehicles)",No - the seating is too small to sit comfortably ,Yes – name is prominently visible and legible,Yes – route list is prominently displayed and appears current,Seating / bench Dustbin / waste bin,1,0,1,0,0,0,0,0,"Mostly commercial - Retail shops. restaurants, cafes, markets, etc",Yes – advertisements dominate; passenger information is secondary,No,Mo,17816177748536520098211941259242-19_19_43.jpg,https://kf.kobotoolbox.org/api/v2/assets/axZaE8YRFpZYaQWWvuZPyu/data/782184065/attachments/attYrDj3bFgEGgEzLguoegja/,17816177608328001851179149831936-19_19_28.jpg,https://kf.kobotoolbox.org/api/v2/assets/axZaE8YRFpZYaQWWvuZPyu/data/782184065/attachments/attgtAax8CDrSp8a5Df7k2mg/,17816177880215444600076866565253-19_19_54.jpg,https://kf.kobotoolbox.org/api/v2/assets/axZaE8YRFpZYaQWWvuZPyu/data/782184065/attachments/attCzyYznpHmnQf43bvmJiPb/,,,782184065,41c62b22-78c9-4891-ae12-2c74676ce8a4,2026-06-16T19:20:06+05:30,,,submitted_via_web,v73kjXt7geHumXyTDeh2CX,,uuid:41c62b22-78c9-4891-ae12-2c74676ce8a4,75,Chennai,Chennai,13.102065,80.274289,device_gps,OK
2026-06-16T19:19:01.753000+05:30,2026-06-16T19:21:33.428000+05:30,2026-06-16T19:19:00+05:30,Variety centr or fire station,13.08524 80.1874 -60.20000076293945 15.699000358581543,13.08524,80.1874,-60.20000076,15.69900036,,No Shelter and No Signboard,,On the road edge / footpath edge – directly adjacent to traffic,0,1,0,,No,No,No,,,Bus stop not clearly marked,0,0,1,0,Unsure / not observed,None of the above,0,0,0,0,0,0,1,,"Partially encroached – e.g., vendors, parked two-wheelers, auto-rickshaws, construction material",Unsure,"Somewhat safe – some concerns (e.g., poor visibility, isolated location)",,,No – exposed to full sun,No – inadequate or no lighting at all,,,,,None of the Above,0,0,0,0,0,0,0,1,"Mostly Residential - Housing, Apartments, etc",,No bus stop,,1000476216-19_21_26.jpg,https://kf.kobotoolbox.org/api/v2/assets/axZaE8YRFpZYaQWWvuZPyu/data/782185807/attachments/atthLwfTZ9w5ZD6mCLJcTxRG/,,,,,,,782185807,f843b686-f217-4c25-9e48-33e09e9fec6a,2026-06-16T19:21:35+05:30,,,submitted_via_web,v73kjXt7geHumXyTDeh2CX,,uuid:f843b686-f217-4c25-9e48-33e09e9fec6a,76,Chennai,Chennai,13.08524,80.1874,device_gps,OK
2026-06-16T19:19:12.697000+05:30,2026-06-16T19:34:48.114000+05:30,2026-06-16T06:01:00+05:30,Anna Nagar 1st Avenue Bus Stop - Towards Kilpauk,13.090958 80.223754 0 0,13.090958,80.223754,0,0,,Stainless Steel Bus Shelter, Clean and Well Maintained,On the road edge / footpath edge – directly adjacent to traffic The road/footpath is too narrow ,0,1,1,,No,No,No,,1 - this is a standalone shelter ,Unsure / not observed,0,0,0,1,Unsure / not observed,Footpath available to reach the bus stop from both directions,1,0,0,0,0,0,0,," Yes – fully accessible, no obstructions",No – area appears well-drained,"Somewhat safe – some concerns (e.g., poor visibility, isolated location)",Yes – adequate space for passengers,Yes – roof is intact and effective,Yes - from both bus shelter AND trees,Unsure / Not observed,Yes – clear sightline to see the approaching buses,"Yes - the seating is of the right height, width, and depth to sit comfortably while waiting for the bus",Yes – name is prominently visible and legible,Yes – route list is prominently displayed and appears current,Seating / bench Sufficient seating for the number of people typically waiting Digital information boards with real time arrival information and service alerts,1,1,0,0,0,0,1,0,"Mostly Residential - Housing, Apartments, etc",Yes – advertisements present but passenger information is still clearly visible,Encroachments behind the bus stop,"1, Better footpath access",Anna Nagar 1st Ave Bus Stop - Towards Kilpauk Front View-19_34_16.jpg,https://kf.kobotoolbox.org/api/v2/assets/axZaE8YRFpZYaQWWvuZPyu/data/782209822/attachments/attXb5e6bTgwzVjqxX9BMdzW/,Anna Nagar 1st Ave Bus Stop - Towards Kilpauk Side View-19_34_32.jpg,https://kf.kobotoolbox.org/api/v2/assets/axZaE8YRFpZYaQWWvuZPyu/data/782209822/attachments/att5n7k2ZfcagrnYJAGTnrr7/,Anna Nagar 1st Ave Bus Stop - Towards Kilpauk Partial Front View-19_34_44.jpg,https://kf.kobotoolbox.org/api/v2/assets/axZaE8YRFpZYaQWWvuZPyu/data/782209822/attachments/attxZfyAjzTVpStTJdWpmr47/,,,782209822,aacc7567-13f8-4e77-aaf6-eba807b8dceb,2026-06-16T19:34:59+05:30,,,submitted_via_web,v73kjXt7geHumXyTDeh2CX,,uuid:aacc7567-13f8-4e77-aaf6-eba807b8dceb,77,Chennai,Chennai,13.090958,80.223754,device_gps,OK
2026-06-16T19:21:33.522000+05:30,2026-06-16T19:35:38.525000+05:30,2026-06-16T19:30:00+05:30,Jj east junction,13.08748 80.188145 -59.20000076293945 15.71500015258789,13.08748,80.188145,-59.20000076,15.71500015,,Concrete/Masonry Bus Shelter,Unclean/Poorly Maintained,On the road edge / footpath edge – directly adjacent to traffic,0,1,0,,No,No,No,,1 - this is a standalone shelter ,At the bus stop – buses pull up to the shelter/marked stop Away from the bus stop – buses stop before or beyond the shelter/marked location,1,1,0,0,One Step Out (30 cm to 1 meter): Passengers have to step down onto the road surface first to board.,"Footpath is walkable and free of encroachment like parking, vendors, utility boxes, garbage, etc Pedestrian crossing at/close to the bus stop to cross the road?",0,1,0,0,0,1,0,,"Partially encroached – e.g., vendors, parked two-wheelers, auto-rickshaws, construction material","Yes – signs of standing water, algae, or drainage issues visible","Unsafe – poorly lit, isolated, or has a history of feeling threatening", No – overcrowded or high number of people standing on the road,"Yes – but the roof is inadequate (too tall, too small, gaps, or partial coverage)",Partial – some shade but insufficient,Partially – some light but insufficient,"No – sightline is blocked (by structure, advertisement boards, trees, or parked vehicles)",No - poor back support / posture,No – name is missing,No information displayed at all,Seating / bench Dustbin / waste bin,1,0,1,0,0,0,0,0,"Mostly commercial - Retail shops. restaurants, cafes, markets, etc",Yes – advertisements dominate; passenger information is secondary,Need to be fully rebuilt,,1000476222-19_34_36.jpg,https://kf.kobotoolbox.org/api/v2/assets/axZaE8YRFpZYaQWWvuZPyu/data/782211257/attachments/attn6dGxrA5pzJ3hpAidokqN/,1000476223-19_34_41.jpg,https://kf.kobotoolbox.org/api/v2/assets/axZaE8YRFpZYaQWWvuZPyu/data/782211257/attachments/attAtMPVHwySP3viUhPWwYNa/,1000476224-19_34_45.jpg,https://kf.kobotoolbox.org/api/v2/assets/axZaE8YRFpZYaQWWvuZPyu/data/782211257/attachments/attb72aNPaHnDeLC6hmyqc5Q/,,,782211257,6ac98f38-59b1-4e0c-8a4c-59d0bfaf8fdc,2026-06-16T19:35:42+05:30,,,submitted_via_web,v73kjXt7geHumXyTDeh2CX,,uuid:6ac98f38-59b1-4e0c-8a4c-59d0bfaf8fdc,78,Chennai,Chennai,13.08748,80.188145,device_gps,OK
2026-06-16T19:34:48.218000+05:30,2026-06-16T19:46:30.969000+05:30,2026-06-16T06:02:00+05:30,Anna Nagar East Kaveri Nagar Bus Stop - Towards Anna Nagar West,13.09173 80.223507 0 0,13.09173,80.223507,0,0,,Stainless Steel Bus Shelter, Clean and Well Maintained,"Set back from the road – against a wall, compound, or building edge",1,0,0,,No,Yes,Yes,,2,Unsure / not observed,0,0,0,1,Unsure / not observed,"Footpath available to reach the bus stop from both directions Footpath is walkable and free of encroachment like parking, vendors, utility boxes, garbage, etc",1,1,0,0,0,0,0,," Yes – fully accessible, no obstructions",No – area appears well-drained,Unable to assess (audit done only in daytime),Yes – adequate space for passengers,Yes – roof is intact and effective,Yes - from both bus shelter AND trees,Unsure / Not observed,Yes – clear sightline to see the approaching buses,"Yes - the seating is of the right height, width, and depth to sit comfortably while waiting for the bus",Yes – name is prominently visible and legible,Yes – route list is prominently displayed and appears current,Seating / bench Sufficient seating for the number of people typically waiting,1,1,0,0,0,0,0,0,"Mostly Residential - Housing, Apartments, etc",Yes – advertisements present but passenger information is still clearly visible,Wide footpath ; Good tree cover,Wheel chair access ;,Anna Nagar East - Kaveri Nagar Bus Stop - Towards Anna Nagar West Front View-19_45_31.jpg,https://kf.kobotoolbox.org/api/v2/assets/axZaE8YRFpZYaQWWvuZPyu/data/782229562/attachments/att8GYNgVHPvxk9jG3kq2Emp/,Anna Nagar East - Kaveri Nagar Bus Stop - Towards Anna Nagar West Side  View-19_45_47.jpg,https://kf.kobotoolbox.org/api/v2/assets/axZaE8YRFpZYaQWWvuZPyu/data/782229562/attachments/attR8k4NMbCkPgKnw5H29faM/,Anna Nagar East - Kaveri Nagar Bus Stop - Towards Anna Nagar West Front View 1-19_46_6.jpg,https://kf.kobotoolbox.org/api/v2/assets/axZaE8YRFpZYaQWWvuZPyu/data/782229562/attachments/attMoKgc5KFf6aBtenuHyhwo/,Anna Nagar East - Kaveri Nagar Bus Stop - Towards Anna Nagar West Side  View 1-19_46_17.jpg,https://kf.kobotoolbox.org/api/v2/assets/axZaE8YRFpZYaQWWvuZPyu/data/782229562/attachments/attwnEjac6UmtoCbnLcGVcDZ/,782229562,eea1ed98-053b-4ad9-9c40-38b99249be17,2026-06-16T19:46:35+05:30,,,submitted_via_web,v73kjXt7geHumXyTDeh2CX,,uuid:eea1ed98-053b-4ad9-9c40-38b99249be17,79,Chennai,Chennai,13.09173,80.223507,device_gps,OK
2026-06-16T19:46:31.147000+05:30,2026-06-16T20:00:58.858000+05:30,2026-06-16T06:05:00+05:30,Anna Nagar Bougainvilla Park / M Block Bus Stop - Towards Anna Nagar West,13.092147 80.221023 0 0,13.092147,80.221023,0,0,,Stainless Steel Bus Shelter, Clean and Well Maintained,"Set back from the road – against a wall, compound, or building edge",1,0,0,,No,No,No,,2,Unsure / not observed,0,0,0,1,Unsure / not observed,"Footpath available to reach the bus stop from both directions Footpath is walkable and free of encroachment like parking, vendors, utility boxes, garbage, etc",1,1,0,0,0,0,0,,"Partially encroached – e.g., vendors, parked two-wheelers, auto-rickshaws, construction material",No – area appears well-drained,"Safe – well-lit, visible, and active surroundings",Yes – adequate space for passengers,Yes – roof is intact and effective,Yes - from both bus shelter AND trees,Unsure / Not observed,Yes – clear sightline to see the approaching buses,"Yes - the seating is of the right height, width, and depth to sit comfortably while waiting for the bus",Yes – name is prominently visible and legible,Yes – but information seems outdated or unreliable,Seating / bench Sufficient seating for the number of people typically waiting,1,1,0,0,0,0,0,0,"Mostly Residential - Housing, Apartments, etc",Yes – advertisements present but passenger information is still clearly visible,Bus Stop Information seems outdated,Clear encroachments from the Bus Stop area,Anna Nagar Bougainvilla M Block Bus Stop - Towards Anna Nagar West Front View-19_59_34.jpg,https://kf.kobotoolbox.org/api/v2/assets/axZaE8YRFpZYaQWWvuZPyu/data/782252431/attachments/attUDgVUk3ZuYoqyPRvaBMi3/,Anna Nagar Bougainvilla M Block Bus Stop - Towards Anna Nagar West Side View-20_0_0.jpg,https://kf.kobotoolbox.org/api/v2/assets/axZaE8YRFpZYaQWWvuZPyu/data/782252431/attachments/att7X6JZqd2auqGx8VyFBPpF/,Anna Nagar Bougainvilla M Block Bus Stop - Towards Anna Nagar West outdated Bus info-20_0_39.jpg,https://kf.kobotoolbox.org/api/v2/assets/axZaE8YRFpZYaQWWvuZPyu/data/782252431/attachments/atttYqFLgngME5XASZAUVzEx/,,,782252431,a7c9e661-eb7b-4c35-8e5a-a1edf42d1978,2026-06-16T20:01:02+05:30,,,submitted_via_web,v73kjXt7geHumXyTDeh2CX,,uuid:a7c9e661-eb7b-4c35-8e5a-a1edf42d1978,80,Chennai,Chennai,13.092147,80.221023,device_gps,OK
2026-06-16T19:35:38.654000+05:30,2026-06-16T20:02:14.876000+05:30,2026-06-16T19:57:00+05:30,Jj nagar East bus stop,13.080705 80.18117 -60.30000305175781 4.800000190734863,13.080705,80.18117,-60.30000305,4.800000191,,Concrete/Masonry Bus Shelter,Unclean/Poorly Maintained,On the road edge / footpath edge – directly adjacent to traffic,0,1,0,,No,No,No,,1 - this is a standalone shelter ,Away from the bus stop – buses stop before or beyond the shelter/marked location,0,1,0,0,Perfect / Flush (Less than 30 cm): Passengers can step directly from the footpath onto the bus.,None of the above,0,0,0,0,0,0,1,,"Partially encroached – e.g., vendors, parked two-wheelers, auto-rickshaws, construction material","Yes – signs of standing water, algae, or drainage issues visible","Unsafe – poorly lit, isolated, or has a history of feeling threatening",Unsure,"Yes – but the roof is inadequate (too tall, too small, gaps, or partial coverage)",Partial – some shade but insufficient,No – inadequate or no lighting at all,"No – sightline is blocked (by structure, advertisement boards, trees, or parked vehicles)",No - poor back support / posture,No – name is missing,No information displayed at all,Seating / bench,1,0,0,0,0,0,0,0,"Mostly commercial - Retail shops. restaurants, cafes, markets, etc",No advertisements,Need to renovate,,1000476232-20_0_42.jpg,https://kf.kobotoolbox.org/api/v2/assets/axZaE8YRFpZYaQWWvuZPyu/data/782254387/attachments/atts95ZergbdmhYAGXAkofZc/,1000476230-20_0_48.jpg,https://kf.kobotoolbox.org/api/v2/assets/axZaE8YRFpZYaQWWvuZPyu/data/782254387/attachments/atti6hXjPLUW47HqxNk3o7nT/,1000476229-20_0_53.jpg,https://kf.kobotoolbox.org/api/v2/assets/axZaE8YRFpZYaQWWvuZPyu/data/782254387/attachments/attVPcbDAwpfLKRe7GaZkGGm/,,,782254387,b904a31b-b4cc-4d29-aa11-2eedf15b1d94,2026-06-16T20:02:18+05:30,,,submitted_via_web,v73kjXt7geHumXyTDeh2CX,,uuid:b904a31b-b4cc-4d29-aa11-2eedf15b1d94,81,Chennai,Chennai,13.080705,80.18117,device_gps,OK
2026-06-16T20:02:14.997000+05:30,2026-06-16T20:06:32.425000+05:30,2026-06-16T20:05:00+05:30,Church road,13.080543 80.180179 -59.900001525878906 9.946000099182129,13.080543,80.180179,-59.90000153,9.946000099,,No Shelter and No Signboard,,On the road edge / footpath edge – directly adjacent to traffic,0,1,0,,No,No,No,,,Bus stop not clearly marked,0,0,1,0,No footpath available,None of the above,0,0,0,0,0,0,1,,"Partially encroached – e.g., vendors, parked two-wheelers, auto-rickshaws, construction material",Unsure,"Somewhat safe – some concerns (e.g., poor visibility, isolated location)",,,No – exposed to full sun,No – inadequate or no lighting at all,,,,,None of the Above,0,0,0,0,0,0,0,1,"Mixed Use - A mix of commercial/residential/office, etc",,No bus stop,,1000476187-20_6_1.jpg,https://kf.kobotoolbox.org/api/v2/assets/axZaE8YRFpZYaQWWvuZPyu/data/782260588/attachments/attNP9Me9vh5jjjgimcehhza/,1000476236-20_6_27.jpg,https://kf.kobotoolbox.org/api/v2/assets/axZaE8YRFpZYaQWWvuZPyu/data/782260588/attachments/attirjYToMFgsxEq4kyXw7ZK/,,,,,782260588,9aa18fff-d97d-4b18-a3ca-e262b7ef35b4,2026-06-16T20:06:35+05:30,,,submitted_via_web,v73kjXt7geHumXyTDeh2CX,,uuid:9aa18fff-d97d-4b18-a3ca-e262b7ef35b4,82,Chennai,Chennai,13.080543,80.180179,device_gps,OK
2026-06-11T09:22:09.687000+05:30,2026-06-16T22:41:23.450000+05:30,2026-06-05T17:57:00+05:30,Thalambur Bus stop,12.848303 80.215755 -78.20000457763672 13.907999992370605,12.848303,80.215755,-78.20000458,13.90799999,,Stainless Steel Bus Shelter,Satisfactory – minor wear/dusty but usable,On the road edge / footpath edge – directly adjacent to traffic,0,1,0,,No,Yes,No,,1 - this is a standalone shelter ,Bus stop not clearly marked,0,0,1,0,"Way Out in the Road (More than 1 meter): The bus stops far from the footpath, blocking a lane of traffic, forcing people to walk across active traffic to board the bus",None of the above,0,0,0,0,0,0,1,,"Partially encroached – e.g., vendors, parked two-wheelers, auto-rickshaws, construction material","Yes – signs of standing water, algae, or drainage issues visible","Somewhat safe – some concerns (e.g., poor visibility, isolated location)",Yes – adequate space for passengers,Yes – roof is intact and effective,Yes – sufficient shade from the bus shelter,Partially – some light but insufficient,"No – sightline is blocked (by structure, advertisement boards, trees, or parked vehicles)","Yes - the seating is of the right height, width, and depth to sit comfortably while waiting for the bus",Yes – name is prominently visible and legible,No information displayed at all,Seating / bench Sufficient seating for the number of people typically waiting,1,1,0,0,0,0,0,0,"Mostly commercial - Retail shops. restaurants, cafes, markets, etc",Yes – advertisements dominate; passenger information is secondary,"Banners near the bus stop hindering visibility, Wild plants just in front of the bus stop, backside of bus stop is dirty, the distance between the bus stop and road is very low - needs to be levelled.","maintenance needs to be improved, lights to be fixed, posters should be removed",1000311051-22_38_46.jpg,https://kf.kobotoolbox.org/api/v2/assets/axZaE8YRFpZYaQWWvuZPyu/data/782483936/attachments/attLHkso3Xd2fjsQZwfxzASp/,1000311071-22_39_3.jpg,https://kf.kobotoolbox.org/api/v2/assets/axZaE8YRFpZYaQWWvuZPyu/data/782483936/attachments/attCDhL78PBckThrYpwk2a3n/,1000311054-22_39_48.jpg,https://kf.kobotoolbox.org/api/v2/assets/axZaE8YRFpZYaQWWvuZPyu/data/782483936/attachments/attg7xrCd8QiiUyBqZsaUSiS/,1000311053-22_41_15.jpg,https://kf.kobotoolbox.org/api/v2/assets/axZaE8YRFpZYaQWWvuZPyu/data/782483936/attachments/attZzUZW98SD9vUnBhtMR3vj/,782483936,316787d1-7dd4-44a8-8c74-61bc82808a1d,2026-06-16T22:41:28+05:30,,,submitted_via_web,v73kjXt7geHumXyTDeh2CX,,uuid:316787d1-7dd4-44a8-8c74-61bc82808a1d,83,Chennai,Chennai,12.848303,80.215755,device_gps,OK
2026-06-17T06:08:00.852000+05:30,2026-06-17T06:17:34.146000+05:30,2026-06-17T06:08:00+05:30,AGS Colony,12.977943 80.209319 25.845226874351496 33.85792903679251,12.977943,80.209319,25.84522687,33.85792904,,Stainless Steel Bus Shelter,Satisfactory – minor wear/dusty but usable,"Set back from the road – against a wall, compound, or building edge",1,0,0,,No,No,No,,1 - this is a standalone shelter ,At the bus stop – buses pull up to the shelter/marked stop,1,0,0,0,No footpath available,None of the above,0,0,0,0,0,0,1,," Yes – fully accessible, no obstructions","Yes – signs of standing water, algae, or drainage issues visible","Somewhat safe – some concerns (e.g., poor visibility, isolated location)", No – overcrowded or high number of people standing on the road,"Yes – but the roof is inadequate (too tall, too small, gaps, or partial coverage)",Yes – sufficient shade from the bus shelter,Yes – the bus shelter itself has a working light,Yes – clear sightline to see the approaching buses,"Yes - the seating is of the right height, width, and depth to sit comfortably while waiting for the bus",Yes – name is prominently visible and legible,No information displayed at all,Seating / bench,1,0,0,0,0,0,0,0,"Mostly Residential - Housing, Apartments, etc",No advertisements,Bus stop height is below road level leading to bus stop being waterlogged during rains.,Raise the bus stop. Remove barriers on the sides to enable easy access for pedestrians. Route information  must be added.,image-6_17_28.jpg,https://kf.kobotoolbox.org/api/v2/assets/axZaE8YRFpZYaQWWvuZPyu/data/782793068/attachments/attDUa7fVbKK9SVC44Wh5GdD/,IMG_9661-6_15_18.jpeg,https://kf.kobotoolbox.org/api/v2/assets/axZaE8YRFpZYaQWWvuZPyu/data/782793068/attachments/attx4GGqXG29gcPb3JUHPAAp/,image-6_15_31.jpg,https://kf.kobotoolbox.org/api/v2/assets/axZaE8YRFpZYaQWWvuZPyu/data/782793068/attachments/attXTUjXAaAG7i2vho3QXGSq/,image-6_15_59.jpg,https://kf.kobotoolbox.org/api/v2/assets/axZaE8YRFpZYaQWWvuZPyu/data/782793068/attachments/att7AG6ojUDFgxGrz4u5FNUv/,782793068,08fd54d9-7a11-4c76-90f3-3390790b8169,2026-06-17T06:17:42+05:30,,,submitted_via_web,vgTxjCdjfzJTFrFaW3mKKB,,uuid:08fd54d9-7a11-4c76-90f3-3390790b8169,84,Chennai,Chennai,12.977943,80.209319,device_gps,OK
2026-06-17T11:59:22.370000+05:30,2026-06-17T12:06:27.969000+05:30,2026-06-16T06:05:00+05:30,Anna Nagar M Block / 14 Shops Bus Stop - Towards Kilpauk,13.092382 80.220421 0 0,13.092382,80.220421,0,0,,Stainless Steel Bus Shelter, Clean and Well Maintained,"Set back from the road – against a wall, compound, or building edge",1,0,0,,No,No,No,,1 - this is a standalone shelter ,Unsure / not observed,0,0,0,1,Unsure / not observed,Footpath available to reach the bus stop from both directions,1,0,0,0,0,0,0,," Yes – fully accessible, no obstructions",No – area appears well-drained,Unable to assess (audit done only in daytime),Yes – adequate space for passengers,Yes – roof is intact and effective,Yes – sufficient shade from the bus shelter,Unsure / Not observed,Yes – clear sightline to see the approaching buses,"Yes - the seating is of the right height, width, and depth to sit comfortably while waiting for the bus",Yes – name is prominently visible and legible,Yes – but information seems outdated or unreliable,Seating / bench Sufficient seating for the number of people typically waiting Dustbin / waste bin,1,1,1,0,0,0,0,0,"Mostly Residential - Housing, Apartments, etc",Yes – advertisements present but passenger information is still clearly visible,Route info seems outdated - 7E 7M buses don't come here,1. Update the Route Info 2. Clear the encroachments behind the Bus Stop,Anna Nagar East M Block Bus Stop - Towards Kilpauk Front View-12_5_57.jpg,https://kf.kobotoolbox.org/api/v2/assets/axZaE8YRFpZYaQWWvuZPyu/data/782969248/attachments/att7UoGZqmfzdRPetkKBnMmZ/,Anna Nagar East M Block Bus Stop - Towards Kilpauk Side View-12_6_5.jpg,https://kf.kobotoolbox.org/api/v2/assets/axZaE8YRFpZYaQWWvuZPyu/data/782969248/attachments/attPoVLeEyinir7AJqgqqqXK/,Anna Nagar East M Block Bus Stop - Towards Kilpauk Side View1-12_6_13.jpg,https://kf.kobotoolbox.org/api/v2/assets/axZaE8YRFpZYaQWWvuZPyu/data/782969248/attachments/attCe9rdjRTbySsq8EWA7KMw/,,,782969248,25c69eec-f110-4d81-b117-c5fbc792c520,2026-06-17T12:07:03+05:30,,,submitted_via_web,v73kjXt7geHumXyTDeh2CX,,uuid:25c69eec-f110-4d81-b117-c5fbc792c520,85,Chennai,Chennai,13.092382,80.220421,device_gps,OK
2026-06-17T12:06:28.040000+05:30,2026-06-17T12:14:14.737000+05:30,2026-06-16T06:09:00+05:30,Anna Nagar Govt Peripheral Hospital Bus Stop - Towards Roundtana,13.0958 80.219037 0 0,13.0958,80.219037,0,0,,Stainless Steel Bus Shelter, Clean and Well Maintained,"Set back from the road – against a wall, compound, or building edge",1,0,0,,No,No,No,,3,Away from the bus stop – buses stop before or beyond the shelter/marked location,0,1,0,0,"Way Out in the Road (More than 1 meter): The bus stops far from the footpath, blocking a lane of traffic, forcing people to walk across active traffic to board the bus",Footpath available to reach the bus stop from both directions,1,0,0,0,0,0,0,,"Partially encroached – e.g., vendors, parked two-wheelers, auto-rickshaws, construction material",No – area appears well-drained,"Safe – well-lit, visible, and active surroundings",Yes – adequate space for passengers,Yes – roof is intact and effective,Yes - from both bus shelter AND trees,Unsure / Not observed,Yes – clear sightline to see the approaching buses,"Yes - the seating is of the right height, width, and depth to sit comfortably while waiting for the bus",Yes – name is prominently visible and legible,Yes – route list is prominently displayed and appears current,Seating / bench Sufficient seating for the number of people typically waiting Digital information boards with real time arrival information and service alerts,1,1,0,0,0,0,1,0,"Mixed Use - A mix of commercial/residential/office, etc",Yes – advertisements present but passenger information is still clearly visible,Encroachments around the bus stop,1. Clear the encroachments 2. Provide wheelchair access,Anna Nagar Govt Peripheral Hospital Bus Stop - Towards Roundtana Front  View-12_13_47.jpg,https://kf.kobotoolbox.org/api/v2/assets/axZaE8YRFpZYaQWWvuZPyu/data/782976742/attachments/attqFVh9dZAs7se3mcAkEfkg/,Anna Nagar Govt Peripheral Hospital Bus Stop - Towards Roundtana Side View -12_14_0.jpg,https://kf.kobotoolbox.org/api/v2/assets/axZaE8YRFpZYaQWWvuZPyu/data/782976742/attachments/att4oht2RQBoSyXCA8DC3gZE/,Anna Nagar Govt Peripheral Hospital Bus Stop - Towards Roundtana Side View1-12_14_12.jpg,https://kf.kobotoolbox.org/api/v2/assets/axZaE8YRFpZYaQWWvuZPyu/data/782976742/attachments/attuA558Mtme65EJckJ3rHWx/,,,782976742,809b2f86-a97d-42bf-9f8c-20d3f17d9626,2026-06-17T12:14:18+05:30,,,submitted_via_web,v73kjXt7geHumXyTDeh2CX,,uuid:809b2f86-a97d-42bf-9f8c-20d3f17d9626,86,Chennai,Chennai,13.0958,80.219037,device_gps,OK
2026-06-17T12:14:14.826000+05:30,2026-06-17T12:19:54.715000+05:30,2026-06-16T06:12:00+05:30,Anna Nagar Vijayasesh Mahal Bus Stop - Towards Villivakkam,13.094831 80.218432 0 0,13.094831,80.218432,0,0,,Stainless Steel Bus Shelter,Satisfactory – minor wear/dusty but usable,"Set back from the road – against a wall, compound, or building edge",1,0,0,,No,No,No,,3,Away from the bus stop – buses stop before or beyond the shelter/marked location,0,1,0,0,"Way Out in the Road (More than 1 meter): The bus stops far from the footpath, blocking a lane of traffic, forcing people to walk across active traffic to board the bus",Footpath available to reach the bus stop from both directions,1,0,0,0,0,0,0,,"Partially encroached – e.g., vendors, parked two-wheelers, auto-rickshaws, construction material",No – area appears well-drained,Unable to assess (audit done only in daytime),Yes – adequate space for passengers,Yes – roof is intact and effective,Yes – sufficient shade from the bus shelter,Unsure / Not observed,Yes – clear sightline to see the approaching buses,"Yes - the seating is of the right height, width, and depth to sit comfortably while waiting for the bus",Yes – name is prominently visible and legible,Yes – route list is prominently displayed and appears current,Seating / bench Digital information boards with real time arrival information and service alerts,1,0,0,0,0,0,1,0,"Mixed Use - A mix of commercial/residential/office, etc",Yes – advertisements present but passenger information is still clearly visible,Encroachments impacting access,1. Remove encroachments 2. Keep the bus stop clean at all times,Anna Nagar Vijayasesh Mahal Bus Stop - Towards Roundtana Front View-12_19_17.jpg,https://kf.kobotoolbox.org/api/v2/assets/axZaE8YRFpZYaQWWvuZPyu/data/782983035/attachments/attFNHn42rbSfLD53ur28MQj/,Anna Nagar Vijayasesh Mahal Bus Stop - Towards Roundtana Side View-12_19_26.jpg,https://kf.kobotoolbox.org/api/v2/assets/axZaE8YRFpZYaQWWvuZPyu/data/782983035/attachments/attVXZ7s9Y5RsSjRotszaqtE/,Anna Nagar Vijayasesh Mahal Bus Stop - Towards Roundtana access encroachmentjpg-12_19_39.jpg,https://kf.kobotoolbox.org/api/v2/assets/axZaE8YRFpZYaQWWvuZPyu/data/782983035/attachments/atttFvPsHep2mNRfbDJYv39U/,,,782983035,10541a43-c6be-422e-9dc5-3dbb6b8569df,2026-06-17T12:20:13+05:30,,,submitted_via_web,v73kjXt7geHumXyTDeh2CX,,uuid:10541a43-c6be-422e-9dc5-3dbb6b8569df,87,Chennai,Chennai,13.094831,80.218432,device_gps,OK
2026-06-17T12:19:54.810000+05:30,2026-06-17T12:26:19.628000+05:30,2026-06-16T06:29:00+05:30,Anna Nagar Ayyappan Koil Bus Stop - Towards Roundtana,13.085022 80.213201 0 0,13.085022,80.213201,0,0,,Stainless Steel Bus Shelter,Unclean/Poorly Maintained,"Set back from the road – against a wall, compound, or building edge",1,0,0,,No,No,No,,2,Away from the bus stop – buses stop before or beyond the shelter/marked location,0,1,0,0,"Way Out in the Road (More than 1 meter): The bus stops far from the footpath, blocking a lane of traffic, forcing people to walk across active traffic to board the bus",Footpath available to reach the bus stop from both directions,1,0,0,0,0,0,0,,Heavily encroached – the stop is largely unusable because of obstructions,No – area appears well-drained,"Safe – well-lit, visible, and active surroundings",Yes – adequate space for passengers,Yes – roof is intact and effective,Yes - from both bus shelter AND trees,Unsure / Not observed,"No – sightline is blocked (by structure, advertisement boards, trees, or parked vehicles)","Yes - the seating is of the right height, width, and depth to sit comfortably while waiting for the bus",Yes – name is prominently visible and legible,Yes – route list is prominently displayed and appears current,Seating / bench,1,0,0,0,0,0,0,0,"Mostly commercial - Office buildings, malls, large stores, etc",Yes – advertisements present but passenger information is still clearly visible,Bus Stop is heavily encroached by parked cars,1. Please remove cars parked at the bus stop 2. Please keep the bus stop clean,Anna Nagar Ayyappan Koil Bus Stop - Towards Roundtana - Front View-12_25_40.jpg,https://kf.kobotoolbox.org/api/v2/assets/axZaE8YRFpZYaQWWvuZPyu/data/782989243/attachments/attJab2UHP6dVbqg5UMEzhVH/,Anna Nagar Ayyappan Koil Bus Stop - Towards Roundtana - Side View-12_25_55.jpg,https://kf.kobotoolbox.org/api/v2/assets/axZaE8YRFpZYaQWWvuZPyu/data/782989243/attachments/attvqNby5Ls25gD8vgYrEGE6/,Anna Nagar Ayyappan Koil Bus Stop - Towards Roundtana - Front  View 1-12_26_3.jpg,https://kf.kobotoolbox.org/api/v2/assets/axZaE8YRFpZYaQWWvuZPyu/data/782989243/attachments/attLXpuoTcR88UL3mKaRMHC9/,Anna Nagar Ayyappan Koil Bus Stop - Towards Roundtana - Side View1-12_26_16.jpg,https://kf.kobotoolbox.org/api/v2/assets/axZaE8YRFpZYaQWWvuZPyu/data/782989243/attachments/attWmGBu7FGG5kV963ox98Au/,782989243,6a30ea44-ffe5-4c92-b0cd-64573f91e6e8,2026-06-17T12:26:23+05:30,,,submitted_via_web,v73kjXt7geHumXyTDeh2CX,,uuid:6a30ea44-ffe5-4c92-b0cd-64573f91e6e8,88,Chennai,Chennai,13.085022,80.213201,device_gps,OK
2026-06-17T12:26:19.721000+05:30,2026-06-17T12:36:24.088000+05:30,2026-06-16T06:32:00+05:30,Anna Nagar 2nd Aveneue Roundtana  Bus Stop - Towards Anna Nagar East,13.084954 80.215891 0 0,13.084954,80.215891,0,0,,Stainless Steel Bus Shelter, Clean and Well Maintained,"Set back from the road – against a wall, compound, or building edge",1,0,0,,No,No,No,,1 - this is a standalone shelter ,Away from the bus stop – buses stop before or beyond the shelter/marked location,0,1,0,0,"Way Out in the Road (More than 1 meter): The bus stops far from the footpath, blocking a lane of traffic, forcing people to walk across active traffic to board the bus",Ramp for wheelchair users to access the bus stop,0,0,1,0,0,0,0,," Yes – fully accessible, no obstructions",No – area appears well-drained,Unable to assess (audit done only in daytime), No – overcrowded or high number of people standing on the road,Yes – roof is intact and effective,Yes – sufficient shade from the bus shelter,Unsure / Not observed,"No – sightline is blocked (by structure, advertisement boards, trees, or parked vehicles)","Yes - the seating is of the right height, width, and depth to sit comfortably while waiting for the bus",Yes – name is prominently visible and legible,Yes – route list is prominently displayed and appears current,Seating / bench,1,0,0,0,0,0,0,0,"Mostly commercial - Office buildings, malls, large stores, etc",Yes – advertisements present but passenger information is still clearly visible,Inadequate number of shelters ; Bus Stop blocks access from one side,1. Increase the number of shelters 2. Ensure that buses stop at the Bus stop,Anna Nagar 2nd Avenue Roundtana Bus stop - Towards Anna Nagar East Front View-12_35_18.jpg,https://kf.kobotoolbox.org/api/v2/assets/axZaE8YRFpZYaQWWvuZPyu/data/782999777/attachments/attrNPW3tHA6ha9FS8Nh3DnC/,Anna Nagar 2nd Avenue Roundtana Bus stop - Towards Anna Nagar East Side View-12_35_36.jpg,https://kf.kobotoolbox.org/api/v2/assets/axZaE8YRFpZYaQWWvuZPyu/data/782999777/attachments/attXTFQsAwePvJS2ieKyWjN3/,Anna Nagar 2nd Avenue Roundtana Bus stop - Towards Anna Nagar East Side View 1-12_35_48.jpg,https://kf.kobotoolbox.org/api/v2/assets/axZaE8YRFpZYaQWWvuZPyu/data/782999777/attachments/attM3MCWwFqYS8ZByMmkDnQy/,Anna Nagar 2nd Avenue Roundtana Bus stop - Towards Anna Nagar East Bus Stopping in the road-12_35_58.jpg,https://kf.kobotoolbox.org/api/v2/assets/axZaE8YRFpZYaQWWvuZPyu/data/782999777/attachments/attansAhwg9j4exQEQbALMRC/,782999777,15f00307-72c5-4e9d-85cc-19ead56898a8,2026-06-17T12:36:27+05:30,,,submitted_via_web,v73kjXt7geHumXyTDeh2CX,,uuid:15f00307-72c5-4e9d-85cc-19ead56898a8,89,Chennai,Chennai,13.084954,80.215891,device_gps,OK
2026-06-17T12:36:24.181000+05:30,2026-06-17T12:42:04.815000+05:30,2026-06-16T06:35:00+05:30,Anna Nagar Kandasamy College Bus Stop - Towards Villivakkam,13.085935 80.218184 0 0,13.085935,80.218184,0,0,,Stainless Steel Bus Shelter, Clean and Well Maintained,"Set back from the road – against a wall, compound, or building edge",1,0,0,,No,No,No,,3,At the bus stop – buses pull up to the shelter/marked stop,1,0,0,0,"Way Out in the Road (More than 1 meter): The bus stops far from the footpath, blocking a lane of traffic, forcing people to walk across active traffic to board the bus","Footpath available to reach the bus stop from both directions Footpath is walkable and free of encroachment like parking, vendors, utility boxes, garbage, etc Ramp for wheelchair users to access the bus stop Ramp is in usable condition (not too steep, not broken, nor blocked) Pedestrian crossing at/close to the bus stop to cross the road?",1,1,1,1,0,1,0,," Yes – fully accessible, no obstructions",No – area appears well-drained,"Safe – well-lit, visible, and active surroundings",Yes – adequate space for passengers,Yes – roof is intact and effective,Yes - from both bus shelter AND trees,Unsure / Not observed,Yes – clear sightline to see the approaching buses,"Yes - the seating is of the right height, width, and depth to sit comfortably while waiting for the bus",Yes – name is prominently visible and legible,Yes – route list is prominently displayed and appears current,Seating / bench Sufficient seating for the number of people typically waiting Dustbin / waste bin Digital information boards with real time arrival information and service alerts,1,1,1,0,0,0,1,0,"Mixed Use - A mix of commercial/residential/office, etc",Yes – advertisements present but passenger information is still clearly visible,Buses Stop in the middle of the road,1. Encourage MTC Bus drivers to stop close to the bus stop,Anna Nagar Kandasamy College Bus Stop - Towards Villivakkam - Front View-12_41_11.jpg,https://kf.kobotoolbox.org/api/v2/assets/axZaE8YRFpZYaQWWvuZPyu/data/783006794/attachments/att5Qsb4HABRL5SE4BFteoGH/,Anna Nagar Kandasamy College Bus Stop - Towards Villivakkam - Side View-12_41_21.jpg,https://kf.kobotoolbox.org/api/v2/assets/axZaE8YRFpZYaQWWvuZPyu/data/783006794/attachments/attK5FE6asYv6qQ7LM6rVPL6/,Anna Nagar Kandasamy College Bus Stop - Towards Villivakkam - Side View 1-12_41_32.jpg,https://kf.kobotoolbox.org/api/v2/assets/axZaE8YRFpZYaQWWvuZPyu/data/783006794/attachments/attfPjGRJFnBv74JZaN3aP9v/,Anna Nagar Kandasamy College Bus Stop - Towards Villivakkam - Bus stopping in road-12_41_46.jpg,https://kf.kobotoolbox.org/api/v2/assets/axZaE8YRFpZYaQWWvuZPyu/data/783006794/attachments/attSVwXbdL6Yp9sHZMPJskvf/,783006794,a330c477-d136-4a9c-91b8-f7361f823946,2026-06-17T12:43:11+05:30,,,submitted_via_web,v73kjXt7geHumXyTDeh2CX,,uuid:a330c477-d136-4a9c-91b8-f7361f823946,90,Chennai,Chennai,13.085935,80.218184,device_gps,OK
2026-06-17T12:42:04.916000+05:30,2026-06-17T12:50:14.067000+05:30,2026-06-16T06:39:00+05:30,Anna Nagar East 14 Shops Bus Stop - Towards Villivakkam,13.090244 80.218372 0 0,13.090244,80.218372,0,0,,Stainless Steel Bus Shelter,Satisfactory – minor wear/dusty but usable,"Set back from the road – against a wall, compound, or building edge",1,0,0,,No,No,No,,2,Away from the bus stop – buses stop before or beyond the shelter/marked location,0,1,0,0,"Way Out in the Road (More than 1 meter): The bus stops far from the footpath, blocking a lane of traffic, forcing people to walk across active traffic to board the bus",Footpath available to reach the bus stop from both directions,1,0,0,0,0,0,0,,"Partially encroached – e.g., vendors, parked two-wheelers, auto-rickshaws, construction material",No – area appears well-drained,Unable to assess (audit done only in daytime),Yes – adequate space for passengers,Yes – roof is intact and effective,Yes – sufficient shade from the bus shelter,Unsure / Not observed,Yes – clear sightline to see the approaching buses,"Yes - the seating is of the right height, width, and depth to sit comfortably while waiting for the bus",Yes – name is prominently visible and legible,Yes – route list is prominently displayed and appears current,Seating / bench Sufficient seating for the number of people typically waiting Dustbin / waste bin,1,1,1,0,0,0,0,0,"Mixed Use - A mix of commercial/residential/office, etc",Yes – advertisements present but passenger information is still clearly visible,Encroachments in bus stop and access to bus stops,1. Keep Bus stop and access free of encroachments 2. Buses should stop close to the bus stop,Anna Nagar 3rd Ave 14 Shops Bus Stop - Towards Villivakkam Front View-12_49_25.jpg,https://kf.kobotoolbox.org/api/v2/assets/axZaE8YRFpZYaQWWvuZPyu/data/783013972/attachments/attWN59BrTyfMfnh5YBmT23i/,Anna Nagar 3rd Ave 14 Shops Bus Stop - Towards Villivakkam Side View-12_49_36.jpg,https://kf.kobotoolbox.org/api/v2/assets/axZaE8YRFpZYaQWWvuZPyu/data/783013972/attachments/attwhrv5NC8y5w7PYG9Qaa5d/,Anna Nagar 3rd Ave 14 Shops Bus Stop - Towards Villivakkam Side View 1-12_49_45.jpg,https://kf.kobotoolbox.org/api/v2/assets/axZaE8YRFpZYaQWWvuZPyu/data/783013972/attachments/attvKwhdEeRHYvPf37uKVHvC/,Anna Nagar 3rd Ave 14 Shops Bus Stop - Towards Villivakkam Front View 1-12_49_56.jpg,https://kf.kobotoolbox.org/api/v2/assets/axZaE8YRFpZYaQWWvuZPyu/data/783013972/attachments/atty68qTewGwsHTZwAAyqSgW/,783013972,2406808b-26a2-4050-8c8b-b946a8dfbc84,2026-06-17T12:50:27+05:30,,,submitted_via_web,v73kjXt7geHumXyTDeh2CX,,uuid:2406808b-26a2-4050-8c8b-b946a8dfbc84,91,Chennai,Chennai,13.090244,80.218372,device_gps,OK
2026-06-17T16:06:54.175000+05:30,2026-06-17T16:14:31.889000+05:30,2026-06-16T13:15:00+05:30,Besant Avenue Road - Avvai Home (toward West),,,,,,https://maps.app.goo.gl/jw8mSXd7XhWDkUJ2A?g_st=ic,Stainless Steel Bus Shelter, Clean and Well Maintained,"Set back from the road – against a wall, compound, or building edge",1,0,0,,No,Yes,Yes,,1 - this is a standalone shelter ,At the bus stop – buses pull up to the shelter/marked stop,1,0,0,0,Perfect / Flush (Less than 30 cm): Passengers can step directly from the footpath onto the bus.,"Footpath available to reach the bus stop from both directions Footpath is walkable and free of encroachment like parking, vendors, utility boxes, garbage, etc Tactile paving for visually impaired users",1,1,0,0,1,0,0,," Yes – fully accessible, no obstructions",No – area appears well-drained,Unable to assess (audit done only in daytime),Yes – adequate space for passengers,Yes – roof is intact and effective,Yes - from both bus shelter AND trees,Unsure / Not observed,Yes – clear sightline to see the approaching buses,"Yes - the seating is of the right height, width, and depth to sit comfortably while waiting for the bus","Yes – but faded, small, or difficult to read",Yes – route list is prominently displayed and appears current,Seating / bench Sufficient seating for the number of people typically waiting Dustbin / waste bin Drinking water (tap or dispenser) Digital information boards with real time arrival information and service alerts,1,1,1,1,0,0,1,0,"Mostly Residential - Housing, Apartments, etc",Yes – advertisements dominate; passenger information is secondary,,,b654b2eb-bfb9-4690-91c0-98d1f21e9b34-16_14_27.jpeg,https://kf.kobotoolbox.org/api/v2/assets/axZaE8YRFpZYaQWWvuZPyu/data/783282819/attachments/attfVGkTsS74e9Jwiz3DU5pJ/,,,,,,,783282819,8d1008db-28ac-4a5b-893c-0f4891583bf5,2026-06-17T16:14:34+05:30,,,submitted_via_web,v73kjXt7geHumXyTDeh2CX,,uuid:8d1008db-28ac-4a5b-893c-0f4891583bf5,92,Chennai,Chennai,13.007551,80.261632,gmaps_link,OK
2026-06-17T16:14:31.927000+05:30,2026-06-17T16:23:29.131000+05:30,2026-06-16T13:26:00+05:30,Besant Avenue - Avvai Illam (towards East),,,,,,https://maps.app.goo.gl/YN2PuLrnU6QvJGi3A?g_st=ic,Stainless Steel Bus Shelter,Satisfactory – minor wear/dusty but usable,"Set back from the road – against a wall, compound, or building edge",1,0,0,,No,Yes,Yes,,2,Away from the bus stop – buses stop before or beyond the shelter/marked location,0,1,0,0,One Step Out (30 cm to 1 meter): Passengers have to step down onto the road surface first to board.,"Footpath available to reach the bus stop from both directions Footpath is walkable and free of encroachment like parking, vendors, utility boxes, garbage, etc Ramp for wheelchair users to access the bus stop Ramp is in usable condition (not too steep, not broken, nor blocked) Tactile paving for visually impaired users",1,1,1,1,1,0,0,," Yes – fully accessible, no obstructions",No – area appears well-drained,Unable to assess (audit done only in daytime),Yes – adequate space for passengers,Yes – roof is intact and effective,Yes - from both bus shelter AND trees,Unsure / Not observed,Yes – clear sightline to see the approaching buses,"Yes - the seating is of the right height, width, and depth to sit comfortably while waiting for the bus","Yes – but faded, small, or difficult to read",Yes – route list is prominently displayed and appears current,Seating / bench Sufficient seating for the number of people typically waiting Dustbin / waste bin Drinking water (tap or dispenser) Digital information boards with real time arrival information and service alerts,1,1,1,1,0,0,1,0,"Mostly Residential - Housing, Apartments, etc",No advertisements,,,6025bb8f-048d-4c13-918c-3744fa7beeca-16_23_19.jpeg,https://kf.kobotoolbox.org/api/v2/assets/axZaE8YRFpZYaQWWvuZPyu/data/783295497/attachments/attWZS7S7WUAP5TMWMSdYAMw/,b7bd7cee-c1e7-4a73-b5c1-b1acd85a2e0b-16_23_25.jpeg,https://kf.kobotoolbox.org/api/v2/assets/axZaE8YRFpZYaQWWvuZPyu/data/783295497/attachments/attMaeFR9tkqz5USdWRsUFD8/,,,,,783295497,bef1c21c-9396-454b-8c50-b42f217bd9f3,2026-06-17T16:23:36+05:30,,,submitted_via_web,v73kjXt7geHumXyTDeh2CX,,uuid:bef1c21c-9396-454b-8c50-b42f217bd9f3,93,Chennai,Chennai,13.007362,80.261334,gmaps_link,OK
2026-06-17T17:09:07.432000+05:30,2026-06-17T17:22:34.727000+05:30,2026-06-17T17:09:00+05:30,CIT Nagar bus stop,,,,,,https://maps.app.goo.gl/yL7qKmKVfbdo4jpY9?g_st=aw,No Shelter and No Signboard,,The road/footpath is too narrow ,0,0,1,,Yes,Yes,Yes,Yes - It's free of obstructions and feels safe to use,,Bus stop not clearly marked,0,0,1,0,Unsure / not observed,"Footpath is walkable and free of encroachment like parking, vendors, utility boxes, garbage, etc",0,1,0,0,0,0,0,,Heavily encroached – the stop is largely unusable because of obstructions,No – area appears well-drained,"Unsafe – poorly lit, isolated, or has a history of feeling threatening",,,Partial – some shade but insufficient,No – inadequate or no lighting at all,,,,,None of the Above,0,0,0,0,0,0,0,1,"Mostly Residential - Housing, Apartments, etc",,The bus stop is under one tree only,1. Prober bus stop 2.Light facilities,1001060494-17_21_10.jpg,https://kf.kobotoolbox.org/api/v2/assets/axZaE8YRFpZYaQWWvuZPyu/data/783374050/attachments/attjvwA8NaCY385owVSt3ag4/,1001060495-17_21_28.jpg,https://kf.kobotoolbox.org/api/v2/assets/axZaE8YRFpZYaQWWvuZPyu/data/783374050/attachments/attcyhhDAeiHmCSY9TyL3RaF/,,,,,783374050,839296f3-975e-4981-9ce8-18c12c5d90b8,2026-06-17T17:22:44+05:30,,,submitted_via_web,v73kjXt7geHumXyTDeh2CX,,uuid:839296f3-975e-4981-9ce8-18c12c5d90b8,94,Chennai,Chennai,13.027368,80.230951,gmaps_link,OK
2026-06-16T16:16:31.379000+05:30,2026-06-17T18:02:06.121000+05:30,2026-06-17T17:50:00+05:30,SIMS (towards Arumbakkam),13.053928 80.211457 -61.400001525878906 24.195999145507812,13.053928,80.211457,-61.40000153,24.19599915,,No Shelter and No Signboard,,On the road edge / footpath edge – directly adjacent to traffic,0,1,0,,Yes,No,No,No - It's obstructed due to encroachment ,,Bus stop not clearly marked,0,0,1,0,"Way Out in the Road (More than 1 meter): The bus stops far from the footpath, blocking a lane of traffic, forcing people to walk across active traffic to board the bus",Footpath available to reach the bus stop from both directions Pedestrian crossing at/close to the bus stop to cross the road?,1,0,0,0,0,1,0,,"Partially encroached – e.g., vendors, parked two-wheelers, auto-rickshaws, construction material","Yes – signs of standing water, algae, or drainage issues visible","Safe – well-lit, visible, and active surroundings",,,No – exposed to full sun,"Yes – lit by nearby street lights, shop fronts, or advertisement boards",,,,,None of the Above,0,0,0,0,0,0,0,1,"Mostly commercial - Retail shops. restaurants, cafes, markets, etc",,There is no proper signage for the bus stop here. There are a few barricades that split the traffic from the place where the buses must stop but hardly few buses come inside the designated spot. So this part is used by motorists during traffic congestion and by pedestrians when the platforms are encroached.,1. Proper sign board that says name of the bus stop. 2. Levelled road so the buses have less jerk while parking. 3. Encroachment free platform so pedestrians need not walk on the bus alley which is unsafe. 4. A shelter,1000324682-18_1_53.jpg,https://kf.kobotoolbox.org/api/v2/assets/axZaE8YRFpZYaQWWvuZPyu/data/783422851/attachments/attHtbyZzGxtHdnjS9ZfwgaB/,1000324681-18_1_37.jpg,https://kf.kobotoolbox.org/api/v2/assets/axZaE8YRFpZYaQWWvuZPyu/data/783422851/attachments/attAKV5C5qZ9J6ifWqEyqxj5/,,,,,783422851,d4b65ae4-e44b-430d-afa9-ae279a359730,2026-06-17T18:02:16+05:30,,,submitted_via_web,v73kjXt7geHumXyTDeh2CX,,uuid:d4b65ae4-e44b-430d-afa9-ae279a359730,95,Chennai,Chennai,13.053928,80.211457,device_gps,OK
2026-06-17T18:02:06.237000+05:30,2026-06-17T18:24:03.951000+05:30,2026-06-17T18:09:00+05:30,SIMS (towards Vadapalani),13.053865 80.211784 -61.500003814697266 13.022000312805176,13.053865,80.211784,-61.50000381,13.02200031,,No Shelter and No Signboard,,On the road edge / footpath edge – directly adjacent to traffic,0,1,0,,No,No,No,,,At the bus stop – buses pull up to the shelter/marked stop Bus stop not clearly marked,1,0,1,0,One Step Out (30 cm to 1 meter): Passengers have to step down onto the road surface first to board.,Footpath available to reach the bus stop from both directions Pedestrian crossing at/close to the bus stop to cross the road? None of the above,1,0,0,0,0,1,1,,"Partially encroached – e.g., vendors, parked two-wheelers, auto-rickshaws, construction material","Yes – signs of standing water, algae, or drainage issues visible","Safe – well-lit, visible, and active surroundings",,,No – exposed to full sun,"Yes – lit by nearby street lights, shop fronts, or advertisement boards",,,,,None of the Above,0,0,0,0,0,0,0,1,"Mostly commercial - Retail shops. restaurants, cafes, markets, etc",,"The bus stop has no shelter nor any designated signage. People wait on the platform and mostly on the road adjacent to the platform. There are not even barrycades so when buses are not coming, shareautos hop in. During daytime it is too hot with no shade. Since there is no proper 'bus shelter', answering the last part of section 2 in this form is quite tricky.",1. Proper name and sign board and barrycade for atleast 50 metres. 2. Obstruct parking as it is infront of commercial shops. 3. Some shade.,1000324683-18_23_47.jpg,https://kf.kobotoolbox.org/api/v2/assets/axZaE8YRFpZYaQWWvuZPyu/data/783451303/attachments/atteU298dbckUttizJmphYE5/,1000324684-18_23_53.jpg,https://kf.kobotoolbox.org/api/v2/assets/axZaE8YRFpZYaQWWvuZPyu/data/783451303/attachments/attUiuGatHHNxL8nG7HSJKbR/,,,,,783451303,21e1a986-a4b0-4502-8fd2-312e86d7094e,2026-06-17T18:24:11+05:30,,,submitted_via_web,v73kjXt7geHumXyTDeh2CX,,uuid:21e1a986-a4b0-4502-8fd2-312e86d7094e,96,Chennai,Chennai,13.053865,80.211784,device_gps,OK
2026-06-17T18:24:04.098000+05:30,2026-06-17T18:50:04.739000+05:30,2026-06-17T18:34:00+05:30,Thirunagar (towards Arumbakkam),13.057998 80.211614 -62.900001525878906 16.635000228881836,13.057998,80.211614,-62.90000153,16.63500023,,Stainless Steel Bus Shelter,Satisfactory – minor wear/dusty but usable,On the road edge / footpath edge – directly adjacent to traffic,0,1,0,,Yes,No,No,No - It's obstructed due to encroachment ,1 - this is a standalone shelter ,At the bus stop – buses pull up to the shelter/marked stop,1,0,0,0,One Step Out (30 cm to 1 meter): Passengers have to step down onto the road surface first to board.,Footpath available to reach the bus stop from both directions,1,0,0,0,0,0,0,,"Partially encroached – e.g., vendors, parked two-wheelers, auto-rickshaws, construction material","Yes – signs of standing water, algae, or drainage issues visible","Somewhat safe – some concerns (e.g., poor visibility, isolated location)",Yes – adequate space for passengers,Yes – roof is intact and effective,Yes – sufficient shade from the bus shelter,Partially – some light but insufficient,Yes – clear sightline to see the approaching buses,"Yes - the seating is of the right height, width, and depth to sit comfortably while waiting for the bus",No – name is missing,"Yes – but information is unclear, faded, or partially missing",Seating / bench Sufficient seating for the number of people typically waiting,1,1,0,0,0,0,0,0,"Mostly commercial - Retail shops. restaurants, cafes, markets, etc",Yes – advertisements dominate; passenger information is secondary,Bus stop has a proper steel construction and signboard saying 'MTC'. But it has advertisements rather than name of the bustop and other relevant details. The space behind and towards coming to the stop has obstructions and is not very safe during nightime.,1. Name of the bus stop and other details like which buses stop here. Proper walking space to access the bus stop. 3. Sufficient lighting,1000324698-18_46_11.jpg,https://kf.kobotoolbox.org/api/v2/assets/axZaE8YRFpZYaQWWvuZPyu/data/783485968/attachments/attS6TDpP7CcuLF9jTz3zoSj/,1000324697-18_46_17.jpg,https://kf.kobotoolbox.org/api/v2/assets/axZaE8YRFpZYaQWWvuZPyu/data/783485968/attachments/attyMZSdS8xxW3FtfbPQWx4N/,1000324701-18_46_24.jpg,https://kf.kobotoolbox.org/api/v2/assets/axZaE8YRFpZYaQWWvuZPyu/data/783485968/attachments/attWm7uw22VNkpmnUeR3mE3i/,1000324702-18_46_28.jpg,https://kf.kobotoolbox.org/api/v2/assets/axZaE8YRFpZYaQWWvuZPyu/data/783485968/attachments/attBTtQ5gDCkBhwKJe5RiyZa/,783485968,b76c93f9-570d-4b88-af4b-b255732e8764,2026-06-17T18:50:14+05:30,,,submitted_via_web,v73kjXt7geHumXyTDeh2CX,,uuid:b76c93f9-570d-4b88-af4b-b255732e8764,97,Chennai,Chennai,13.057998,80.211614,device_gps,OK
2026-06-17T19:48:13.568000+05:30,2026-06-17T19:54:49.058000+05:30,2026-06-16T06:59:00+05:30,Anna Nagar East Girias Bus Stop - Towards Roundtana,13.084792 80.223564 0 0,13.084792,80.223564,0,0,,Stainless Steel Bus Shelter,Satisfactory – minor wear/dusty but usable,"Set back from the road – against a wall, compound, or building edge",1,0,0,,No,No,No,,1 - this is a standalone shelter ,Unsure / not observed,0,0,0,1,One Step Out (30 cm to 1 meter): Passengers have to step down onto the road surface first to board.,Footpath available to reach the bus stop from both directions Pedestrian crossing at/close to the bus stop to cross the road?,1,0,0,0,0,1,0,,"Partially encroached – e.g., vendors, parked two-wheelers, auto-rickshaws, construction material",No – area appears well-drained,Unable to assess (audit done only in daytime),Unsure,Yes – roof is intact and effective,Yes - from both bus shelter AND trees,Unsure / Not observed,Yes – clear sightline to see the approaching buses,"Yes - the seating is of the right height, width, and depth to sit comfortably while waiting for the bus",No – name is missing,No information displayed at all,Seating / bench Digital information boards with real time arrival information and service alerts,1,0,0,0,0,0,1,0,"Mixed Use - A mix of commercial/residential/office, etc",Yes – advertisements dominate; passenger information is secondary,Bus route information is torn off ; though digital board is there,1. Have printed route info placed on the bus stop,Anna Nagar East  Girias Bus stop - Towards Roundtana Front View-19_53_45.jpg,https://kf.kobotoolbox.org/api/v2/assets/axZaE8YRFpZYaQWWvuZPyu/data/783572874/attachments/attzSU2yoTdNWJHZvi9u3wex/,Anna Nagar East  Girias Bus stop - Towards Roundtana Side View-19_54_24.jpg,https://kf.kobotoolbox.org/api/v2/assets/axZaE8YRFpZYaQWWvuZPyu/data/783572874/attachments/attvwmejtiiMwNqSbKouiBUj/,Anna Nagar East  Girias Bus stop - Towards Roundtana Side View1-19_54_33.jpg,https://kf.kobotoolbox.org/api/v2/assets/axZaE8YRFpZYaQWWvuZPyu/data/783572874/attachments/attUqDJxYn2oq7ZX6C2SL2xb/,,,783572874,9380b3c3-433b-4f4c-94f5-ca3486172288,2026-06-17T19:54:53+05:30,,,submitted_via_web,v73kjXt7geHumXyTDeh2CX,,uuid:9380b3c3-433b-4f4c-94f5-ca3486172288,98,Chennai,Chennai,13.084792,80.223564,device_gps,OK
2026-06-17T19:54:49.143000+05:30,2026-06-17T20:08:19.893000+05:30,2026-06-16T06:49:00+05:30,Anna Nagar East Metro Station Bus Stop - Towards Kilpauk,13.084838 80.219902 0 0,13.084838,80.219902,0,0,,Stainless Steel Bus Shelter, Clean and Well Maintained,"Set back from the road – against a wall, compound, or building edge",1,0,0,,No,No,No,,1 - this is a standalone shelter ,Unsure / not observed,0,0,0,1,Unsure / not observed,"Footpath available to reach the bus stop from both directions Footpath is walkable and free of encroachment like parking, vendors, utility boxes, garbage, etc Pedestrian crossing at/close to the bus stop to cross the road?",1,1,0,0,0,1,0,," Yes – fully accessible, no obstructions",No – area appears well-drained,"Safe – well-lit, visible, and active surroundings",Yes – adequate space for passengers,Yes – roof is intact and effective,Yes – sufficient shade from the bus shelter,Unsure / Not observed,Yes – clear sightline to see the approaching buses,"Yes - the seating is of the right height, width, and depth to sit comfortably while waiting for the bus",Yes – name is prominently visible and legible,Yes – route list is prominently displayed and appears current,Seating / bench Sufficient seating for the number of people typically waiting,1,1,0,0,0,0,0,0,"Mixed Use - A mix of commercial/residential/office, etc",Yes – advertisements present but passenger information is still clearly visible,Digital Information Board yet to display route information,1. Activate the Digital Board,Anna Nagar East Metro Station Bus Stop - Towards Kilpauk Front View-20_7_55.jpg,https://kf.kobotoolbox.org/api/v2/assets/axZaE8YRFpZYaQWWvuZPyu/data/783590760/attachments/attFtbtFamSEDuXimr5tpsJr/,Anna Nagar East Metro Station Bus Stop - Towards Kilpauk Side View.-20_8_3.jpg,https://kf.kobotoolbox.org/api/v2/assets/axZaE8YRFpZYaQWWvuZPyu/data/783590760/attachments/att9Yk4R87XjdF9Duhv8iaE7/,Anna Nagar East Metro Station Bus Stop - Towards Kilpauk side View1-20_8_11.jpg,https://kf.kobotoolbox.org/api/v2/assets/axZaE8YRFpZYaQWWvuZPyu/data/783590760/attachments/attYfGENHiFbc2Ce2JPXQAFM/,,,783590760,a73ab66a-a592-4101-bb1f-d71ab65b119b,2026-06-17T20:08:22+05:30,,,submitted_via_web,v73kjXt7geHumXyTDeh2CX,,uuid:a73ab66a-a592-4101-bb1f-d71ab65b119b,99,Chennai,Chennai,13.084838,80.219902,device_gps,OK
2026-06-17T18:50:04.893000+05:30,2026-06-17T20:11:31.324000+05:30,2026-06-17T19:00:00+05:30,Thirunagar (towards Arumbakkam),13.057348 80.211341 -62.20000076293945 23.767000198364258,13.057348,80.211341,-62.20000076,23.7670002,,No Shelter and No Signboard,,On the road edge / footpath edge – directly adjacent to traffic,0,1,0,,No,No,No,,,Away from the bus stop – buses stop before or beyond the shelter/marked location Bus stop not clearly marked,0,1,1,0,No footpath available,Pedestrian crossing at/close to the bus stop to cross the road? None of the above,0,0,0,0,0,1,1,,"Partially encroached – e.g., vendors, parked two-wheelers, auto-rickshaws, construction material","Yes – signs of standing water, algae, or drainage issues visible","Safe – well-lit, visible, and active surroundings",,,No – exposed to full sun,"Yes – lit by nearby street lights, shop fronts, or advertisement boards",,,,,None of the Above,0,0,0,0,0,0,0,1,"Mostly commercial - Retail shops. restaurants, cafes, markets, etc",,"1. No proper name and sign board. 2. No shade nor bus stop shelter. 3. People have to stand on the road and sometimes move past traffic to board the buses. 4. Some buses enter the marked alley and stop while most stop outside the marked space, onto the road. 5. Parking and other encroachments block the alley and so buses are not able to enter.",1. Install proper sign board and name of the stop. 2. Make platform facilities proper so people can walk. 3. Install shade and details like which bus routes ply.,1000324708-19_23_18.jpg,https://kf.kobotoolbox.org/api/v2/assets/axZaE8YRFpZYaQWWvuZPyu/data/783594956/attachments/attzYnJci8jyucWF5BLCPPMQ/,1000324707-19_23_24.jpg,https://kf.kobotoolbox.org/api/v2/assets/axZaE8YRFpZYaQWWvuZPyu/data/783594956/attachments/attDPUvmSdqTq6PspbCqcb3w/,1000324712-19_24_27.jpg,https://kf.kobotoolbox.org/api/v2/assets/axZaE8YRFpZYaQWWvuZPyu/data/783594956/attachments/attq2y3PJEuz3xHj335Guuai/,,,783594956,6e6132b6-a660-4a8b-89f1-69490bd025f7,2026-06-17T20:11:33+05:30,,,submitted_via_web,v73kjXt7geHumXyTDeh2CX,,uuid:6e6132b6-a660-4a8b-89f1-69490bd025f7,100,Chennai,Chennai,13.057348,80.211341,device_gps,OK
2026-06-17T20:08:19.968000+05:30,2026-06-17T20:23:23.985000+05:30,2026-06-16T06:47:00+05:30,Anna Nagar - Kandasamy College Bus Stop - Towards Villivakkam,13.087522 80.217743 0 0,13.087522,80.217743,0,0,,Stainless Steel Bus Shelter,Satisfactory – minor wear/dusty but usable,On the road edge / footpath edge – directly adjacent to traffic,0,1,0,,No,No,No,,2,Unsure / not observed,0,0,0,1,Unsure / not observed,Footpath available to reach the bus stop from both directions Pedestrian crossing at/close to the bus stop to cross the road?,1,0,0,0,0,1,0,," Yes – fully accessible, no obstructions",No – area appears well-drained,"Safe – well-lit, visible, and active surroundings",Yes – adequate space for passengers,Yes – roof is intact and effective,Yes – sufficient shade from the bus shelter,Unsure / Not observed,Yes – clear sightline to see the approaching buses,"Yes - the seating is of the right height, width, and depth to sit comfortably while waiting for the bus",Yes – name is prominently visible and legible,Yes – route list is prominently displayed and appears current,Seating / bench Sufficient seating for the number of people typically waiting Dustbin / waste bin,1,1,1,0,0,0,0,0,"Mixed Use - A mix of commercial/residential/office, etc",Yes – advertisements present but passenger information is still clearly visible,Digital Board is yet to be activated,Activate the Digital dashboard,Anna Nagar Kandasamy College Bus Stop - Towards Villivakkam Front View-20_22_41.jpg,https://kf.kobotoolbox.org/api/v2/assets/axZaE8YRFpZYaQWWvuZPyu/data/783610135/attachments/attpn8MmAbpXwRubgC5ubATz/,Anna Nagar Kandasamy College Bus Stop - Towards Villivakkam side Viewjpg-20_22_50.jpg,https://kf.kobotoolbox.org/api/v2/assets/axZaE8YRFpZYaQWWvuZPyu/data/783610135/attachments/atthpozHnoddf8Boejunqe2u/,Anna Nagar Kandasamy College Bus Stop - Towards Villivakkam Front View1-20_22_59.jpg,https://kf.kobotoolbox.org/api/v2/assets/axZaE8YRFpZYaQWWvuZPyu/data/783610135/attachments/att3H2Wv2FcMDQVdUEGoqwE8/,Anna Nagar Kandasamy College Bus Stop - Towards Villivakkam side View1-20_23_8.jpg,https://kf.kobotoolbox.org/api/v2/assets/axZaE8YRFpZYaQWWvuZPyu/data/783610135/attachments/attJdJUC6o4CWYLYdcreKucq/,783610135,7388b083-909b-4b43-b729-e449550d0536,2026-06-17T20:23:28+05:30,,,submitted_via_web,v73kjXt7geHumXyTDeh2CX,,uuid:7388b083-909b-4b43-b729-e449550d0536,101,Chennai,Chennai,13.087522,80.217743,device_gps,OK
2026-06-17T20:06:12.091000+05:30,2026-06-17T20:26:31.046000+05:30,2026-06-15T18:06:00+05:30,SRP Tools,,,,,,https://maps.app.goo.gl/dgXdN57m79Bs3fyH6?g_st=ic,Stainless Steel Bus Shelter,Satisfactory – minor wear/dusty but usable,"Set back from the road – against a wall, compound, or building edge",1,0,0,,No,Yes,No,,2,At the bus stop – buses pull up to the shelter/marked stop,1,0,0,0,"Way Out in the Road (More than 1 meter): The bus stops far from the footpath, blocking a lane of traffic, forcing people to walk across active traffic to board the bus",Footpath available to reach the bus stop from both directions Ramp for wheelchair users to access the bus stop,1,0,1,0,0,0,0,,"Partially encroached – e.g., vendors, parked two-wheelers, auto-rickshaws, construction material",No – area appears well-drained,"Safe – well-lit, visible, and active surroundings", No – overcrowded or high number of people standing on the road,"Yes – but the roof is inadequate (too tall, too small, gaps, or partial coverage)",Yes – sufficient shade from the bus shelter,"Yes – lit by nearby street lights, shop fronts, or advertisement boards",Yes – clear sightline to see the approaching buses,"Yes - the seating is of the right height, width, and depth to sit comfortably while waiting for the bus",No – name is missing,Yes – route list is prominently displayed and appears current,Seating / bench Digital information boards with real time arrival information and service alerts,1,0,0,0,0,0,1,0,"Mostly Institutional - Schools, Hospitals, Govt. Offices, etc",Yes – advertisements dominate; passenger information is secondary,Two Sheltet Bus Stop where two buses can stop in the bay. But due to overcrowd buses stop on traffic lane,,IMG_9391-20_24_27.jpeg,https://kf.kobotoolbox.org/api/v2/assets/axZaE8YRFpZYaQWWvuZPyu/data/783615620/attachments/attwhykjG6DMxhe89HMyKWGW/,IMG_9392-20_25_22.jpeg,https://kf.kobotoolbox.org/api/v2/assets/axZaE8YRFpZYaQWWvuZPyu/data/783615620/attachments/attvRSn3DNwJCvaKANyFESX8/,IMG_9387-20_25_52.jpeg,https://kf.kobotoolbox.org/api/v2/assets/axZaE8YRFpZYaQWWvuZPyu/data/783615620/attachments/attpny9NiRFMpmatygSvY72o/,IMG_9386-20_26_26.jpeg,https://kf.kobotoolbox.org/api/v2/assets/axZaE8YRFpZYaQWWvuZPyu/data/783615620/attachments/attgmeQjojdM8KF7KZBuJwRL/,783615620,c50c2775-11d2-47aa-81db-f45539f91c20,2026-06-17T20:26:41+05:30,,,submitted_via_web,v73kjXt7geHumXyTDeh2CX,,uuid:c50c2775-11d2-47aa-81db-f45539f91c20,102,Chennai,Chennai,12.978008,80.252287,gmaps_link,OK
2026-06-17T20:23:24.098000+05:30,2026-06-17T20:31:25.969000+05:30,2026-06-16T06:45:00+05:30,Anna Nagar - DK Kalyana Mandapam Bus Stop - Towards Villivakkam,13.088066 80.218032 0 0,13.088066,80.218032,0,0,,Stainless Steel Bus Shelter,Satisfactory – minor wear/dusty but usable,"Set back from the road – against a wall, compound, or building edge",1,0,0,,No,No,No,,1 - this is a standalone shelter ,Unsure / not observed,0,0,0,1,Unsure / not observed,Footpath available to reach the bus stop from both directions,1,0,0,0,0,0,0,,"Partially encroached – e.g., vendors, parked two-wheelers, auto-rickshaws, construction material",No – area appears well-drained,Unable to assess (audit done only in daytime),Yes – adequate space for passengers,Yes – roof is intact and effective,Yes - from both bus shelter AND trees,Unsure / Not observed,Yes – clear sightline to see the approaching buses,"Yes - the seating is of the right height, width, and depth to sit comfortably while waiting for the bus",Yes – name is prominently visible and legible,Yes – route list is prominently displayed and appears current,Seating / bench Sufficient seating for the number of people typically waiting,1,1,0,0,0,0,0,0,"Mixed Use - A mix of commercial/residential/office, etc",Yes – advertisements present but passenger information is still clearly visible,Encroachment on the footpath access,Please remove all encroachments to easily access the bus shelter,Anna Nagar DK Kalyana Mahal Bus Stop - Towards Villivakkam Front View-20_31_3.jpg,https://kf.kobotoolbox.org/api/v2/assets/axZaE8YRFpZYaQWWvuZPyu/data/783622310/attachments/att2PzjVvZYUfE9zUQdy3apx/,Anna Nagar DK Kalyana Mahal Bus Stop - Towards Villivakkam Side View-20_31_13.jpg,https://kf.kobotoolbox.org/api/v2/assets/axZaE8YRFpZYaQWWvuZPyu/data/783622310/attachments/att8AyB2es4ahEEnyRz6fmnF/,Anna Nagar DK Kalyana Mahal Bus Stop - Towards Villivakkam Side View1-20_31_21.jpg,https://kf.kobotoolbox.org/api/v2/assets/axZaE8YRFpZYaQWWvuZPyu/data/783622310/attachments/attUPWbtt5fArbbtVTJxKsWL/,,,783622310,6cf45293-4fc2-40b4-ab99-4d5266291f44,2026-06-17T20:31:28+05:30,,,submitted_via_web,v73kjXt7geHumXyTDeh2CX,,uuid:6cf45293-4fc2-40b4-ab99-4d5266291f44,103,Chennai,Chennai,13.088066,80.218032,device_gps,OK
2026-06-17T20:26:31.097000+05:30,2026-06-17T20:41:03.020000+05:30,2026-06-16T18:00:00+05:30,Perungudi IGP,,,,,,https://maps.app.goo.gl/X7n6fMXGH2XxnWmf9?g_st=ic,Stainless Steel Bus Shelter,Satisfactory – minor wear/dusty but usable,"Set back from the road – against a wall, compound, or building edge",1,0,0,,Yes,Yes,Yes,Yes - It's free of obstructions and feels safe to use,2,At the bus stop – buses pull up to the shelter/marked stop,1,0,0,0,"Way Out in the Road (More than 1 meter): The bus stops far from the footpath, blocking a lane of traffic, forcing people to walk across active traffic to board the bus","Footpath available to reach the bus stop from both directions Footpath is walkable and free of encroachment like parking, vendors, utility boxes, garbage, etc Ramp is in usable condition (not too steep, not broken, nor blocked)",1,1,0,1,0,0,0,,"Partially encroached – e.g., vendors, parked two-wheelers, auto-rickshaws, construction material",No – area appears well-drained,"Safe – well-lit, visible, and active surroundings", No – overcrowded or high number of people standing on the road,Yes – roof is intact and effective,Yes – sufficient shade from the bus shelter,"Yes – lit by nearby street lights, shop fronts, or advertisement boards",Yes – clear sightline to see the approaching buses,"Yes - the seating is of the right height, width, and depth to sit comfortably while waiting for the bus",No – name is missing,Yes – route list is prominently displayed and appears current,Seating / bench Digital information boards with real time arrival information and service alerts,1,0,0,0,0,0,1,0,"Mostly commercial - Office buildings, malls, large stores, etc",Yes – advertisements dominate; passenger information is secondary,"Two Buses can stop in the bay, but buses stop in traffic lane due to overcrowd",,IMG_9400-20_39_52.jpeg,https://kf.kobotoolbox.org/api/v2/assets/axZaE8YRFpZYaQWWvuZPyu/data/783635199/attachments/att4KoJnMxvcib3Yof7fhkHg/,IMG_9398-20_40_15.jpeg,https://kf.kobotoolbox.org/api/v2/assets/axZaE8YRFpZYaQWWvuZPyu/data/783635199/attachments/attjUhWYMggTuzNkKqeqSWev/,IMG_9397-20_40_29.jpeg,https://kf.kobotoolbox.org/api/v2/assets/axZaE8YRFpZYaQWWvuZPyu/data/783635199/attachments/attecD9CVRBuyn6piRU4qqUg/,IMG_9395-20_40_50.jpeg,https://kf.kobotoolbox.org/api/v2/assets/axZaE8YRFpZYaQWWvuZPyu/data/783635199/attachments/attwFqScenosZYo7gzvHx9kx/,783635199,1e7fa2b8-6aaa-45b1-b521-ac53592eeb8d,2026-06-17T20:41:06+05:30,,,submitted_via_web,v73kjXt7geHumXyTDeh2CX,,uuid:1e7fa2b8-6aaa-45b1-b521-ac53592eeb8d,104,Chennai,Chennai,12.97269,80.250267,gmaps_link,OK
2026-06-17T20:31:26.059000+05:30,2026-06-17T20:42:25.540000+05:30,2026-06-16T06:42:00+05:30,Anna Nagar - K4 Round Tana Bus Stop - Towards Villivakkam,13.091108 80.2181 0 0,13.091108,80.2181,0,0,,Stainless Steel Bus Shelter, Clean and Well Maintained,"Set back from the road – against a wall, compound, or building edge",1,0,0,,No,No,No,,1 - this is a standalone shelter ,Away from the bus stop – buses stop before or beyond the shelter/marked location,0,1,0,0,"Way Out in the Road (More than 1 meter): The bus stops far from the footpath, blocking a lane of traffic, forcing people to walk across active traffic to board the bus","Footpath available to reach the bus stop from both directions Footpath is walkable and free of encroachment like parking, vendors, utility boxes, garbage, etc Ramp for wheelchair users to access the bus stop Ramp is in usable condition (not too steep, not broken, nor blocked) Pedestrian crossing at/close to the bus stop to cross the road?",1,1,1,1,0,1,0,," Yes – fully accessible, no obstructions",No – area appears well-drained,"Safe – well-lit, visible, and active surroundings",Yes – adequate space for passengers,Yes – roof is intact and effective,Partial – some shade but insufficient,Unsure / Not observed,Yes – clear sightline to see the approaching buses,"Yes - the seating is of the right height, width, and depth to sit comfortably while waiting for the bus",Yes – name is prominently visible and legible,Yes – route list is prominently displayed and appears current,Seating / bench Sufficient seating for the number of people typically waiting,1,1,0,0,0,0,0,0,"Mixed Use - A mix of commercial/residential/office, etc",Yes – advertisements present but passenger information is still clearly visible,Very hot to sit under the bus stop.. passengers wait at the tree nearby,,Anna Nagar Roundtana Bus Stop - towards Villivakkam Front View -20_42_6.jpg,https://kf.kobotoolbox.org/api/v2/assets/axZaE8YRFpZYaQWWvuZPyu/data/783637002/attachments/attNokWsreAKupNngCfP8QTz/,Anna Nagar Roundtana Bus Stop - towards Villivakkam Side Viewjpg-20_42_14.jpg,https://kf.kobotoolbox.org/api/v2/assets/axZaE8YRFpZYaQWWvuZPyu/data/783637002/attachments/att8petGXFzzVT5zv5JUCd26/,Anna Nagar Roundtana Bus Stop - towards Villivakkam Side View 1-20_42_21.jpg,https://kf.kobotoolbox.org/api/v2/assets/axZaE8YRFpZYaQWWvuZPyu/data/783637002/attachments/attiTmep5WkFiqVAciiEkRLr/,,,783637002,80618c23-ca44-4ee9-827f-8409d57abedd,2026-06-17T20:42:29+05:30,,,submitted_via_web,v73kjXt7geHumXyTDeh2CX,,uuid:80618c23-ca44-4ee9-827f-8409d57abedd,105,Chennai,Chennai,13.091108,80.2181,device_gps,OK
2026-06-17T20:41:03.076000+05:30,2026-06-17T20:58:19.709000+05:30,2026-06-17T18:00:00+05:30,Kandhanchavadi,,,,,,https://maps.app.goo.gl/Dii1dTPpWXGo4jQGA?g_st=ic,Stainless Steel Bus Shelter,Satisfactory – minor wear/dusty but usable,"Set back from the road – against a wall, compound, or building edge",1,0,0,,Yes,Yes,Yes,Yes - It's free of obstructions and feels safe to use,2,At the bus stop – buses pull up to the shelter/marked stop,1,0,0,0,"Way Out in the Road (More than 1 meter): The bus stops far from the footpath, blocking a lane of traffic, forcing people to walk across active traffic to board the bus",Footpath available to reach the bus stop from both directions,1,0,0,0,0,0,0,,"Partially encroached – e.g., vendors, parked two-wheelers, auto-rickshaws, construction material",No – area appears well-drained,"Safe – well-lit, visible, and active surroundings", No – overcrowded or high number of people standing on the road,Yes – roof is intact and effective,Yes – sufficient shade from the bus shelter,"Yes – lit by nearby street lights, shop fronts, or advertisement boards",Yes – clear sightline to see the approaching buses,"Yes - the seating is of the right height, width, and depth to sit comfortably while waiting for the bus",No – name is missing,Yes – route list is prominently displayed and appears current,Seating / bench Digital information boards with real time arrival information and service alerts,1,0,0,0,0,0,1,0,"Mostly commercial - Office buildings, malls, large stores, etc",Yes – advertisements dominate; passenger information is secondary,"Two bay bus stop, but buses stop in traffic lanedue to overcrowd",,IMG_9410-20_57_3.jpeg,https://kf.kobotoolbox.org/api/v2/assets/axZaE8YRFpZYaQWWvuZPyu/data/783655717/attachments/attp5JyUofujUYMtPHuqka4d/,IMG_9411-20_57_13.jpeg,https://kf.kobotoolbox.org/api/v2/assets/axZaE8YRFpZYaQWWvuZPyu/data/783655717/attachments/attv9Q3aAJWn2TeTEAxpGkPp/,IMG_9408-20_57_39.jpeg,https://kf.kobotoolbox.org/api/v2/assets/axZaE8YRFpZYaQWWvuZPyu/data/783655717/attachments/att4ZQFo75t7Q2Z9tbTN88xy/,IMG_9406-20_58_12.jpeg,https://kf.kobotoolbox.org/api/v2/assets/axZaE8YRFpZYaQWWvuZPyu/data/783655717/attachments/attPVhcN7gCFVzu3BBvHNwY5/,783655717,821fc3a4-54b4-4376-be35-cdf5db513bce,2026-06-17T20:58:38+05:30,,,submitted_via_web,v73kjXt7geHumXyTDeh2CX,,uuid:821fc3a4-54b4-4376-be35-cdf5db513bce,106,Chennai,Chennai,12.965162,80.247471,gmaps_link,OK
2026-06-17T20:58:19.771000+05:30,2026-06-17T21:07:23.429000+05:30,2026-06-17T18:00:00+05:30,Thoraipakkam,,,,,,https://maps.app.goo.gl/N7sRHDYDgo4Lqib66?g_st=ic,Stainless Steel Bus Shelter,Unclean/Poorly Maintained,"Set back from the road – against a wall, compound, or building edge",1,0,0,,Yes,Yes,Yes,Yes - It's free of obstructions and feels safe to use,2,At the bus stop – buses pull up to the shelter/marked stop,1,0,0,0,"Way Out in the Road (More than 1 meter): The bus stops far from the footpath, blocking a lane of traffic, forcing people to walk across active traffic to board the bus",Footpath available to reach the bus stop from both directions Pedestrian crossing at/close to the bus stop to cross the road?,1,0,0,0,0,1,0,,"Partially encroached – e.g., vendors, parked two-wheelers, auto-rickshaws, construction material",No – area appears well-drained,"Safe – well-lit, visible, and active surroundings", No – overcrowded or high number of people standing on the road,Yes – roof is intact and effective,Yes – sufficient shade from the bus shelter,"Yes – lit by nearby street lights, shop fronts, or advertisement boards",Yes – clear sightline to see the approaching buses,"Yes - the seating is of the right height, width, and depth to sit comfortably while waiting for the bus",No – name is missing,Yes – route list is prominently displayed and appears current,Seating / bench Digital information boards with real time arrival information and service alerts,1,0,0,0,0,0,1,0,"Mostly commercial - Office buildings, malls, large stores, etc",Yes – advertisements dominate; passenger information is secondary,One Shelter stop is insufficient for this busy location,,IMG_9417-21_6_49.jpeg,https://kf.kobotoolbox.org/api/v2/assets/axZaE8YRFpZYaQWWvuZPyu/data/783666800/attachments/attQZ2kHRZTrBwJ8uUJxgp7z/,IMG_9418-21_6_59.jpeg,https://kf.kobotoolbox.org/api/v2/assets/axZaE8YRFpZYaQWWvuZPyu/data/783666800/attachments/attrioyv7yyjd3Zm4YEBv5hm/,IMG_9416-21_7_11.jpeg,https://kf.kobotoolbox.org/api/v2/assets/axZaE8YRFpZYaQWWvuZPyu/data/783666800/attachments/att3KXLFU9puCEMAizAGWzJg/,IMG_9415-21_7_19.jpeg,https://kf.kobotoolbox.org/api/v2/assets/axZaE8YRFpZYaQWWvuZPyu/data/783666800/attachments/attSzh63JTjxLFAbzFrcC8XU/,783666800,6e4f19a2-9169-4474-ad22-704085d8d27c,2026-06-17T21:07:26+05:30,,,submitted_via_web,v73kjXt7geHumXyTDeh2CX,,uuid:6e4f19a2-9169-4474-ad22-704085d8d27c,107,Chennai,Chennai,12.959575,80.244966,gmaps_link,OK
2026-06-18T12:00:46.872000+05:30,2026-06-18T12:17:45.608000+05:30,2026-06-18T12:09:00+05:30,Kasi theatre - to guindy,13.029582 80.208961 13.945787292905152 14.245954590575272,13.029582,80.208961,13.94578729,14.24595459,,No Shelter and No Signboard,,On the road edge / footpath edge – directly adjacent to traffic,0,1,0,,Yes,No,No,Yes - It's free of obstructions and feels safe to use,,Bus stop not clearly marked,0,0,1,0,Perfect / Flush (Less than 30 cm): Passengers can step directly from the footpath onto the bus.,Footpath available to reach the bus stop from both directions Pedestrian crossing at/close to the bus stop to cross the road?,1,0,0,0,0,1,0,,"Partially encroached – e.g., vendors, parked two-wheelers, auto-rickshaws, construction material",No – area appears well-drained,"Safe – well-lit, visible, and active surroundings",,,No – exposed to full sun,"Yes – lit by nearby street lights, shop fronts, or advertisement boards",,,,,None of the Above,0,0,0,0,0,0,0,1,"Mixed Use - A mix of commercial/residential/office, etc",,The other side route to koyembedu has good shelter.. While this side to Guindy doesn't event have a shelter not even a signage.,Shelter to start with. & Ppl have no idea where the bus stop is except the regulars . A signage is required,IMG_2181-12_16_17.jpeg,https://kf.kobotoolbox.org/api/v2/assets/axZaE8YRFpZYaQWWvuZPyu/data/784130446/attachments/attbwgzivv4WvX8LM8bBTWkZ/,IMG_2180-12_16_33.jpeg,https://kf.kobotoolbox.org/api/v2/assets/axZaE8YRFpZYaQWWvuZPyu/data/784130446/attachments/attf6xCPQC4a6a37p8F9Uzyd/,IMG_2179-12_16_46.jpeg,https://kf.kobotoolbox.org/api/v2/assets/axZaE8YRFpZYaQWWvuZPyu/data/784130446/attachments/attAgnAd7W37vDc5xdJjkWsn/,,,784130446,43b86eb3-3073-49ab-9c76-d44d7a456b5a,2026-06-18T12:17:49+05:30,,,submitted_via_web,v73kjXt7geHumXyTDeh2CX,,uuid:43b86eb3-3073-49ab-9c76-d44d7a456b5a,108,Chennai,Chennai,13.029582,80.208961,device_gps,OK
2026-06-18T19:25:51.436000+05:30,2026-06-18T19:38:50.207000+05:30,2026-06-18T19:28:00+05:30,Kalaimagal nagar bus stop,13.024525 80.206835 15.240183090116844 45.362336617079116,13.024525,80.206835,15.24018309,45.36233662,,Stainless Steel Bus Shelter,Satisfactory – minor wear/dusty but usable,"Set back from the road – against a wall, compound, or building edge",1,0,0,,No,No,Yes,,2,At the bus stop – buses pull up to the shelter/marked stop,1,0,0,0,Perfect / Flush (Less than 30 cm): Passengers can step directly from the footpath onto the bus.,"Footpath available to reach the bus stop from both directions Footpath is walkable and free of encroachment like parking, vendors, utility boxes, garbage, etc Pedestrian crossing at/close to the bus stop to cross the road?",1,1,0,0,0,1,0,," Yes – fully accessible, no obstructions",No – area appears well-drained,"Safe – well-lit, visible, and active surroundings", No – overcrowded or high number of people standing on the road,Yes – roof is intact and effective,Yes – sufficient shade from the bus shelter,Yes – the bus shelter itself has a working light,Yes – clear sightline to see the approaching buses,"Yes - the seating is of the right height, width, and depth to sit comfortably while waiting for the bus",No – name is missing,No information displayed at all,Seating / bench,1,0,0,0,0,0,0,0,"Mostly commercial - Office buildings, malls, large stores, etc",Yes – advertisements dominate; passenger information is secondary,,Could be cleaner and display of buses and routes could be,image-19_27_14.jpg,https://kf.kobotoolbox.org/api/v2/assets/axZaE8YRFpZYaQWWvuZPyu/data/784683944/attachments/atts4jUNRotvqaV5Ju2dBgzc/,image-19_27_30.jpg,https://kf.kobotoolbox.org/api/v2/assets/axZaE8YRFpZYaQWWvuZPyu/data/784683944/attachments/attXB2LmtcYbPcpLLTgXetQR/,image-19_28_6.jpg,https://kf.kobotoolbox.org/api/v2/assets/axZaE8YRFpZYaQWWvuZPyu/data/784683944/attachments/att3twyF9R75WF83SVzpTpqd/,,,784683944,d85f6c3d-8904-417f-a442-6f8134e5192d,2026-06-18T19:38:55+05:30,,,submitted_via_web,vWYt35PLUqbkm8oQynok35,,uuid:d85f6c3d-8904-417f-a442-6f8134e5192d,109,Chennai,Chennai,13.024525,80.206835,device_gps,OK
2026-06-18T19:38:50.267000+05:30,2026-06-18T19:57:09.256000+05:30,2026-06-18T19:44:00+05:30,Olympia,13.014283 80.204503 13.750722006321439 8.901949102769612,13.014283,80.204503,13.75072201,8.901949103,,Stainless Steel Bus Shelter, Clean and Well Maintained,"Set back from the road – against a wall, compound, or building edge",1,0,0,,No,No,Yes,,3,At the bus stop – buses pull up to the shelter/marked stop,1,0,0,0,Perfect / Flush (Less than 30 cm): Passengers can step directly from the footpath onto the bus.,"Footpath is walkable and free of encroachment like parking, vendors, utility boxes, garbage, etc Pedestrian crossing at/close to the bus stop to cross the road?",0,1,0,0,0,1,0,," Yes – fully accessible, no obstructions","Yes – signs of standing water, algae, or drainage issues visible","Safe – well-lit, visible, and active surroundings",Yes – adequate space for passengers,Yes – roof is intact and effective,Yes – sufficient shade from the bus shelter,"Yes – lit by nearby street lights, shop fronts, or advertisement boards",Yes – clear sightline to see the approaching buses,"Yes - the seating is of the right height, width, and depth to sit comfortably while waiting for the bus","Yes – but faded, small, or difficult to read",Yes – but information seems outdated or unreliable,Seating / bench Dustbin / waste bin,1,0,1,0,0,0,0,0,"Mostly commercial - Office buildings, malls, large stores, etc",Yes – advertisements dominate; passenger information is secondary,Passenger information & stop details & bus route details are not available,,image-19_47_11.jpg,https://kf.kobotoolbox.org/api/v2/assets/axZaE8YRFpZYaQWWvuZPyu/data/784709641/attachments/attnEt8Sj5j9MrGqtgpKkjzW/,image-19_47_45.jpg,https://kf.kobotoolbox.org/api/v2/assets/axZaE8YRFpZYaQWWvuZPyu/data/784709641/attachments/attonqCPuNJLFP4zy3uBqW3M/,,,,,784709641,923920f0-85e7-4c0c-be08-51995432428d,2026-06-18T19:57:14+05:30,,,submitted_via_web,vWYt35PLUqbkm8oQynok35,,uuid:923920f0-85e7-4c0c-be08-51995432428d,110,Chennai,Chennai,13.014283,80.204503,device_gps,OK
2026-06-18T19:31:30.812000+05:30,2026-06-18T20:01:10.509000+05:30,2026-06-18T19:31:00+05:30,Ekkatuthangal ( Towards Guindy),,,,,,https://maps.app.goo.gl/CqjmjD4Nc34keUJ58,Other Metal Bus Shelter (Other than Stainless Steel),Satisfactory – minor wear/dusty but usable,"Set back from the road – against a wall, compound, or building edge",1,0,0,,Yes,Yes,Yes,Yes - It's free of obstructions and feels safe to use,2,At the bus stop – buses pull up to the shelter/marked stop,1,0,0,0,Perfect / Flush (Less than 30 cm): Passengers can step directly from the footpath onto the bus.,Footpath available to reach the bus stop from both directions Pedestrian crossing at/close to the bus stop to cross the road?,1,0,0,0,0,1,0,,"Partially encroached – e.g., vendors, parked two-wheelers, auto-rickshaws, construction material","Yes – signs of standing water, algae, or drainage issues visible","Safe – well-lit, visible, and active surroundings",Yes – adequate space for passengers,Yes – roof is intact and effective,Yes – sufficient shade from the bus shelter,Partially – some light but insufficient,"No – sightline is blocked (by structure, advertisement boards, trees, or parked vehicles)",No - the seating is too small to sit comfortably ,No – name is missing,No information displayed at all,Seating / bench,1,0,0,0,0,0,0,0,"Mostly commercial - Office buildings, malls, large stores, etc",No advertisements,In the big new bus stop there is no seats only the seating around piller which is not comfortable.Near small busstop only have some seats for sit.,"Name board, Light, Seats for sitting",1001063753-19_56_41.jpg,https://kf.kobotoolbox.org/api/v2/assets/axZaE8YRFpZYaQWWvuZPyu/data/784715297/attachments/att6JsN8oKCHbQ8yfJPYsCSG/,1001063756-19_56_47.jpg,https://kf.kobotoolbox.org/api/v2/assets/axZaE8YRFpZYaQWWvuZPyu/data/784715297/attachments/attQ8ziAVfzKJGywY8yJcK9v/,,,,,784715297,52dc441e-853b-4b01-b3b7-d99ea781b98d,2026-06-18T20:01:13+05:30,,,submitted_via_web,vWYt35PLUqbkm8oQynok35,,uuid:52dc441e-853b-4b01-b3b7-d99ea781b98d,111,Chennai,Chennai,13.01888,80.206291,gmaps_link,OK
2026-06-18T20:01:10.636000+05:30,2026-06-18T20:30:45.743000+05:30,2026-06-18T20:09:00+05:30,Guindy (Towards Saidapet),,,,,,https://maps.app.goo.gl/hqr813Bs16bwirJT6?g_st=aw,Other Metal Bus Shelter (Other than Stainless Steel),Unclean/Poorly Maintained,"Set back from the road – against a wall, compound, or building edge",1,0,0,,No,No,No,,1 - this is a standalone shelter ,At the bus stop – buses pull up to the shelter/marked stop,1,0,0,0,Perfect / Flush (Less than 30 cm): Passengers can step directly from the footpath onto the bus.,Footpath available to reach the bus stop from both directions Ramp for wheelchair users to access the bus stop,1,0,1,0,0,0,0,,"Partially encroached – e.g., vendors, parked two-wheelers, auto-rickshaws, construction material","Yes – signs of standing water, algae, or drainage issues visible","Somewhat safe – some concerns (e.g., poor visibility, isolated location)",Yes – adequate space for passengers,Yes – roof is intact and effective,Yes – sufficient shade from the bus shelter,Partially – some light but insufficient,Yes – clear sightline to see the approaching buses,"Yes - the seating is of the right height, width, and depth to sit comfortably while waiting for the bus",Yes – name is prominently visible and legible,No information displayed at all,Seating / bench Drinking water (tap or dispenser),1,0,0,1,0,0,0,0,"Mostly commercial - Retail shops. restaurants, cafes, markets, etc",No advertisements,There is wheelchair ramps but encroached on both sides by vendors and timekeepers,"Lights not available in seating area,water logging is noted ..such big bus stop should have washroom. No clear indication of bus numbers wrto stand",1001063803-20_29_7.jpg,https://kf.kobotoolbox.org/api/v2/assets/axZaE8YRFpZYaQWWvuZPyu/data/784760199/attachments/attyQcibq2i8HU4WHGAEPGgy/,1001063800-20_29_11.jpg,https://kf.kobotoolbox.org/api/v2/assets/axZaE8YRFpZYaQWWvuZPyu/data/784760199/attachments/attVMh9d5QVNSLSmD2bvY92u/,1001063795-20_29_16.jpg,https://kf.kobotoolbox.org/api/v2/assets/axZaE8YRFpZYaQWWvuZPyu/data/784760199/attachments/attXMKMzoV53NQZdiRTEX5Gz/,,,784760199,14ef8731-88b6-4c28-97af-0698b082531f,2026-06-18T20:30:51+05:30,,,submitted_via_web,vWYt35PLUqbkm8oQynok35,,uuid:14ef8731-88b6-4c28-97af-0698b082531f,112,Chennai,Chennai,13.009419,80.211164,gmaps_link,OK
2026-06-18T20:30:45.866000+05:30,2026-06-18T20:49:57.909000+05:30,2026-06-18T20:42:00+05:30,Little mount(Towards Saidapet),,,,,,https://maps.app.goo.gl/tUycrn6S6d1uLj947?g_st=aw,Stainless Steel Bus Shelter, Clean and Well Maintained,"Set back from the road – against a wall, compound, or building edge",1,0,0,,No,Yes,No,,1 - this is a standalone shelter ,At the bus stop – buses pull up to the shelter/marked stop,1,0,0,0,One Step Out (30 cm to 1 meter): Passengers have to step down onto the road surface first to board.,Footpath available to reach the bus stop from both directions Pedestrian crossing at/close to the bus stop to cross the road?,1,0,0,0,0,1,0,,"Partially encroached – e.g., vendors, parked two-wheelers, auto-rickshaws, construction material",No – area appears well-drained,"Safe – well-lit, visible, and active surroundings", No – overcrowded or high number of people standing on the road,Yes – roof is intact and effective,Partial – some shade but insufficient,Yes – the bus shelter itself has a working light,Yes – clear sightline to see the approaching buses,"Yes - the seating is of the right height, width, and depth to sit comfortably while waiting for the bus",Yes – name is prominently visible and legible,Yes – route list is prominently displayed and appears current,Seating / bench Dustbin / waste bin Digital information boards with real time arrival information and service alerts,1,0,1,0,0,0,1,0,"Mostly commercial - Office buildings, malls, large stores, etc",Yes – advertisements present but passenger information is still clearly visible,,More number of seats.,1001063836-20_49_48.jpg,https://kf.kobotoolbox.org/api/v2/assets/axZaE8YRFpZYaQWWvuZPyu/data/784788557/attachments/attHE2LCFxLLuc53wv8q6ted/,1001063826-20_49_53.jpg,https://kf.kobotoolbox.org/api/v2/assets/axZaE8YRFpZYaQWWvuZPyu/data/784788557/attachments/attzRddNSzpqQZYBtKAPHTpt/,,,,,784788557,275300e0-769e-4620-b9a2-a6b5b6c1aa02,2026-06-18T20:50:01+05:30,,,submitted_via_web,vWYt35PLUqbkm8oQynok35,,uuid:275300e0-769e-4620-b9a2-a6b5b6c1aa02,113,Chennai,Chennai,13.015504,80.224895,gmaps_link,OK
2026-06-18T20:49:58.060000+05:30,2026-06-18T21:04:50.151000+05:30,2026-06-18T20:56:00+05:30,Todd Hunder nagar,,,,,,https://maps.app.goo.gl/yuwBzJvGQqfe7RF26?g_st=aw,Stainless Steel Bus Shelter, Clean and Well Maintained,"Set back from the road – against a wall, compound, or building edge",1,0,0,,No,No,No,,1 - this is a standalone shelter ,Away from the bus stop – buses stop before or beyond the shelter/marked location,0,1,0,0,One Step Out (30 cm to 1 meter): Passengers have to step down onto the road surface first to board.,"Footpath is walkable and free of encroachment like parking, vendors, utility boxes, garbage, etc Pedestrian crossing at/close to the bus stop to cross the road?",0,1,0,0,0,1,0,," Yes – fully accessible, no obstructions",No – area appears well-drained,"Safe – well-lit, visible, and active surroundings", No – overcrowded or high number of people standing on the road,"Yes – but the roof is inadequate (too tall, too small, gaps, or partial coverage)",Partial – some shade but insufficient,Yes – the bus shelter itself has a working light,Yes – clear sightline to see the approaching buses,"Yes - the seating is of the right height, width, and depth to sit comfortably while waiting for the bus","Yes – but faded, small, or difficult to read",No information displayed at all,Seating / bench,1,0,0,0,0,0,0,0,"Mixed Use - A mix of commercial/residential/office, etc",Yes – advertisements dominate; passenger information is secondary,There are 2 bus selters in but not together and the another one is in very bad situation.,Digital board for know the buses and,1001063840-21_4_12.jpg,https://kf.kobotoolbox.org/api/v2/assets/axZaE8YRFpZYaQWWvuZPyu/data/784810909/attachments/att6uQxeJfwip4hbDhmjwbZL/,1001063841-21_4_17.jpg,https://kf.kobotoolbox.org/api/v2/assets/axZaE8YRFpZYaQWWvuZPyu/data/784810909/attachments/att4oDyzTd3Vd8Ziw9EYFdke/,1001063845-21_4_46.jpg,https://kf.kobotoolbox.org/api/v2/assets/axZaE8YRFpZYaQWWvuZPyu/data/784810909/attachments/attMmBK5ytqasjyz87RLhTi6/,,,784810909,5d12006e-b6f6-4148-8e39-978db44a33da,2026-06-18T21:04:53+05:30,,,submitted_via_web,vWYt35PLUqbkm8oQynok35,,uuid:5d12006e-b6f6-4148-8e39-978db44a33da,114,Chennai,Chennai,13.024412,80.228539,gmaps_link,OK
2026-06-18T19:57:09.303000+05:30,2026-06-18T21:37:18.938000+05:30,2026-06-18T20:51:00+05:30,Anna University,13.008354 80.233242 14.102255253403456 1.874619488832035,13.008354,80.233242,14.10225525,1.874619489,,Stainless Steel Bus Shelter, Clean and Well Maintained,"Set back from the road – against a wall, compound, or building edge",1,0,0,,No,Yes,Yes,,4+,At the bus stop – buses pull up to the shelter/marked stop,1,0,0,0,Perfect / Flush (Less than 30 cm): Passengers can step directly from the footpath onto the bus.,"Footpath is walkable and free of encroachment like parking, vendors, utility boxes, garbage, etc",0,1,0,0,0,0,0,," Yes – fully accessible, no obstructions",Unsure,"Unsafe – poorly lit, isolated, or has a history of feeling threatening",Yes – adequate space for passengers,Yes – roof is intact and effective,Yes – sufficient shade from the bus shelter,"Yes – lit by nearby street lights, shop fronts, or advertisement boards",Yes – clear sightline to see the approaching buses,"Yes - the seating is of the right height, width, and depth to sit comfortably while waiting for the bus",Yes – name is prominently visible and legible,Yes – but information seems outdated or unreliable,Seating / bench Sufficient seating for the number of people typically waiting,1,1,0,0,0,0,0,0,"Mostly Institutional - Schools, Hospitals, Govt. Offices, etc",Yes – advertisements dominate; passenger information is secondary,No lights in shelter only from street light,Definitely some street lights & as advertisements could be removed &,IMG_2191-21_34_22.jpeg,https://kf.kobotoolbox.org/api/v2/assets/axZaE8YRFpZYaQWWvuZPyu/data/784857473/attachments/attsrEkbcXzUg2BxDvoH4Hin/,IMG_2193-21_34_36.jpeg,https://kf.kobotoolbox.org/api/v2/assets/axZaE8YRFpZYaQWWvuZPyu/data/784857473/attachments/attRKRp94WUDr4aJFX2iQsuC/,,,,,784857473,e1e06d39-1467-4ecd-8e0c-1199d951e67b,2026-06-18T21:37:26+05:30,,,submitted_via_web,vWYt35PLUqbkm8oQynok35,,uuid:e1e06d39-1467-4ecd-8e0c-1199d951e67b,115,Chennai,Chennai,13.008354,80.233242,device_gps,OK
2026-06-17T20:11:31.453000+05:30,2026-06-19T11:24:57.848000+05:30,2026-06-19T10:48:00+05:30,Sivan Kovil (towards Ashok Pillar),13.046473 80.212387 -62.000003814697266 13.062000274658203,13.046473,80.212387,-62.00000381,13.06200027,,Stainless Steel Bus Shelter, Clean and Well Maintained,"Set back from the road – against a wall, compound, or building edge",1,0,0,,No,Yes,Yes,,1 - this is a standalone shelter ,At the bus stop – buses pull up to the shelter/marked stop,1,0,0,0,Perfect / Flush (Less than 30 cm): Passengers can step directly from the footpath onto the bus.,Footpath available to reach the bus stop from both directions,1,0,0,0,0,0,0,," Yes – fully accessible, no obstructions","Yes – signs of standing water, algae, or drainage issues visible",Unable to assess (audit done only in daytime),Yes – adequate space for passengers,Yes – roof is intact and effective,Yes – sufficient shade from the bus shelter,Unsure / Not observed,Yes – clear sightline to see the approaching buses,"Yes - the seating is of the right height, width, and depth to sit comfortably while waiting for the bus",Yes – name is prominently visible and legible,Yes – route list is prominently displayed and appears current,Seating / bench Sufficient seating for the number of people typically waiting,1,1,0,0,0,0,0,0,"Mixed Use - A mix of commercial/residential/office, etc",Yes – advertisements dominate; passenger information is secondary,"Ramp is not available for wheelchair passengers. During rains, there's tendency for water yo get clogged.",,1000325310-11_24_43.jpg,https://kf.kobotoolbox.org/api/v2/assets/axZaE8YRFpZYaQWWvuZPyu/data/785288014/attachments/attxq4dxQLYnZkEGTZCMPhuP/,1000325310-11_23_17.jpg,https://kf.kobotoolbox.org/api/v2/assets/axZaE8YRFpZYaQWWvuZPyu/data/785288014/attachments/attvtUN3DpLA5bLscxbvSgNr/,1000325311-11_23_23.jpg,https://kf.kobotoolbox.org/api/v2/assets/axZaE8YRFpZYaQWWvuZPyu/data/785288014/attachments/attYHPkhTbA6cgP4qWnxTeSp/,1000325312-11_23_28.jpg,https://kf.kobotoolbox.org/api/v2/assets/axZaE8YRFpZYaQWWvuZPyu/data/785288014/attachments/attj6bUS3v7H7hk5t82gKBuz/,785288014,4234e263-e5b2-46ea-bce2-62ab4aba179d,2026-06-19T11:54:09+05:30,,,submitted_via_web,v73kjXt7geHumXyTDeh2CX,,uuid:4234e263-e5b2-46ea-bce2-62ab4aba179d,116,Chennai,Chennai,13.046473,80.212387,device_gps,OK
2026-06-19T10:49:39.723000+05:30,2026-06-19T11:32:09.971000+05:30,2026-06-19T11:00:00+05:30,Arya Gowda Road,13.036486 80.220651 -63 15.053000450134277,13.036486,80.220651,-63,15.05300045,,Stainless Steel Bus Shelter,Satisfactory – minor wear/dusty but usable,"Set back from the road – against a wall, compound, or building edge",1,0,0,,No,Yes,Yes,,1 - this is a standalone shelter ,Unsure / not observed,0,0,0,1,Perfect / Flush (Less than 30 cm): Passengers can step directly from the footpath onto the bus.,Footpath available to reach the bus stop from both directions Ramp for wheelchair users to access the bus stop,1,0,1,0,0,0,0,,"Partially encroached – e.g., vendors, parked two-wheelers, auto-rickshaws, construction material",Unsure,Unable to assess (audit done only in daytime),Yes – adequate space for passengers,"Yes – but the roof is inadequate (too tall, too small, gaps, or partial coverage)",Yes – sufficient shade from the bus shelter,Unsure / Not observed,Yes – clear sightline to see the approaching buses,"Yes - the seating is of the right height, width, and depth to sit comfortably while waiting for the bus",Yes – name is prominently visible and legible,Yes – route list is prominently displayed and appears current,Seating / bench Dustbin / waste bin,1,0,1,0,0,0,0,0,"Mixed Use - A mix of commercial/residential/office, etc",Yes – advertisements present but passenger information is still clearly visible,The bus stop is decent but the footpath isn't accessible. There's a decent ramp but which is obstructed by garbage piles and hence inaccesible,1. Clear the garbage bin and keep the ramp/walk path clean,1000325317-11_29_30.jpg,https://kf.kobotoolbox.org/api/v2/assets/axZaE8YRFpZYaQWWvuZPyu/data/785288234/attachments/att2tDFXHb2uk639xEMS9zW4/,,,1000325318-11_29_34.jpg,https://kf.kobotoolbox.org/api/v2/assets/axZaE8YRFpZYaQWWvuZPyu/data/785288234/attachments/attLCxGSMJUHMbTGE3PYJjy4/,1000325319-11_29_38.jpg,https://kf.kobotoolbox.org/api/v2/assets/axZaE8YRFpZYaQWWvuZPyu/data/785288234/attachments/attrKoDH5bHkcLGARbS6zhDr/,785288234,bf956f7d-7912-4098-a585-c2010ee304a0,2026-06-19T11:54:27+05:30,,,submitted_via_web,vWYt35PLUqbkm8oQynok35,,uuid:bf956f7d-7912-4098-a585-c2010ee304a0,117,Chennai,Chennai,13.036486,80.220651,device_gps,OK
2026-06-19T11:07:05.112000+05:30,2026-06-19T12:07:05.690000+05:30,2026-06-19T11:07:00+05:30,Aranganathan Subway bus stop,13.028931 80.224312 -62.24916475631219 17.631999969482422,13.028931,80.224312,-62.24916476,17.63199997,,Stainless Steel Bus Shelter,Unclean/Poorly Maintained,"Set back from the road – against a wall, compound, or building edge",1,0,0,,No,Yes,No,,1 - this is a standalone shelter ,At the bus stop – buses pull up to the shelter/marked stop Away from the bus stop – buses stop before or beyond the shelter/marked location,1,1,0,0,One Step Out (30 cm to 1 meter): Passengers have to step down onto the road surface first to board.,Footpath available to reach the bus stop from both directions,1,0,0,0,0,0,0,,"Partially encroached – e.g., vendors, parked two-wheelers, auto-rickshaws, construction material","Yes – signs of standing water, algae, or drainage issues visible",Unable to assess (audit done only in daytime),Yes – adequate space for passengers,"Yes – but the roof is inadequate (too tall, too small, gaps, or partial coverage)",Yes – sufficient shade from the bus shelter,Unsure / Not observed,Yes – clear sightline to see the approaching buses,"Yes - the seating is of the right height, width, and depth to sit comfortably while waiting for the bus",Yes – name is prominently visible and legible,Yes – route list is prominently displayed and appears current,Seating / bench Sufficient seating for the number of people typically waiting Digital information boards with real time arrival information and service alerts,1,1,0,0,0,0,1,0,"Mixed Use - A mix of commercial/residential/office, etc",Yes – advertisements present but passenger information is still clearly visible,,Keep the stop clear from encroachments like roadside stalls and garbage.,1000325322-12_6_36.jpg,https://kf.kobotoolbox.org/api/v2/assets/axZaE8YRFpZYaQWWvuZPyu/data/785298336/attachments/attasyHTukA6WfVWNmFzPYwu/,1000325323-12_6_39.jpg,https://kf.kobotoolbox.org/api/v2/assets/axZaE8YRFpZYaQWWvuZPyu/data/785298336/attachments/att7bJBDjCWmboYmMHZmPZYT/,,,,,785298336,6e9eb872-aa6b-4757-a7ee-fc08d7340e71,2026-06-19T12:08:38+05:30,,,submitted_via_web,vWYt35PLUqbkm8oQynok35,,uuid:6e9eb872-aa6b-4757-a7ee-fc08d7340e71,118,Chennai,Chennai,13.028931,80.224312,device_gps,OK
2026-06-19T12:07:05.788000+05:30,2026-06-19T19:22:06.919000+05:30,2026-06-19T18:59:00+05:30,Jawaharlal Nehru Road Bus Stop,13.046424 80.212213 -62.10000228881836 14.619000434875488,13.046424,80.212213,-62.10000229,14.61900043,,Stainless Steel Bus Shelter, Clean and Well Maintained,"Set back from the road – against a wall, compound, or building edge",1,0,0,,No,Yes,No,,1 - this is a standalone shelter ,At the bus stop – buses pull up to the shelter/marked stop Away from the bus stop – buses stop before or beyond the shelter/marked location,1,1,0,0,One Step Out (30 cm to 1 meter): Passengers have to step down onto the road surface first to board.,Footpath available to reach the bus stop from both directions Ramp for wheelchair users to access the bus stop,1,0,1,0,0,0,0,,"Partially encroached – e.g., vendors, parked two-wheelers, auto-rickshaws, construction material",Unsure,"Safe – well-lit, visible, and active surroundings",Yes – adequate space for passengers,Yes – roof is intact and effective,Yes - from both bus shelter AND trees,Yes – the bus shelter itself has a working light,Yes – clear sightline to see the approaching buses,"Yes - the seating is of the right height, width, and depth to sit comfortably while waiting for the bus",Yes – name is prominently visible and legible,Yes – route list is prominently displayed and appears current,Seating / bench Sufficient seating for the number of people typically waiting Digital information boards with real time arrival information and service alerts,1,1,0,0,0,0,1,0,"Mixed Use - A mix of commercial/residential/office, etc",Yes – advertisements present but passenger information is still clearly visible,1. Pretty decent bus stop out of all those I have surveyed till now. 2. However the platforms are not well maintained hence they pose minor risk for pedestrians and passengers about to get down on the road,Improve the platform,1000325442-19_21_56.jpg,https://kf.kobotoolbox.org/api/v2/assets/axZaE8YRFpZYaQWWvuZPyu/data/785782976/attachments/att4et5STK3YVtxPLbQn9AcE/,,,1000325441-19_22_0.jpg,https://kf.kobotoolbox.org/api/v2/assets/axZaE8YRFpZYaQWWvuZPyu/data/785782976/attachments/attzMMzM7KYNBVvwAv7C5crG/,1000325440-19_22_4.jpg,https://kf.kobotoolbox.org/api/v2/assets/axZaE8YRFpZYaQWWvuZPyu/data/785782976/attachments/attPyGJCgkhZ3REWvYHnqsYn/,785782976,a2a79aad-5d80-423a-9c4f-2144182e652e,2026-06-19T19:22:14+05:30,,,submitted_via_web,vWYt35PLUqbkm8oQynok35,,uuid:a2a79aad-5d80-423a-9c4f-2144182e652e,119,Chennai,Chennai,13.046424,80.212213,device_gps,OK
2026-06-20T08:54:16.531000+05:30,2026-06-20T08:57:57.741000+05:30,2026-06-20T08:54:00+05:30,ADMK Office,13.04798 80.264196 -68.30000305175781 21.80500030517578,13.04798,80.264196,-68.30000305,21.80500031,,Stainless Steel Bus Shelter, Clean and Well Maintained,On the road edge / footpath edge – directly adjacent to traffic,0,1,0,,No,No,Yes,,1 - this is a standalone shelter ,At the bus stop – buses pull up to the shelter/marked stop,1,0,0,0,One Step Out (30 cm to 1 meter): Passengers have to step down onto the road surface first to board.,Footpath available to reach the bus stop from both directions,1,0,0,0,0,0,0,," Yes – fully accessible, no obstructions","Yes – signs of standing water, algae, or drainage issues visible","Safe – well-lit, visible, and active surroundings",Yes – adequate space for passengers,"Yes – but the roof is inadequate (too tall, too small, gaps, or partial coverage)",Yes - from both bus shelter AND trees,"Yes – lit by nearby street lights, shop fronts, or advertisement boards",Yes – clear sightline to see the approaching buses,"Yes - the seating is of the right height, width, and depth to sit comfortably while waiting for the bus",No – name is missing,No information displayed at all,Seating / bench Sufficient seating for the number of people typically waiting Dustbin / waste bin,1,1,1,0,0,0,0,0,"Mostly commercial - Retail shops. restaurants, cafes, markets, etc",Yes – advertisements dominate; passenger information is secondary,,Bus Routes and Name needed.,1000267343-8_57_40.jpg,https://kf.kobotoolbox.org/api/v2/assets/axZaE8YRFpZYaQWWvuZPyu/data/786272575/attachments/attRtyMzKUnvxpriTigqx4bz/,1000267344-8_57_45.jpg,https://kf.kobotoolbox.org/api/v2/assets/axZaE8YRFpZYaQWWvuZPyu/data/786272575/attachments/attYocLxKYetYXoeCZCkhATC/,,,,,786272575,61436551-4ce3-41bc-921e-66cb15ecbf37,2026-06-20T08:58:01+05:30,,,submitted_via_web,vWYt35PLUqbkm8oQynok35,,uuid:61436551-4ce3-41bc-921e-66cb15ecbf37,120,Chennai,Chennai,13.04798,80.264196,device_gps,OK
2026-06-16T19:19:57.734000+05:30,2026-06-20T11:30:44.167000+05:30,2026-06-20T11:28:00+05:30,மில்க் காலனி யுனிவர்சிட்டி,13.161342 80.243799 -65.60000610351562 61.263999938964844,13.161342,80.243799,-65.6000061,61.26399994,,Stainless Steel Bus Shelter,Unclean/Poorly Maintained,On the road edge / footpath edge – directly adjacent to traffic,0,1,0,,No,No,No,,1 - this is a standalone shelter ,Away from the bus stop – buses stop before or beyond the shelter/marked location,0,1,0,0,One Step Out (30 cm to 1 meter): Passengers have to step down onto the road surface first to board.,"Footpath available to reach the bus stop from both directions Footpath is walkable and free of encroachment like parking, vendors, utility boxes, garbage, etc",1,1,0,0,0,0,0,," Yes – fully accessible, no obstructions",No – area appears well-drained,"Somewhat safe – some concerns (e.g., poor visibility, isolated location)", No – overcrowded or high number of people standing on the road,"Yes – but the roof is inadequate (too tall, too small, gaps, or partial coverage)",Yes - from both bus shelter AND trees,"Yes – lit by nearby street lights, shop fronts, or advertisement boards",Yes – clear sightline to see the approaching buses,No - the seating is too small to sit comfortably ,Yes – name is prominently visible and legible,Yes – but information seems outdated or unreliable,Seating / bench,1,0,0,0,0,0,0,0,"Mostly commercial - Retail shops. restaurants, cafes, markets, etc",Yes – advertisements dominate; passenger information is secondary,No,No,17819350667301213368830372145120-11_28_8.jpg,https://kf.kobotoolbox.org/api/v2/assets/axZaE8YRFpZYaQWWvuZPyu/data/786319389/attachments/attr4RwNeRHvprML8cGxSVKs/,,,,,,,786319389,767e7d30-013a-4326-9454-da11ce8c4c70,2026-06-20T11:30:49+05:30,,,submitted_via_web,vWYt35PLUqbkm8oQynok35,,uuid:767e7d30-013a-4326-9454-da11ce8c4c70,121,Chennai,Chennai,13.161342,80.243799,device_gps,OK
2026-06-20T11:30:44.488000+05:30,2026-06-20T11:35:35.870000+05:30,2026-06-20T11:31:00+05:30,மாத்தூர் மூணாவது பிரதமர் சாலை,13.1669 80.249901 -64.80000305175781 22.44300079345703,13.1669,80.249901,-64.80000305,22.44300079,,Stainless Steel Bus Shelter,Unclean/Poorly Maintained,"Set back from the road – against a wall, compound, or building edge",1,0,0,,No,No,No,,1 - this is a standalone shelter ,At the bus stop – buses pull up to the shelter/marked stop Bus stop not clearly marked,1,0,1,0,Perfect / Flush (Less than 30 cm): Passengers can step directly from the footpath onto the bus.,Footpath available to reach the bus stop from both directions,1,0,0,0,0,0,0,," Yes – fully accessible, no obstructions",Unsure,"Somewhat safe – some concerns (e.g., poor visibility, isolated location)",Yes – adequate space for passengers,Yes – roof is intact and effective,Partial – some shade but insufficient,"Yes – lit by nearby street lights, shop fronts, or advertisement boards",Yes – clear sightline to see the approaching buses,"Yes - the seating is of the right height, width, and depth to sit comfortably while waiting for the bus",Yes – name is prominently visible and legible,Yes – route list is prominently displayed and appears current,Seating / bench Dustbin / waste bin,1,0,1,0,0,0,0,0,"Mostly commercial - Retail shops. restaurants, cafes, markets, etc",Yes – advertisements dominate; passenger information is secondary,No,No,17819352807947885174415462340983-11_31_28.jpg,https://kf.kobotoolbox.org/api/v2/assets/axZaE8YRFpZYaQWWvuZPyu/data/786321700/attachments/att62ruY3QsCquFRPsHEVtRZ/,,,,,,,786321700,bc378cf8-5248-45ea-9fba-9f9a58631676,2026-06-20T11:35:40+05:30,,,submitted_via_web,vWYt35PLUqbkm8oQynok35,,uuid:bc378cf8-5248-45ea-9fba-9f9a58631676,122,Chennai,Chennai,13.1669,80.249901,device_gps,OK
2026-06-20T11:35:36.097000+05:30,2026-06-20T11:47:36.433000+05:30,2026-06-20T11:36:00+05:30,மணலி,13.168894 80.257929 -65.9000015258789 23.167999267578125,13.168894,80.257929,-65.90000153,23.16799927,,Stainless Steel Bus Shelter,Unclean/Poorly Maintained,"Set back from the road – against a wall, compound, or building edge",1,0,0,,No,No,No,,1 - this is a standalone shelter ,At the bus stop – buses pull up to the shelter/marked stop Away from the bus stop – buses stop before or beyond the shelter/marked location,1,1,0,0,One Step Out (30 cm to 1 meter): Passengers have to step down onto the road surface first to board.,"Footpath is walkable and free of encroachment like parking, vendors, utility boxes, garbage, etc",0,1,0,0,0,0,0,," Yes – fully accessible, no obstructions",Unsure,"Unsafe – poorly lit, isolated, or has a history of feeling threatening",Yes – adequate space for passengers,"Yes – but the roof is inadequate (too tall, too small, gaps, or partial coverage)",Partial – some shade but insufficient,Partially – some light but insufficient,"No – sightline is blocked (by structure, advertisement boards, trees, or parked vehicles)",No - the seating is too small to sit comfortably ,Yes – name is prominently visible and legible,Yes – route list is prominently displayed and appears current,Seating / bench,1,0,0,0,0,0,0,0,"Mostly commercial - Retail shops. restaurants, cafes, markets, etc",No advertisements,No,No,17819361845484251415344055650446-11_46_46.jpg,https://kf.kobotoolbox.org/api/v2/assets/axZaE8YRFpZYaQWWvuZPyu/data/786326974/attachments/att9Xs8Wc5oeAL5jRBP2Km4o/,17819361609957844923621459025969-11_46_10.jpg,https://kf.kobotoolbox.org/api/v2/assets/axZaE8YRFpZYaQWWvuZPyu/data/786326974/attachments/attx9JActYTPyAatVhCB9Uxx/,,,,,786326974,3e088370-df31-4ba6-b439-89d1d719fcc1,2026-06-20T11:47:40+05:30,,,submitted_via_web,vWYt35PLUqbkm8oQynok35,,uuid:3e088370-df31-4ba6-b439-89d1d719fcc1,123,Chennai,Chennai,13.168894,80.257929,device_gps,OK
2026-06-20T12:05:58.320000+05:30,2026-06-20T12:22:41.797000+05:30,2026-06-20T12:13:00+05:30,மாத்தூர்,13.166883 80.245259 -64.4000015258789 19.091999053955078,13.166883,80.245259,-64.40000153,19.09199905,,Stainless Steel Bus Shelter,Satisfactory – minor wear/dusty but usable,"Set back from the road – against a wall, compound, or building edge",1,0,0,,No,No,No,,2,Away from the bus stop – buses stop before or beyond the shelter/marked location Bus stop not clearly marked,0,1,1,0,One Step Out (30 cm to 1 meter): Passengers have to step down onto the road surface first to board.,Pedestrian crossing at/close to the bus stop to cross the road?,0,0,0,0,0,1,0,," Yes – fully accessible, no obstructions","Yes – signs of standing water, algae, or drainage issues visible","Unsafe – poorly lit, isolated, or has a history of feeling threatening",Yes – adequate space for passengers,Yes – roof is intact and effective,Yes – sufficient shade from the bus shelter,"Yes – lit by nearby street lights, shop fronts, or advertisement boards","No – sightline is blocked (by structure, advertisement boards, trees, or parked vehicles)",No - the seating is too small to sit comfortably ,Yes – name is prominently visible and legible,No information displayed at all,Seating / bench Dustbin / waste bin Digital information boards with real time arrival information and service alerts,1,0,1,0,0,0,1,0,"Mostly commercial - Retail shops. restaurants, cafes, markets, etc",No advertisements,No,No,17819382820928462565941763527548-12_21_28.jpg,https://kf.kobotoolbox.org/api/v2/assets/axZaE8YRFpZYaQWWvuZPyu/data/786344050/attachments/att5hhjbBgbJ5RkAHhWPF9vp/,17819382639761725631590537375655-12_21_17.jpg,https://kf.kobotoolbox.org/api/v2/assets/axZaE8YRFpZYaQWWvuZPyu/data/786344050/attachments/attVQSjbeynsN3URcKGwWxr2/,,,,,786344050,ca781faa-a97d-4dc6-896b-ceec6bcd8db9,2026-06-20T12:22:47+05:30,,,submitted_via_web,vWYt35PLUqbkm8oQynok35,,uuid:ca781faa-a97d-4dc6-896b-ceec6bcd8db9,124,Chennai,Chennai,13.166883,80.245259,device_gps,OK
2026-06-20T12:22:42.143000+05:30,2026-06-20T12:34:17.939000+05:30,2026-06-20T12:27:00+05:30,மாத்தூர்,13.16699 80.245677 -64.20000457763672 26.75200080871582,13.16699,80.245677,-64.20000458,26.75200081,,Stainless Steel Bus Shelter,Satisfactory – minor wear/dusty but usable,"Set back from the road – against a wall, compound, or building edge",1,0,0,,No,No,No,,2,Away from the bus stop – buses stop before or beyond the shelter/marked location Bus stop not clearly marked,0,1,1,0,One Step Out (30 cm to 1 meter): Passengers have to step down onto the road surface first to board.,"Footpath is walkable and free of encroachment like parking, vendors, utility boxes, garbage, etc",0,1,0,0,0,0,0,,"Partially encroached – e.g., vendors, parked two-wheelers, auto-rickshaws, construction material",No – area appears well-drained,"Unsafe – poorly lit, isolated, or has a history of feeling threatening", No – overcrowded or high number of people standing on the road,Yes – roof is intact and effective,Yes - from both bus shelter AND trees,Partially – some light but insufficient,"No – sightline is blocked (by structure, advertisement boards, trees, or parked vehicles)",No - the seating is too small to sit comfortably ,No – name is missing,No information displayed at all,Seating / bench Dustbin / waste bin,1,0,1,0,0,0,0,0,"Mostly commercial - Retail shops. restaurants, cafes, markets, etc",Yes – advertisements present but passenger information is still clearly visible,No,No,17819390123895906341586112944407-12_33_40.jpg,https://kf.kobotoolbox.org/api/v2/assets/axZaE8YRFpZYaQWWvuZPyu/data/786351500/attachments/attcnrNzpUPnXbddV4dPEmqp/,17819389935946920546207876842267-12_33_24.jpg,https://kf.kobotoolbox.org/api/v2/assets/axZaE8YRFpZYaQWWvuZPyu/data/786351500/attachments/attVvRbCeK6o8uBSCvnfMfC7/,,,,,786351500,36f2f613-a9d3-459a-a8f5-3c0736377ef0,2026-06-20T12:34:22+05:30,,,submitted_via_web,vWYt35PLUqbkm8oQynok35,,uuid:36f2f613-a9d3-459a-a8f5-3c0736377ef0,125,Chennai,Chennai,13.16699,80.245677,device_gps,OK
2026-06-20T12:34:18.225000+05:30,2026-06-20T13:12:31.124000+05:30,2026-06-20T13:11:00+05:30,அருள் நகர்,13.145435 80.239825 -65.10000610351562 26.641000747680664,13.145435,80.239825,-65.1000061,26.64100075,,Stainless Steel Bus Shelter,Satisfactory – minor wear/dusty but usable,"Set back from the road – against a wall, compound, or building edge",1,0,0,,No,No,No,,1 - this is a standalone shelter ,Bus stop not clearly marked,0,0,1,0,One Step Out (30 cm to 1 meter): Passengers have to step down onto the road surface first to board.,"Footpath is walkable and free of encroachment like parking, vendors, utility boxes, garbage, etc",0,1,0,0,0,0,0,," Yes – fully accessible, no obstructions",No – area appears well-drained,"Somewhat safe – some concerns (e.g., poor visibility, isolated location)", No – overcrowded or high number of people standing on the road,"Yes – but the roof is inadequate (too tall, too small, gaps, or partial coverage)",Yes - sufficient shade from surrounding trees,"Yes – lit by nearby street lights, shop fronts, or advertisement boards",Yes – clear sightline to see the approaching buses,No - the seating is too small to sit comfortably ,Yes – name is prominently visible and legible,Yes – but information seems outdated or unreliable,Seating / bench Digital information boards with real time arrival information and service alerts,1,0,0,0,0,0,1,0,"Mostly commercial - Retail shops. restaurants, cafes, markets, etc",Yes – advertisements dominate; passenger information is secondary,No,No,17819410881765553181170370491685-13_8_18.jpg,https://kf.kobotoolbox.org/api/v2/assets/axZaE8YRFpZYaQWWvuZPyu/data/786374896/attachments/attfmq6Aak2Dy9m9SQbxHxC8/,,,,,,,786374896,5eb595a0-0b96-43cb-841b-20b1eb67b29f,2026-06-20T13:12:36+05:30,,,submitted_via_web,vWYt35PLUqbkm8oQynok35,,uuid:5eb595a0-0b96-43cb-841b-20b1eb67b29f,126,Chennai,Chennai,13.145435,80.239825,device_gps,OK
2026-06-20T13:12:31.463000+05:30,2026-06-20T13:32:19.502000+05:30,2026-06-20T13:30:00+05:30,முராரி மருத்துவமனை,13.138663 80.237516 -58.900001525878906 15.842000007629395,13.138663,80.237516,-58.90000153,15.84200001,,Stainless Steel Bus Shelter,Satisfactory – minor wear/dusty but usable,"Set back from the road – against a wall, compound, or building edge",1,0,0,,No,No,No,,2,At the bus stop – buses pull up to the shelter/marked stop Unsure / not observed,1,0,0,1,One Step Out (30 cm to 1 meter): Passengers have to step down onto the road surface first to board.,Pedestrian crossing at/close to the bus stop to cross the road?,0,0,0,0,0,1,0,," Yes – fully accessible, no obstructions",No – area appears well-drained,"Somewhat safe – some concerns (e.g., poor visibility, isolated location)",Yes – adequate space for passengers,Yes – roof is intact and effective,Partial – some shade but insufficient,Yes – the bus shelter itself has a working light,Yes – clear sightline to see the approaching buses,No - the seating is too small to sit comfortably ,Yes – name is prominently visible and legible,Yes – route list is prominently displayed and appears current,Seating / bench Dustbin / waste bin,1,0,1,0,0,0,0,0,"Mostly commercial - Retail shops. restaurants, cafes, markets, etc",No advertisements,No,No,17819420435952196470983938179149-13_24_15.jpg,https://kf.kobotoolbox.org/api/v2/assets/axZaE8YRFpZYaQWWvuZPyu/data/786386858/attachments/attinNruvtnf5FBAy4Svahde/,,,,,,,786386858,738216ba-3a1b-423c-a095-b06d93866926,2026-06-20T13:32:23+05:30,,,submitted_via_web,vWYt35PLUqbkm8oQynok35,,uuid:738216ba-3a1b-423c-a095-b06d93866926,127,Chennai,Chennai,13.138663,80.237516,device_gps,OK
2026-06-20T13:32:19.878000+05:30,2026-06-20T13:38:37.153000+05:30,2026-06-20T13:38:00+05:30,முராரி மருத்துவமனை,13.137807 80.237955 -62.600006103515625 39.599998474121094,13.137807,80.237955,-62.6000061,39.59999847,,Stainless Steel Bus Shelter, Clean and Well Maintained,On the road edge / footpath edge – directly adjacent to traffic,0,1,0,,Yes,Yes,Yes,No - It's very unhygienic or feels unsafe to use,3,Bus stop not clearly marked,0,0,1,0,One Step Out (30 cm to 1 meter): Passengers have to step down onto the road surface first to board.,Pedestrian crossing at/close to the bus stop to cross the road?,0,0,0,0,0,1,0,,"Partially encroached – e.g., vendors, parked two-wheelers, auto-rickshaws, construction material",No – area appears well-drained,"Unsafe – poorly lit, isolated, or has a history of feeling threatening",Yes – adequate space for passengers,Yes – roof is intact and effective,Partial – some shade but insufficient,"Yes – lit by nearby street lights, shop fronts, or advertisement boards","No – sightline is blocked (by structure, advertisement boards, trees, or parked vehicles)",No - the seating is too small to sit comfortably ,Yes – name is prominently visible and legible,Yes – but information seems outdated or unreliable,Seating / bench Dustbin / waste bin,1,0,1,0,0,0,0,0,"Mostly commercial - Retail shops. restaurants, cafes, markets, etc",Yes – advertisements dominate; passenger information is secondary,No,No,1781942734134520041055877056983-13_35_52.jpg,https://kf.kobotoolbox.org/api/v2/assets/axZaE8YRFpZYaQWWvuZPyu/data/786390366/attachments/att5pRVCgBqxi7Zi7Yf96fWL/,17819427576746213236188957099203-13_36_14.jpg,https://kf.kobotoolbox.org/api/v2/assets/axZaE8YRFpZYaQWWvuZPyu/data/786390366/attachments/attB5BM9ujiBUEcFDVyruwu4/,,,,,786390366,dd1bf3aa-1f42-4b39-bbaa-6961c07db6c2,2026-06-20T13:38:42+05:30,,,submitted_via_web,vWYt35PLUqbkm8oQynok35,,uuid:dd1bf3aa-1f42-4b39-bbaa-6961c07db6c2,128,Chennai,Chennai,13.137807,80.237955,device_gps,OK
2026-06-20T13:38:37.516000+05:30,2026-06-20T13:44:04.942000+05:30,2026-06-20T13:43:00+05:30,டால்கோ,13.135147 80.238469 -64.80000305175781 24.72100067138672,13.135147,80.238469,-64.80000305,24.72100067,,Stainless Steel Bus Shelter,Satisfactory – minor wear/dusty but usable,"Set back from the road – against a wall, compound, or building edge",1,0,0,,No,No,No,,1 - this is a standalone shelter ,Bus stop not clearly marked,0,0,1,0,Perfect / Flush (Less than 30 cm): Passengers can step directly from the footpath onto the bus.,None of the above,0,0,0,0,0,0,1,," Yes – fully accessible, no obstructions",No – area appears well-drained,"Unsafe – poorly lit, isolated, or has a history of feeling threatening",Yes – adequate space for passengers,"Yes – but the roof is inadequate (too tall, too small, gaps, or partial coverage)",Partial – some shade but insufficient,Partially – some light but insufficient,Yes – clear sightline to see the approaching buses,No - the seating is too small to sit comfortably ,Yes – name is prominently visible and legible,No information displayed at all,Seating / bench Dustbin / waste bin,1,0,1,0,0,0,0,0,"Mostly commercial - Retail shops. restaurants, cafes, markets, etc",No advertisements,No,No,1781942998986466995732534168164-13_40_6.jpg,https://kf.kobotoolbox.org/api/v2/assets/axZaE8YRFpZYaQWWvuZPyu/data/786393905/attachments/attyMzCmvuS5jaKUzthZPewZ/,,,,,,,786393905,47cc8085-8a81-4b5b-9536-fbf7e0d82a81,2026-06-20T13:44:10+05:30,,,submitted_via_web,vWYt35PLUqbkm8oQynok35,,uuid:47cc8085-8a81-4b5b-9536-fbf7e0d82a81,129,Chennai,Chennai,13.135147,80.238469,device_gps,OK
2026-06-11T10:12:12.789000+05:30,2026-06-20T19:06:00.169000+05:30,2026-06-20T19:01:00+05:30,K P Oil mill,12.928384 80.202152 -68.60000610351562 5.513999938964844,12.928384,80.202152,-68.6000061,5.513999939,,Stainless Steel Bus Shelter, Clean and Well Maintained,On the road edge / footpath edge – directly adjacent to traffic,0,1,0,,Yes,Yes,Yes,Yes - It's free of obstructions and feels safe to use,1 - this is a standalone shelter ,At the bus stop – buses pull up to the shelter/marked stop,1,0,0,0,One Step Out (30 cm to 1 meter): Passengers have to step down onto the road surface first to board.,"Footpath available to reach the bus stop from both directions Footpath is walkable and free of encroachment like parking, vendors, utility boxes, garbage, etc Ramp for wheelchair users to access the bus stop",1,1,1,0,0,0,0,," Yes – fully accessible, no obstructions",No – area appears well-drained,"Safe – well-lit, visible, and active surroundings",Yes – adequate space for passengers,Yes – roof is intact and effective,Yes – sufficient shade from the bus shelter,Yes – the bus shelter itself has a working light,Yes – clear sightline to see the approaching buses,"Yes - the seating is of the right height, width, and depth to sit comfortably while waiting for the bus",Yes – name is prominently visible and legible,Yes – route list is prominently displayed and appears current,Seating / bench Sufficient seating for the number of people typically waiting Dustbin / waste bin,1,1,1,0,0,0,0,0,"Mostly commercial - Retail shops. restaurants, cafes, markets, etc",Yes – advertisements present but passenger information is still clearly visible,Electronic display,Drinking water provision,1000499288-19_5_37.jpg,https://kf.kobotoolbox.org/api/v2/assets/axZaE8YRFpZYaQWWvuZPyu/data/786669196/attachments/attxisxYcci26m7jSfmqM5bD/,1000499287-19_5_54.jpg,https://kf.kobotoolbox.org/api/v2/assets/axZaE8YRFpZYaQWWvuZPyu/data/786669196/attachments/attu9d8fyAidmiBNSodF3Sw2/,1000499289-19_5_49.jpg,https://kf.kobotoolbox.org/api/v2/assets/axZaE8YRFpZYaQWWvuZPyu/data/786669196/attachments/attghVjgCeFHB4DMDqyjXFPP/,,,786669196,a0659363-af24-4ab5-9385-476f4d33b5bc,2026-06-20T19:06:03+05:30,,,submitted_via_web,vWYt35PLUqbkm8oQynok35,,uuid:a0659363-af24-4ab5-9385-476f4d33b5bc,130,Chennai,Chennai,12.928384,80.202152,device_gps,OK
2026-06-20T19:18:41.462000+05:30,2026-06-20T20:17:39.053000+05:30,2026-06-20T19:18:00+05:30,Adayar Bsnl depo bus stop,13.001315 80.256674 11.398530883789064 56.78896904911342,13.001315,80.256674,11.39853088,56.78896905,,Stainless Steel Bus Shelter,Satisfactory – minor wear/dusty but usable,"Set back from the road – against a wall, compound, or building edge",1,0,0,,No,Yes,Yes,,3,At the bus stop – buses pull up to the shelter/marked stop,1,0,0,0,Perfect / Flush (Less than 30 cm): Passengers can step directly from the footpath onto the bus.,Ramp for wheelchair users to access the bus stop,0,0,1,0,0,0,0,,"Partially encroached – e.g., vendors, parked two-wheelers, auto-rickshaws, construction material",Unsure,"Safe – well-lit, visible, and active surroundings",Yes – adequate space for passengers,Yes – roof is intact and effective,Yes – sufficient shade from the bus shelter,"Yes – lit by nearby street lights, shop fronts, or advertisement boards",Yes – clear sightline to see the approaching buses,"Yes - the seating is of the right height, width, and depth to sit comfortably while waiting for the bus",Yes – name is prominently visible and legible,Yes – but information seems outdated or unreliable,Sufficient seating for the number of people typically waiting,0,1,0,0,0,0,0,0,"Mixed Use - A mix of commercial/residential/office, etc",Yes – advertisements present but passenger information is still clearly visible,There is no way to reach the stop safely and most ppl couldn't understand the routes because of one way change,Bus routes digitised & maintenance,image-19_21_4.jpg,https://kf.kobotoolbox.org/api/v2/assets/axZaE8YRFpZYaQWWvuZPyu/data/786726113/attachments/attAJdivuQQtonEpKPcnwDMu/,image-19_21_22.jpg,https://kf.kobotoolbox.org/api/v2/assets/axZaE8YRFpZYaQWWvuZPyu/data/786726113/attachments/attnuCrMMmk8EQMmyP4QGUiD/,image-19_21_48.jpg,https://kf.kobotoolbox.org/api/v2/assets/axZaE8YRFpZYaQWWvuZPyu/data/786726113/attachments/attk5uAzDDL4c5PswWuRxNpy/,,,786726113,d585523f-c61e-4082-8388-c9dc1863f5ae,2026-06-20T20:17:43+05:30,,,submitted_via_web,vWYt35PLUqbkm8oQynok35,,uuid:d585523f-c61e-4082-8388-c9dc1863f5ae,131,Chennai,Chennai,13.001315,80.256674,device_gps,OK
2026-06-20T20:17:39.093000+05:30,2026-06-20T21:12:00.654000+05:30,2026-06-20T21:03:00+05:30,Shastri Nagar bus stop,12.996753 80.257493 11.675522189606937 16.205245851856695,12.996753,80.257493,11.67552219,16.20524585,,Stainless Steel Bus Shelter,Satisfactory – minor wear/dusty but usable,"Set back from the road – against a wall, compound, or building edge",1,0,0,,Yes,Yes,Yes,Yes - It's free of obstructions and feels safe to use,1 - this is a standalone shelter ,At the bus stop – buses pull up to the shelter/marked stop,1,0,0,0,Perfect / Flush (Less than 30 cm): Passengers can step directly from the footpath onto the bus.,"Footpath is walkable and free of encroachment like parking, vendors, utility boxes, garbage, etc Ramp is in usable condition (not too steep, not broken, nor blocked)",0,1,0,1,0,0,0,," Yes – fully accessible, no obstructions",No – area appears well-drained,"Safe – well-lit, visible, and active surroundings",Yes – adequate space for passengers,Yes – roof is intact and effective,Yes – sufficient shade from the bus shelter,Yes – the bus shelter itself has a working light,Yes – clear sightline to see the approaching buses,"Yes - the seating is of the right height, width, and depth to sit comfortably while waiting for the bus",Yes – name is prominently visible and legible,Yes – route list is prominently displayed and appears current,Sufficient seating for the number of people typically waiting Dustbin / waste bin Digital information boards with real time arrival information and service alerts,0,1,1,0,0,0,1,0,"Mixed Use - A mix of commercial/residential/office, etc",Yes – advertisements present but passenger information is still clearly visible,,,image-21_4_25.jpg,https://kf.kobotoolbox.org/api/v2/assets/axZaE8YRFpZYaQWWvuZPyu/data/786764632/attachments/attehmMb5pViXhtAA4uf4dEz/,image-21_4_34.jpg,https://kf.kobotoolbox.org/api/v2/assets/axZaE8YRFpZYaQWWvuZPyu/data/786764632/attachments/attrc7GryXYc47XKYJL55JYr/,image-21_5_0.jpg,https://kf.kobotoolbox.org/api/v2/assets/axZaE8YRFpZYaQWWvuZPyu/data/786764632/attachments/attaTzMTidJVVz9sF4Nxyt7x/,,,786764632,05b8c31f-62f3-4255-8627-a22f417114ba,2026-06-20T21:12:04+05:30,,,submitted_via_web,vWYt35PLUqbkm8oQynok35,,uuid:05b8c31f-62f3-4255-8627-a22f417114ba,132,Chennai,Chennai,12.996753,80.257493,device_gps,OK
2026-06-21T16:28:50.396000+05:30,2026-06-21T16:36:10.154000+05:30,2026-06-21T16:29:00+05:30,Ottiyambakkam Main Road towards Medavakkam,12.878626 80.192779 12.933587765098991 39.872543541879764,12.878626,80.192779,12.93358777,39.87254354,,Stainless Steel Bus Shelter,Unclean/Poorly Maintained,"Set back from the road – against a wall, compound, or building edge",1,0,0,,Yes,Yes,Yes,Yes - It's free of obstructions and feels safe to use,1 - this is a standalone shelter ,At the bus stop – buses pull up to the shelter/marked stop,1,0,0,0,Unsure / not observed,Footpath available to reach the bus stop from both directions,1,0,0,0,0,0,0,," Yes – fully accessible, no obstructions",No – area appears well-drained,Unable to assess (audit done only in daytime),Unsure,No – The roof is too damaged or broken to provide shelter,Partial – some shade but insufficient,Unsure / Not observed,"No – sightline is blocked (by structure, advertisement boards, trees, or parked vehicles)",No - the seating is too high ,No – name is missing,No information displayed at all,Seating / bench,1,0,0,0,0,0,0,0,"Mostly Residential - Housing, Apartments, etc",No advertisements,,Name board with bus details to be available. Additional seating facility can be good to have.,IMG_0610-16_35_50.jpeg,https://kf.kobotoolbox.org/api/v2/assets/axZaE8YRFpZYaQWWvuZPyu/data/787211504/attachments/attp6pWP3ZEyv5CS42vwKzPs/,image-16_36_2.jpg,https://kf.kobotoolbox.org/api/v2/assets/axZaE8YRFpZYaQWWvuZPyu/data/787211504/attachments/attAxXJhtbx2Fpb3r9xdkgCG/,,,,,787211504,9661e105-7cf7-4488-9a23-ef8414e25849,2026-06-21T16:36:13+05:30,,,submitted_via_web,vWYt35PLUqbkm8oQynok35,,uuid:9661e105-7cf7-4488-9a23-ef8414e25849,133,Chennai,Chennai,12.878626,80.192779,device_gps,OK
2026-06-21T16:36:10.180000+05:30,2026-06-21T16:46:33.365000+05:30,2026-06-21T16:38:00+05:30,Ottiyambakkam towards medavakkam,12.881656 80.192521 13.544488649490916 19.93916846456115,12.881656,80.192521,13.54448865,19.93916846,,Stainless Steel Bus Shelter, Clean and Well Maintained,"Set back from the road – against a wall, compound, or building edge On the road edge / footpath edge – directly adjacent to traffic",1,1,0,,No,Yes,No,,1 - this is a standalone shelter ,At the bus stop – buses pull up to the shelter/marked stop,1,0,0,0,One Step Out (30 cm to 1 meter): Passengers have to step down onto the road surface first to board.,None of the above,0,0,0,0,0,0,1,," Yes – fully accessible, no obstructions",No – area appears well-drained,Unable to assess (audit done only in daytime),Unsure,"Yes – but the roof is inadequate (too tall, too small, gaps, or partial coverage)",Partial – some shade but insufficient,Unsure / Not observed,Yes – clear sightline to see the approaching buses,"Yes - the seating is of the right height, width, and depth to sit comfortably while waiting for the bus",No – name is missing,No information displayed at all,Seating / bench Drinking water (tap or dispenser),1,0,0,1,0,0,0,0,"Mostly commercial - Retail shops. restaurants, cafes, markets, etc",No advertisements,Looks to be primary stop and would require some additional shelter. Shade also required during day,,IMG_0611-16_46_21.jpeg,https://kf.kobotoolbox.org/api/v2/assets/axZaE8YRFpZYaQWWvuZPyu/data/787218388/attachments/attpNxrWBfLaDX3XMdNsj3FD/,IMG_0612-16_46_28.jpeg,https://kf.kobotoolbox.org/api/v2/assets/axZaE8YRFpZYaQWWvuZPyu/data/787218388/attachments/attCuT3YSqcnf7ZRDxMyK62m/,,,,,787218388,b3417b59-6091-4f09-94e0-7dc0f5270ccb,2026-06-21T16:46:38+05:30,,,submitted_via_web,vWYt35PLUqbkm8oQynok35,,uuid:b3417b59-6091-4f09-94e0-7dc0f5270ccb,134,Chennai,Chennai,12.881656,80.192521,device_gps,OK
2026-06-20T19:06:00.296000+05:30,2026-06-21T16:53:44.146000+05:30,2026-06-21T16:51:00+05:30,T17 Perumbakkam,12.907696 80.198743 -71 15.359999656677246,12.907696,80.198743,-71,15.35999966,,No Shelter and No Signboard,,"Set back from the road – against a wall, compound, or building edge",1,0,0,,No,No,No,,,Away from the bus stop – buses stop before or beyond the shelter/marked location,0,1,0,0,One Step Out (30 cm to 1 meter): Passengers have to step down onto the road surface first to board.,None of the above,0,0,0,0,0,0,1,," Yes – fully accessible, no obstructions",No – area appears well-drained,"Unsafe – poorly lit, isolated, or has a history of feeling threatening",,,No – exposed to full sun,No – inadequate or no lighting at all,,,,,None of the Above,0,0,0,0,0,0,0,1,"Mostly commercial - Retail shops. restaurants, cafes, markets, etc",,No sign or no shelter,,1000500141-16_53_36.jpg,https://kf.kobotoolbox.org/api/v2/assets/axZaE8YRFpZYaQWWvuZPyu/data/787222478/attachments/attizJdxyy9sVYYoyyfJyGjQ/,1000500142-16_53_40.jpg,https://kf.kobotoolbox.org/api/v2/assets/axZaE8YRFpZYaQWWvuZPyu/data/787222478/attachments/attnwdPBtMvyJTuZDpf4ZMkc/,,,,,787222478,f1b9e4e3-4722-4742-8202-aa1ce497911f,2026-06-21T16:53:48+05:30,,,submitted_via_web,vWYt35PLUqbkm8oQynok35,,uuid:f1b9e4e3-4722-4742-8202-aa1ce497911f,135,Chennai,Chennai,12.907696,80.198743,device_gps,OK
2026-06-21T16:46:33.389000+05:30,2026-06-21T17:00:06.616000+05:30,2026-06-21T16:56:00+05:30,Plaza Quarters Nookampalayam Main Road towards Perumbakkam Church,12.895862 80.197988 7.358581523410976 4.748651530191761,12.895862,80.197988,7.358581523,4.74865153,,No Shelter and No Signboard,,On the road edge / footpath edge – directly adjacent to traffic,0,1,0,,No,No,No,,,Bus stop not clearly marked,0,0,1,0,No footpath available,None of the above,0,0,0,0,0,0,1,," Yes – fully accessible, no obstructions",No – area appears well-drained,"Unsafe – poorly lit, isolated, or has a history of feeling threatening",,,No – exposed to full sun,No – inadequate or no lighting at all,,,,,None of the Above,0,0,0,0,0,0,0,1,"Mostly Residential - Housing, Apartments, etc",,Just because buses stop here it can be called as bus stop otherwise nothing is available here,Basic bus stop is the first improvement needed,IMG_0614-16_59_51.jpeg,https://kf.kobotoolbox.org/api/v2/assets/axZaE8YRFpZYaQWWvuZPyu/data/787226505/attachments/attvqXrndZcx6CWB6u4dEAPi/,,,,,,,787226505,bc61e79d-c6ca-4e1d-8936-0c57fa041f94,2026-06-21T17:00:24+05:30,,,submitted_via_web,vWYt35PLUqbkm8oQynok35,,uuid:bc61e79d-c6ca-4e1d-8936-0c57fa041f94,136,Chennai,Chennai,12.895862,80.197988,device_gps,OK
2026-06-21T16:53:44.383000+05:30,2026-06-21T17:00:40.178000+05:30,2026-06-21T16:58:00+05:30,Perumbakkam no name,12.91131 80.196069 -66 12.868000030517578,12.91131,80.196069,-66,12.86800003,,No Shelter and No Signboard,,On the road edge / footpath edge – directly adjacent to traffic,0,1,0,,No,No,No,,,Bus stop not clearly marked,0,0,1,0,One Step Out (30 cm to 1 meter): Passengers have to step down onto the road surface first to board.,None of the above,0,0,0,0,0,0,1,,Heavily encroached – the stop is largely unusable because of obstructions,No – area appears well-drained,"Unsafe – poorly lit, isolated, or has a history of feeling threatening",,,No – exposed to full sun,No – inadequate or no lighting at all,,,,,None of the Above,0,0,0,0,0,0,0,1,"Mostly commercial - Retail shops. restaurants, cafes, markets, etc",,No sign or shelter,"Shelter, signs",1000500149-17_0_28.jpg,https://kf.kobotoolbox.org/api/v2/assets/axZaE8YRFpZYaQWWvuZPyu/data/787227155/attachments/atti6rEphKuHm3Hg2JatBFrd/,1000500144-17_0_34.jpg,https://kf.kobotoolbox.org/api/v2/assets/axZaE8YRFpZYaQWWvuZPyu/data/787227155/attachments/atthXTVpXpX557TBpRwPH2tN/,1000500143-17_0_37.jpg,https://kf.kobotoolbox.org/api/v2/assets/axZaE8YRFpZYaQWWvuZPyu/data/787227155/attachments/attgUCfuiLHCypUEvbd5qu3q/,,,787227155,66e2b187-b41f-402d-b777-440f713e5eb3,2026-06-21T17:01:26+05:30,,,submitted_via_web,vWYt35PLUqbkm8oQynok35,,uuid:66e2b187-b41f-402d-b777-440f713e5eb3,137,Chennai,Chennai,12.91131,80.196069,device_gps,OK
2026-06-21T17:00:40.369000+05:30,2026-06-21T17:05:33.767000+05:30,2026-06-21T17:03:00+05:30,Perumbakkam no name,12.910661 80.196389 -67.4000015258789 20.45400047302246,12.910661,80.196389,-67.40000153,20.45400047,,Other,Satisfactory – minor wear/dusty but usable,"Set back from the road – against a wall, compound, or building edge",1,0,0,,No,No,No,,1 - this is a standalone shelter ,At the bus stop – buses pull up to the shelter/marked stop Away from the bus stop – buses stop before or beyond the shelter/marked location,1,1,0,0,One Step Out (30 cm to 1 meter): Passengers have to step down onto the road surface first to board.,Footpath available to reach the bus stop from both directions,1,0,0,0,0,0,0,,"Partially encroached – e.g., vendors, parked two-wheelers, auto-rickshaws, construction material",Unsure,"Unsafe – poorly lit, isolated, or has a history of feeling threatening",Yes – adequate space for passengers,"Yes – but the roof is inadequate (too tall, too small, gaps, or partial coverage)",Partial – some shade but insufficient,No – inadequate or no lighting at all,Yes – clear sightline to see the approaching buses,No seating available,No – name is missing,No information displayed at all,None of the Above,0,0,0,0,0,0,0,1,"Mostly commercial - Retail shops. restaurants, cafes, markets, etc",Yes – advertisements dominate; passenger information is secondary,No signs and information,,1000500155-17_5_27.jpg,https://kf.kobotoolbox.org/api/v2/assets/axZaE8YRFpZYaQWWvuZPyu/data/787229604/attachments/attgsH7hAqvFXyRxY7wMAShG/,1000500154-17_5_30.jpg,https://kf.kobotoolbox.org/api/v2/assets/axZaE8YRFpZYaQWWvuZPyu/data/787229604/attachments/attLYYbQDni55qNwAndMuK8w/,,,,,787229604,4e7030fb-1f06-4006-ac8e-8e946986e3b8,2026-06-21T17:05:52+05:30,,,submitted_via_web,vWYt35PLUqbkm8oQynok35,,uuid:4e7030fb-1f06-4006-ac8e-8e946986e3b8,138,Chennai,Chennai,12.910661,80.196389,device_gps,OK
2026-06-21T17:05:33.910000+05:30,2026-06-21T17:12:32.918000+05:30,2026-06-21T17:09:00+05:30,T17 Perumbakkam police station,12.907801 80.198831 -71.10000610351562 23.086999893188477,12.907801,80.198831,-71.1000061,23.08699989,,Other Metal Bus Shelter (Other than Stainless Steel),Unclean/Poorly Maintained,The road/footpath is too narrow ,0,0,1,,No,No,No,,1 - this is a standalone shelter ,Away from the bus stop – buses stop before or beyond the shelter/marked location,0,1,0,0,"Way Out in the Road (More than 1 meter): The bus stops far from the footpath, blocking a lane of traffic, forcing people to walk across active traffic to board the bus",None of the above,0,0,0,0,0,0,1,," Yes – fully accessible, no obstructions",Unsure,"Unsafe – poorly lit, isolated, or has a history of feeling threatening", No – overcrowded or high number of people standing on the road,"Yes – but the roof is inadequate (too tall, too small, gaps, or partial coverage)",Partial – some shade but insufficient,No – inadequate or no lighting at all,Yes – clear sightline to see the approaching buses,No - the seating is too small to sit comfortably ,No – name is missing,No information displayed at all,None of the Above,0,0,0,0,0,0,0,1,"Mostly Institutional - Schools, Hospitals, Govt. Offices, etc",Yes – advertisements dominate; passenger information is secondary,Bus parks way far,Complete revamp,1000500158-17_11_59.jpg,https://kf.kobotoolbox.org/api/v2/assets/axZaE8YRFpZYaQWWvuZPyu/data/787233313/attachments/attHoH2dPSeKPFFawLSHhy7h/,1000500157-17_12_4.jpg,https://kf.kobotoolbox.org/api/v2/assets/axZaE8YRFpZYaQWWvuZPyu/data/787233313/attachments/attqnBrrjUMNeua3Ro8mfdTg/,1000500156-17_12_8.jpg,https://kf.kobotoolbox.org/api/v2/assets/axZaE8YRFpZYaQWWvuZPyu/data/787233313/attachments/attZa4jkgeoarhou3w2tqhLx/,1000500163-17_12_30.jpg,https://kf.kobotoolbox.org/api/v2/assets/axZaE8YRFpZYaQWWvuZPyu/data/787233313/attachments/attD6Z9TXx8EUCQJMSwVffdQ/,787233313,a81a3282-ca54-41b6-b832-9a37b8aa82dd,2026-06-21T17:12:38+05:30,,,submitted_via_web,vWYt35PLUqbkm8oQynok35,,uuid:a81a3282-ca54-41b6-b832-9a37b8aa82dd,139,Chennai,Chennai,12.907801,80.198831,device_gps,OK
2026-06-21T16:07:34.990000+05:30,2026-06-21T19:07:37.958000+05:30,2026-06-21T16:07:00+05:30,Oil Mill Bus Stop (Toward Velachery),,,,,,https://maps.app.goo.gl/RiWdwfj9cW4GUv8s8?g_st=ic,Stainless Steel Bus Shelter,Satisfactory – minor wear/dusty but usable,On the road edge / footpath edge – directly adjacent to traffic,0,1,0,,Yes,Yes,Yes,No - It's obstructed due to encroachment ,1 - this is a standalone shelter ,At the bus stop – buses pull up to the shelter/marked stop Away from the bus stop – buses stop before or beyond the shelter/marked location,1,1,0,0,One Step Out (30 cm to 1 meter): Passengers have to step down onto the road surface first to board.,"Ramp for wheelchair users to access the bus stop Ramp is in usable condition (not too steep, not broken, nor blocked) Tactile paving for visually impaired users",0,0,1,1,1,0,0,,"Partially encroached – e.g., vendors, parked two-wheelers, auto-rickshaws, construction material","Yes – signs of standing water, algae, or drainage issues visible","Somewhat safe – some concerns (e.g., poor visibility, isolated location)", No – overcrowded or high number of people standing on the road,Yes – roof is intact and effective,Yes – sufficient shade from the bus shelter,"Yes – lit by nearby street lights, shop fronts, or advertisement boards",Yes – clear sightline to see the approaching buses,"Yes - the seating is of the right height, width, and depth to sit comfortably while waiting for the bus",No – name is missing,Yes – route list is prominently displayed and appears current,Seating / bench Dustbin / waste bin Drinking water (tap or dispenser) Digital information boards with real time arrival information and service alerts,1,0,1,1,0,0,1,0,"Mixed Use - A mix of commercial/residential/office, etc",Yes – advertisements dominate; passenger information is secondary,"Its ramps used to be bad. But improvement has been done over the years. Road has been expanded for controlling traffic, but encroachments dominate in that space.","Stop and trip details should be running full time on the boards, right now they don’t have information.",IMG_0176-19_7_34.jpeg,https://kf.kobotoolbox.org/api/v2/assets/axZaE8YRFpZYaQWWvuZPyu/data/787290857/attachments/attAtnsLBz98XedGUMXpn6DM/,,,,,,,787290857,a49bed56-a4eb-4fe3-905d-884e29bd40a8,2026-06-21T19:07:47+05:30,,,submitted_via_web,vWYt35PLUqbkm8oQynok35,,uuid:a49bed56-a4eb-4fe3-905d-884e29bd40a8,140,Chennai,Chennai,12.929301,80.202527,gmaps_link,OK
2026-06-21T19:07:37.992000+05:30,2026-06-21T19:14:32.419000+05:30,2026-06-21T19:08:00+05:30,KMC Hospital bus stop,,,,,,https://maps.app.goo.gl/uNKLNArdqxNn1a7Q6?g_st=ic,Stainless Steel Bus Shelter, Clean and Well Maintained,"Set back from the road – against a wall, compound, or building edge",1,0,0,,Yes,Yes,No,Yes - It's free of obstructions and feels safe to use,1 - this is a standalone shelter ,At the bus stop – buses pull up to the shelter/marked stop Away from the bus stop – buses stop before or beyond the shelter/marked location,1,1,0,0,One Step Out (30 cm to 1 meter): Passengers have to step down onto the road surface first to board.,"Footpath available to reach the bus stop from both directions Footpath is walkable and free of encroachment like parking, vendors, utility boxes, garbage, etc Pedestrian crossing at/close to the bus stop to cross the road?",1,1,0,0,0,1,0,,"Partially encroached – e.g., vendors, parked two-wheelers, auto-rickshaws, construction material",No – area appears well-drained,"Safe – well-lit, visible, and active surroundings",Yes – adequate space for passengers,Yes – roof is intact and effective,Yes – sufficient shade from the bus shelter,Partially – some light but insufficient,Yes – clear sightline to see the approaching buses,"Yes - the seating is of the right height, width, and depth to sit comfortably while waiting for the bus",Yes – name is prominently visible and legible,Yes – route list is prominently displayed and appears current,Seating / bench Sufficient seating for the number of people typically waiting Dustbin / waste bin Drinking water (tap or dispenser),1,1,1,1,0,0,0,0,"Mostly commercial - Office buildings, malls, large stores, etc",Yes – advertisements dominate; passenger information is secondary,,,IMG_0190-19_14_23.jpeg,https://kf.kobotoolbox.org/api/v2/assets/axZaE8YRFpZYaQWWvuZPyu/data/787294401/attachments/attR7GCjM4MCo65M9e9Hv5MA/,IMG_0177-19_14_29.jpeg,https://kf.kobotoolbox.org/api/v2/assets/axZaE8YRFpZYaQWWvuZPyu/data/787294401/attachments/attxVr4g9i7fTurud7AEsnyT/,,,,,787294401,9630aaf0-60d5-442b-97fb-beb319960b30,2026-06-21T19:14:46+05:30,,,submitted_via_web,vWYt35PLUqbkm8oQynok35,,uuid:9630aaf0-60d5-442b-97fb-beb319960b30,141,Chennai,Chennai,13.077576,80.242975,gmaps_link,OK
2026-06-21T17:00:06.641000+05:30,2026-06-22T19:33:49.763000+05:30,2026-06-22T19:26:00+05:30,No name looks to be Perumbakkam limit,12.907733 80.198565 15.086914042010903 21.76776650746417,12.907733,80.198565,15.08691404,21.76776651,,Stainless Steel Bus Shelter,Satisfactory – minor wear/dusty but usable,On the road edge / footpath edge – directly adjacent to traffic,0,1,0,,No,No,No,,1 - this is a standalone shelter ,Away from the bus stop – buses stop before or beyond the shelter/marked location,0,1,0,0,"Way Out in the Road (More than 1 meter): The bus stops far from the footpath, blocking a lane of traffic, forcing people to walk across active traffic to board the bus",None of the above,0,0,0,0,0,0,1,,Heavily encroached – the stop is largely unusable because of obstructions,No – area appears well-drained,"Safe – well-lit, visible, and active surroundings",Unsure,"Yes – but the roof is inadequate (too tall, too small, gaps, or partial coverage)",Partial – some shade but insufficient,No – inadequate or no lighting at all,Yes – clear sightline to see the approaching buses,No - the seating is too high ,No – name is missing,No information displayed at all,Seating / bench,1,0,0,0,0,0,0,0,"Mixed Use - A mix of commercial/residential/office, etc",Yes – advertisements dominate; passenger information is secondary,Buses does not stop in this stop most of the time,Encroachments and advertisements should be removed,image-19_33_34.jpg,https://kf.kobotoolbox.org/api/v2/assets/axZaE8YRFpZYaQWWvuZPyu/data/788298839/attachments/attox7GUgm6gXmaJpQJoftNn/,IMG_0620-19_33_40.jpeg,https://kf.kobotoolbox.org/api/v2/assets/axZaE8YRFpZYaQWWvuZPyu/data/788298839/attachments/attgG7RYFAeZvbbiBWEWhBxS/,,,,,788298839,911f71dd-26a5-490c-ac4e-9df041ccb843,2026-06-22T19:34:00+05:30,,,submitted_via_web,vWYt35PLUqbkm8oQynok35,,uuid:911f71dd-26a5-490c-ac4e-9df041ccb843,142,Chennai,Chennai,12.907733,80.198565,device_gps,OK
2026-06-18T21:04:50.315000+05:30,2026-06-20T10:01:13.222000+05:30,2026-06-18T20:56:00+05:30,Raja hostel bus stop,,,,,,https://maps.app.goo.gl/AKHZoD5eaHQ8iBnk8?g_st=aw,Stainless Steel Bus Shelter,Satisfactory – minor wear/dusty but usable,On the road edge / footpath edge – directly adjacent to traffic,0,1,0,,No,No,No,,1 - this is a standalone shelter ,Unsure / not observed,0,0,0,1,One Step Out (30 cm to 1 meter): Passengers have to step down onto the road surface first to board.,"Footpath available to reach the bus stop from both directions Footpath is walkable and free of encroachment like parking, vendors, utility boxes, garbage, etc",1,1,0,0,0,0,0,," Yes – fully accessible, no obstructions",No – area appears well-drained,"Somewhat safe – some concerns (e.g., poor visibility, isolated location)",Yes – adequate space for passengers,"Yes – but the roof is inadequate (too tall, too small, gaps, or partial coverage)",Partial – some shade but insufficient,No – inadequate or no lighting at all,Yes – clear sightline to see the approaching buses,"Yes - the seating is of the right height, width, and depth to sit comfortably while waiting for the bus","Yes – but faded, small, or difficult to read",No information displayed at all,Seating / bench Dustbin / waste bin,1,0,1,0,0,0,0,0,"Mixed Use - A mix of commercial/residential/office, etc",Yes – advertisements dominate; passenger information is secondary,The buses not stop in the bus stop,"Light, Proper name board",1001063852-10_1_1.jpg,https://kf.kobotoolbox.org/api/v2/assets/axZaE8YRFpZYaQWWvuZPyu/data/790352582/attachments/attEUjMjydSVjUnQMMbmfJmX/,,,1001063853-10_1_10.jpg,https://kf.kobotoolbox.org/api/v2/assets/axZaE8YRFpZYaQWWvuZPyu/data/790352582/attachments/attdaaRa9HgDTWFo7TTcZw5K/,,,790352582,b62a25d2-9ca3-4713-ae3c-f39ecb464d32,2026-06-24T13:14:26+05:30,,,submitted_via_web,vWYt35PLUqbkm8oQynok35,,uuid:b62a25d2-9ca3-4713-ae3c-f39ecb464d32,143,Chennai,Chennai,13.025493,80.229714,gmaps_link,OK
2026-06-20T10:01:13.361000+05:30,2026-06-24T13:21:57.622000+05:30,2026-06-24T13:16:00+05:30,Ispahani Centre Bus stop,,,,,,https://maps.app.goo.gl/ztjKTEcJaki2eFew7?g_st=aw,Stainless Steel Bus Shelter,Satisfactory – minor wear/dusty but usable,The road/footpath is too narrow ,0,0,1,,No,No,No,,1 - this is a standalone shelter ,At the bus stop – buses pull up to the shelter/marked stop,1,0,0,0,One Step Out (30 cm to 1 meter): Passengers have to step down onto the road surface first to board.,None of the above,0,0,0,0,0,0,1,," Yes – fully accessible, no obstructions","Yes – signs of standing water, algae, or drainage issues visible","Somewhat safe – some concerns (e.g., poor visibility, isolated location)", No – overcrowded or high number of people standing on the road,"Yes – but the roof is inadequate (too tall, too small, gaps, or partial coverage)",Partial – some shade but insufficient,Partially – some light but insufficient,Yes – clear sightline to see the approaching buses,"Yes - the seating is of the right height, width, and depth to sit comfortably while waiting for the bus","Yes – but faded, small, or difficult to read",No information displayed at all,Seating / bench,1,0,0,0,0,0,0,0,"Mostly commercial - Office buildings, malls, large stores, etc",Yes – advertisements dominate; passenger information is secondary,,"Lights, Hygiene",1001071267-13_21_38.jpg,https://kf.kobotoolbox.org/api/v2/assets/axZaE8YRFpZYaQWWvuZPyu/data/790361595/attachments/attgHMGv6NnPPGUJvX6PRCHg/,,,,,,,790361595,53daea4c-9dae-45b1-aeaa-57cc2c68056e,2026-06-24T13:22:01+05:30,,,submitted_via_web,vWYt35PLUqbkm8oQynok35,,uuid:53daea4c-9dae-45b1-aeaa-57cc2c68056e,144,Chennai,Chennai,13.054353,80.249978,gmaps_link,OK
2026-06-24T13:21:57.753000+05:30,2026-06-24T13:32:11.539000+05:30,2026-06-24T13:27:00+05:30,MOP Vaishnav college,,,,,,https://maps.app.goo.gl/MwGCJWSUQudjusAc9?g_st=aw,Stainless Steel Bus Shelter, Clean and Well Maintained,On the road edge / footpath edge – directly adjacent to traffic,0,1,0,,No,Yes,Yes,,2,At the bus stop – buses pull up to the shelter/marked stop,1,0,0,0,Perfect / Flush (Less than 30 cm): Passengers can step directly from the footpath onto the bus.,"Footpath available to reach the bus stop from both directions Footpath is walkable and free of encroachment like parking, vendors, utility boxes, garbage, etc Ramp for wheelchair users to access the bus stop Ramp is in usable condition (not too steep, not broken, nor blocked)",1,1,1,1,0,0,0,," Yes – fully accessible, no obstructions",No – area appears well-drained,"Somewhat safe – some concerns (e.g., poor visibility, isolated location)",Yes – adequate space for passengers,Yes – roof is intact and effective,Yes – sufficient shade from the bus shelter,Partially – some light but insufficient,Yes – clear sightline to see the approaching buses,"Yes - the seating is of the right height, width, and depth to sit comfortably while waiting for the bus","Yes – but faded, small, or difficult to read",No information displayed at all,Seating / bench Sufficient seating for the number of people typically waiting Dustbin / waste bin,1,1,1,0,0,0,0,0,"Mostly commercial - Office buildings, malls, large stores, etc",Yes – advertisements dominate; passenger information is secondary,,Lights,1001071273-13_31_13.jpg,https://kf.kobotoolbox.org/api/v2/assets/axZaE8YRFpZYaQWWvuZPyu/data/790373316/attachments/attzKdhkNxpwSfuLref4Zsmh/,1001071274-13_31_21.jpg,https://kf.kobotoolbox.org/api/v2/assets/axZaE8YRFpZYaQWWvuZPyu/data/790373316/attachments/att6gjupA7kVPmUQhM98roEv/,,,,,790373316,a5fa5c2f-9b18-43eb-ac34-946be14853b6,2026-06-24T13:32:15+05:30,,,submitted_via_web,vWYt35PLUqbkm8oQynok35,,uuid:a5fa5c2f-9b18-43eb-ac34-946be14853b6,145,Chennai,Chennai,13.053477,80.249418,gmaps_link,OK
2026-06-20T13:44:05.236000+05:30,2026-06-25T11:39:28.306000+05:30,2026-06-25T11:35:00+05:30,ஹோம் மந்திரா,13.070998 80.274255 -69.70000457763672 82.5,13.070998,80.274255,-69.70000458,82.5,,Stainless Steel Bus Shelter,Unclean/Poorly Maintained,"Set back from the road – against a wall, compound, or building edge",1,0,0,,Yes,Yes,Yes,Yes - It's free of obstructions and feels safe to use,2,At the bus stop – buses pull up to the shelter/marked stop,1,0,0,0,One Step Out (30 cm to 1 meter): Passengers have to step down onto the road surface first to board.,"Footpath is walkable and free of encroachment like parking, vendors, utility boxes, garbage, etc",0,1,0,0,0,0,0,," Yes – fully accessible, no obstructions",No – area appears well-drained,"Safe – well-lit, visible, and active surroundings",Yes – adequate space for passengers,Yes – roof is intact and effective,Yes - from both bus shelter AND trees,Yes – the bus shelter itself has a working light,Yes – clear sightline to see the approaching buses,No - the seating is too small to sit comfortably ,Yes – name is prominently visible and legible,Yes – route list is prominently displayed and appears current,Seating / bench Dustbin / waste bin Digital information boards with real time arrival information and service alerts,1,0,1,0,0,0,1,0,"Mostly commercial - Retail shops. restaurants, cafes, markets, etc",Yes – advertisements dominate; passenger information is secondary,No,No,17823676185164885458999835678518-11_37_30.jpg,https://kf.kobotoolbox.org/api/v2/assets/axZaE8YRFpZYaQWWvuZPyu/data/791614597/attachments/attcABRub4Fi7JkAyHQNUSKV/,,,,,,,791614597,c1d5b209-64a5-4c18-bd49-5946c541f408,2026-06-25T11:39:33+05:30,,,submitted_via_web,vWYt35PLUqbkm8oQynok35,,uuid:c1d5b209-64a5-4c18-bd49-5946c541f408,146,Chennai,Chennai,13.070998,80.274255,device_gps,OK
2026-06-25T11:39:28.552000+05:30,2026-06-25T11:42:27.306000+05:30,2026-06-25T11:40:00+05:30,பெல்ஸ் ரோடு,13.064094 80.278205 -68.60000610351562 26.007999420166016,13.064094,80.278205,-68.6000061,26.00799942,,Stainless Steel Bus Shelter,Satisfactory – minor wear/dusty but usable,"Set back from the road – against a wall, compound, or building edge",1,0,0,,Yes,Yes,Yes,Yes - It's free of obstructions and feels safe to use,1 - this is a standalone shelter ,At the bus stop – buses pull up to the shelter/marked stop,1,0,0,0,One Step Out (30 cm to 1 meter): Passengers have to step down onto the road surface first to board.,"Ramp is in usable condition (not too steep, not broken, nor blocked) Pedestrian crossing at/close to the bus stop to cross the road?",0,0,0,1,0,1,0,,"Partially encroached – e.g., vendors, parked two-wheelers, auto-rickshaws, construction material",Unsure,"Somewhat safe – some concerns (e.g., poor visibility, isolated location)", No – overcrowded or high number of people standing on the road,Yes – roof is intact and effective,Yes - sufficient shade from surrounding trees,"Yes – lit by nearby street lights, shop fronts, or advertisement boards",Yes – clear sightline to see the approaching buses,No - the seating is too small to sit comfortably ,Yes – name is prominently visible and legible,Yes – but information seems outdated or unreliable,Seating / bench Dustbin / waste bin,1,0,1,0,0,0,0,0,"Mostly commercial - Retail shops. restaurants, cafes, markets, etc",Yes – advertisements dominate; passenger information is secondary,No,No,17823677957678339567345610651209-11_40_23.jpg,https://kf.kobotoolbox.org/api/v2/assets/axZaE8YRFpZYaQWWvuZPyu/data/791617207/attachments/att2YA348XHWiC25TmLZsHCS/,,,,,,,791617207,875df4ae-7eb8-4a9f-b94e-c9696a6f52ed,2026-06-25T11:42:31+05:30,,,submitted_via_web,vWYt35PLUqbkm8oQynok35,,uuid:875df4ae-7eb8-4a9f-b94e-c9696a6f52ed,147,Chennai,Chennai,13.064094,80.278205,device_gps,OK
2026-06-25T11:42:27.550000+05:30,2026-06-25T11:54:31.598000+05:30,2026-06-25T11:42:00+05:30,அண்ணா ஸ்கொயர்,13.065202 80.283629 -69.30000305175781 9.510000228881836,13.065202,80.283629,-69.30000305,9.510000229,,Stainless Steel Bus Shelter,Satisfactory – minor wear/dusty but usable,"Set back from the road – against a wall, compound, or building edge",1,0,0,,No,Yes,Yes,,3,At the bus stop – buses pull up to the shelter/marked stop,1,0,0,0,Perfect / Flush (Less than 30 cm): Passengers can step directly from the footpath onto the bus.,"Footpath is walkable and free of encroachment like parking, vendors, utility boxes, garbage, etc",0,1,0,0,0,0,0,," Yes – fully accessible, no obstructions",No – area appears well-drained,"Safe – well-lit, visible, and active surroundings",Yes – adequate space for passengers,Yes – roof is intact and effective,Yes – sufficient shade from the bus shelter,"Yes – lit by nearby street lights, shop fronts, or advertisement boards",Yes – clear sightline to see the approaching buses,"Yes - the seating is of the right height, width, and depth to sit comfortably while waiting for the bus","Yes – but faded, small, or difficult to read",Yes – route list is prominently displayed and appears current,Seating / bench Dustbin / waste bin,1,0,1,0,0,0,0,0,"Mostly commercial - Retail shops. restaurants, cafes, markets, etc",Yes – advertisements dominate; passenger information is secondary,No,No,17823685271965180846930432944995-11_52_24.jpg,https://kf.kobotoolbox.org/api/v2/assets/axZaE8YRFpZYaQWWvuZPyu/data/791627819/attachments/attmgwoeCopkKXxrzXLy79BE/,17823685514985096809741368782200-11_52_40.jpg,https://kf.kobotoolbox.org/api/v2/assets/axZaE8YRFpZYaQWWvuZPyu/data/791627819/attachments/attBi5G84KuZkLamxMY9o5kB/,,,,,791627819,b133b15b-309f-4437-b457-7f5864a98a96,2026-06-25T11:54:38+05:30,,,submitted_via_web,vWYt35PLUqbkm8oQynok35,,uuid:b133b15b-309f-4437-b457-7f5864a98a96,148,Chennai,Chennai,13.065202,80.283629,device_gps,OK
2026-06-25T11:54:31.897000+05:30,2026-06-25T18:08:54.534000+05:30,2026-06-25T18:01:00+05:30,ரயில்வே காலனி,13.153014 80.288589 -68.80000305175781 12.343000411987305,13.153014,80.288589,-68.80000305,12.34300041,,Stainless Steel Bus Shelter,Satisfactory – minor wear/dusty but usable,"Set back from the road – against a wall, compound, or building edge",1,0,0,,Yes,Yes,Yes,No - It's very unhygienic or feels unsafe to use,1 - this is a standalone shelter ,At the bus stop – buses pull up to the shelter/marked stop,1,0,0,0,One Step Out (30 cm to 1 meter): Passengers have to step down onto the road surface first to board.,Footpath available to reach the bus stop from both directions Pedestrian crossing at/close to the bus stop to cross the road?,1,0,0,0,0,1,0,," Yes – fully accessible, no obstructions","Yes – signs of standing water, algae, or drainage issues visible","Unsafe – poorly lit, isolated, or has a history of feeling threatening", No – overcrowded or high number of people standing on the road,No – The roof is too damaged or broken to provide shelter,Partial – some shade but insufficient,Yes – the bus shelter itself has a working light,"No – sightline is blocked (by structure, advertisement boards, trees, or parked vehicles)",No - the seating is too small to sit comfortably ,Yes – name is prominently visible and legible,Yes – route list is prominently displayed and appears current,Seating / bench,1,0,0,0,0,0,0,0,Other,Yes – advertisements dominate; passenger information is secondary,பேருந்து நிறுத்தத்தின் பின்புறமாக பல்வேறு குப்பைகளும் புதர்களும் கிடப்பது நாள் பாம்புகள் பூச்சிகள் வந்து பயணிகளை கடிப்பதற்கான பேராபத்து இருக்கிறது,,1782390741765911573301019635042-18_2_43.jpg,https://kf.kobotoolbox.org/api/v2/assets/axZaE8YRFpZYaQWWvuZPyu/data/792121543/attachments/atthyYoH54WTU46ivzcmFAWh/,17823907891554581671102646323257-18_3_17.jpg,https://kf.kobotoolbox.org/api/v2/assets/axZaE8YRFpZYaQWWvuZPyu/data/792121543/attachments/attUsj2Hquuok8dqatqs6EKh/,17823908027857878311363488618386-18_3_35.jpg,https://kf.kobotoolbox.org/api/v2/assets/axZaE8YRFpZYaQWWvuZPyu/data/792121543/attachments/attiCorR48yJJMpWVjXF32C9/,,,792121543,5d90b7f0-34c5-43d0-b69b-882976b75152,2026-06-25T18:09:24+05:30,,,submitted_via_web,vWYt35PLUqbkm8oQynok35,,uuid:5d90b7f0-34c5-43d0-b69b-882976b75152,149,Chennai,Chennai,13.153014,80.288589,device_gps,OK
2026-06-25T18:08:54.882000+05:30,2026-06-25T18:15:07.532000+05:30,2026-06-25T18:10:00+05:30,நாய் கோட்ரஸ்,13.152719 80.288678 -68.80000305175781 77.5999984741211,13.152719,80.288678,-68.80000305,77.59999847,,Stainless Steel Bus Shelter,Satisfactory – minor wear/dusty but usable,"Set back from the road – against a wall, compound, or building edge",1,0,0,,No,No,No,,1 - this is a standalone shelter ,At the bus stop – buses pull up to the shelter/marked stop,1,0,0,0,Perfect / Flush (Less than 30 cm): Passengers can step directly from the footpath onto the bus.,Footpath available to reach the bus stop from both directions Pedestrian crossing at/close to the bus stop to cross the road?,1,0,0,0,0,1,0,," Yes – fully accessible, no obstructions",No – area appears well-drained,"Safe – well-lit, visible, and active surroundings", No – overcrowded or high number of people standing on the road,No – The roof is too damaged or broken to provide shelter,Partial – some shade but insufficient,No – inadequate or no lighting at all,Yes – clear sightline to see the approaching buses,No - the seating is too slippery,No – name is missing,Yes – but information seems outdated or unreliable,Seating / bench,1,0,0,0,0,0,0,0,Other,No advertisements,No,No,17823911633962031904795426151371-18_9_35.jpg,https://kf.kobotoolbox.org/api/v2/assets/axZaE8YRFpZYaQWWvuZPyu/data/792130848/attachments/attbB7qUnZfeDQKXGTRfeiLW/,17823912338235910694143051372808-18_10_45.jpg,https://kf.kobotoolbox.org/api/v2/assets/axZaE8YRFpZYaQWWvuZPyu/data/792130848/attachments/attpNYukaJWGbSqeHaEQTE7S/,,,,,792130848,35edf285-d54e-48d4-99a7-cdb2d5e8910a,2026-06-25T18:15:16+05:30,,,submitted_via_web,vWYt35PLUqbkm8oQynok35,,uuid:35edf285-d54e-48d4-99a7-cdb2d5e8910a,150,Chennai,Chennai,13.152719,80.288678,device_gps,OK
2026-06-25T18:15:07.754000+05:30,2026-06-25T18:19:29.445000+05:30,2026-06-25T18:15:00+05:30,பேசின் ரோடு இந்திரா காந்தி நகர்,13.152679 80.288633 -68.80000305175781 33.44300079345703,13.152679,80.288633,-68.80000305,33.44300079,,Stainless Steel Bus Shelter,Satisfactory – minor wear/dusty but usable,"Set back from the road – against a wall, compound, or building edge On the road edge / footpath edge – directly adjacent to traffic",1,1,0,,No,No,No,,1 - this is a standalone shelter ,At the bus stop – buses pull up to the shelter/marked stop,1,0,0,0,One Step Out (30 cm to 1 meter): Passengers have to step down onto the road surface first to board.,"Footpath is walkable and free of encroachment like parking, vendors, utility boxes, garbage, etc",0,1,0,0,0,0,0,," Yes – fully accessible, no obstructions","Yes – signs of standing water, algae, or drainage issues visible","Unsafe – poorly lit, isolated, or has a history of feeling threatening",Yes – adequate space for passengers,"Yes – but the roof is inadequate (too tall, too small, gaps, or partial coverage)",Partial – some shade but insufficient,Partially – some light but insufficient,Yes – clear sightline to see the approaching buses,No - the seating is too small to sit comfortably ,"Yes – but faded, small, or difficult to read",Yes – but information seems outdated or unreliable,Seating / bench Dustbin / waste bin,1,0,1,0,0,0,0,0,"Mostly commercial - Retail shops. restaurants, cafes, markets, etc",Yes – advertisements dominate; passenger information is secondary,No,No,17823915244245818085467992116566-18_15_33.jpg,https://kf.kobotoolbox.org/api/v2/assets/axZaE8YRFpZYaQWWvuZPyu/data/792137348/attachments/attmMNwkGNUygNNs8UgqWnjx/,,,,,,,792137348,578a81a5-dab3-4ea1-8f88-65f66b41d97b,2026-06-25T18:19:33+05:30,,,submitted_via_web,vWYt35PLUqbkm8oQynok35,,uuid:578a81a5-dab3-4ea1-8f88-65f66b41d97b,151,Chennai,Chennai,13.152679,80.288633,device_gps,OK
2026-06-25T18:19:29.722000+05:30,2026-06-26T16:21:31.445000+05:30,2026-06-26T16:13:00+05:30,பெரம்பூர் மாதா கோவில்,13.108965 80.24187 -65.9000015258789 10.317999839782715,13.108965,80.24187,-65.90000153,10.31799984,,Stainless Steel Bus Shelter,Satisfactory – minor wear/dusty but usable,On the road edge / footpath edge – directly adjacent to traffic,0,1,0,,No,No,No,,2,At the bus stop – buses pull up to the shelter/marked stop Away from the bus stop – buses stop before or beyond the shelter/marked location,1,1,0,0,One Step Out (30 cm to 1 meter): Passengers have to step down onto the road surface first to board.,"Footpath is walkable and free of encroachment like parking, vendors, utility boxes, garbage, etc",0,1,0,0,0,0,0,," Yes – fully accessible, no obstructions",No – area appears well-drained,"Somewhat safe – some concerns (e.g., poor visibility, isolated location)",Yes – adequate space for passengers,No – The roof is too damaged or broken to provide shelter,Yes - from both bus shelter AND trees,"Yes – lit by nearby street lights, shop fronts, or advertisement boards","No – sightline is blocked (by structure, advertisement boards, trees, or parked vehicles)",No - the seating is too small to sit comfortably ,Yes – name is prominently visible and legible,Yes – route list is prominently displayed and appears current,Seating / bench Dustbin / waste bin,1,0,1,0,0,0,0,0,"Mostly commercial - Retail shops. restaurants, cafes, markets, etc",Yes – advertisements dominate; passenger information is secondary,,,17824706279816166477889900672344-16_14_3.jpg,https://kf.kobotoolbox.org/api/v2/assets/axZaE8YRFpZYaQWWvuZPyu/data/793129029/attachments/attsYe88TRGa42s2jWP8q35w/,1782470657770583514381212522047-16_14_26.jpg,https://kf.kobotoolbox.org/api/v2/assets/axZaE8YRFpZYaQWWvuZPyu/data/793129029/attachments/attQy63SCCqobuXQYqvtpYLo/,,,,,793129029,f4d7ee16-12e1-45a2-b0f3-c42fc56a9b39,2026-06-26T16:21:35+05:30,,,submitted_via_web,vWYt35PLUqbkm8oQynok35,,uuid:f4d7ee16-12e1-45a2-b0f3-c42fc56a9b39,152,Chennai,Chennai,13.108965,80.24187,device_gps,OK
2026-06-24T13:32:11.765000+05:30,2026-06-26T16:49:43.780000+05:30,2026-06-26T11:42:00+05:30,Kasi theatre,,,,,,https://maps.app.goo.gl/99gSqYB5d8CBaafh8?g_st=aw,No Shelter and No Signboard,,On the road edge / footpath edge – directly adjacent to traffic,0,1,0,,No,No,No,,,Bus stop not clearly marked,0,0,1,0,"Way Out in the Road (More than 1 meter): The bus stops far from the footpath, blocking a lane of traffic, forcing people to walk across active traffic to board the bus",None of the above,0,0,0,0,0,0,1,,"Partially encroached – e.g., vendors, parked two-wheelers, auto-rickshaws, construction material",No – area appears well-drained,"Safe – well-lit, visible, and active surroundings",,,Partial – some shade but insufficient,"Yes – lit by nearby street lights, shop fronts, or advertisement boards",,,,,None of the Above,0,0,0,0,0,0,0,1,"Mixed Use - A mix of commercial/residential/office, etc",,No proper bus stop,Bus stop,1001072788-16_49_40.jpg,https://kf.kobotoolbox.org/api/v2/assets/axZaE8YRFpZYaQWWvuZPyu/data/793167104/attachments/attmxkdgnpENkHJoHw8LNPHD/,,,,,,,793167104,cc610218-0ac8-4d71-a395-491150fb69d4,2026-06-26T16:49:48+05:30,,,submitted_via_web,vWYt35PLUqbkm8oQynok35,,uuid:cc610218-0ac8-4d71-a395-491150fb69d4,153,Chennai,Chennai,13.029705,80.209063,gmaps_link,OK
2026-06-26T16:49:43.964000+05:30,2026-06-26T16:55:32.465000+05:30,2026-06-25T20:50:00+05:30,R R Colony,,,,,,https://maps.app.goo.gl/HmTm6REPmX6TdhxD7?g_st=aw,Stainless Steel Bus Shelter, Clean and Well Maintained,On the road edge / footpath edge – directly adjacent to traffic,0,1,0,,No,No,No,,2,At the bus stop – buses pull up to the shelter/marked stop,1,0,0,0,Perfect / Flush (Less than 30 cm): Passengers can step directly from the footpath onto the bus.,Footpath available to reach the bus stop from both directions,1,0,0,0,0,0,0,," Yes – fully accessible, no obstructions",No – area appears well-drained,"Somewhat safe – some concerns (e.g., poor visibility, isolated location)",Yes – adequate space for passengers,Yes – roof is intact and effective,Yes – sufficient shade from the bus shelter,Yes – the bus shelter itself has a working light,Yes – clear sightline to see the approaching buses,"Yes - the seating is of the right height, width, and depth to sit comfortably while waiting for the bus","Yes – but faded, small, or difficult to read","Yes – but information is unclear, faded, or partially missing",Seating / bench Sufficient seating for the number of people typically waiting Dustbin / waste bin,1,1,1,0,0,0,0,0,"Mostly Residential - Housing, Apartments, etc",Yes – advertisements dominate; passenger information is secondary,,Digital board,1001073376-16_55_17.jpg,https://kf.kobotoolbox.org/api/v2/assets/axZaE8YRFpZYaQWWvuZPyu/data/793174352/attachments/attBNqFLpUJ2fqRoK5NzM5Qa/,1001073377-16_55_27.jpg,https://kf.kobotoolbox.org/api/v2/assets/axZaE8YRFpZYaQWWvuZPyu/data/793174352/attachments/atthNX6gZhn5YBEgXAZZmEK5/,,,,,793174352,1d7689f5-38eb-4815-bd11-81b91b8d2fc1,2026-06-26T16:55:38+05:30,,,submitted_via_web,vWYt35PLUqbkm8oQynok35,,uuid:1d7689f5-38eb-4815-bd11-81b91b8d2fc1,154,Chennai,Chennai,13.030457,80.216749,gmaps_link,OK
2026-06-26T16:21:31.774000+05:30,2026-06-27T21:29:26.764000+05:30,2026-06-27T21:23:00+05:30,வீனஸ்,13.113605 80.2358 -64 12.555999755859375,13.113605,80.2358,-64,12.55599976,,Stainless Steel Bus Shelter,Satisfactory – minor wear/dusty but usable,"Set back from the road – against a wall, compound, or building edge On the road edge / footpath edge – directly adjacent to traffic",1,1,0,,No,No,No,,1 - this is a standalone shelter ,Away from the bus stop – buses stop before or beyond the shelter/marked location,0,1,0,0,Perfect / Flush (Less than 30 cm): Passengers can step directly from the footpath onto the bus.,"Footpath available to reach the bus stop from both directions Footpath is walkable and free of encroachment like parking, vendors, utility boxes, garbage, etc Ramp for wheelchair users to access the bus stop",1,1,1,0,0,0,0,," Yes – fully accessible, no obstructions","Yes – signs of standing water, algae, or drainage issues visible","Somewhat safe – some concerns (e.g., poor visibility, isolated location)",Yes – adequate space for passengers,"Yes – but the roof is inadequate (too tall, too small, gaps, or partial coverage)",Partial – some shade but insufficient,"Yes – lit by nearby street lights, shop fronts, or advertisement boards",Yes – clear sightline to see the approaching buses,No - the seating is too small to sit comfortably ,Yes – name is prominently visible and legible,Yes – route list is prominently displayed and appears current,Seating / bench Dustbin / waste bin Digital information boards with real time arrival information and service alerts,1,0,1,0,0,0,1,0,"Mostly commercial - Retail shops. restaurants, cafes, markets, etc",Yes – advertisements dominate; passenger information is secondary,,,17825756320541828365258765181615-21_24_19.jpg,https://kf.kobotoolbox.org/api/v2/assets/axZaE8YRFpZYaQWWvuZPyu/data/794335663/attachments/attC2dp5yzedAgCohYdfrozQ/,17825757224325120311762386305270-21_25_37.jpg,https://kf.kobotoolbox.org/api/v2/assets/axZaE8YRFpZYaQWWvuZPyu/data/794335663/attachments/attSWhxQopJBzAJD9MtKtqvD/,,,,,794335663,b20ac027-302b-412d-91bb-fa6975bd9d8f,2026-06-27T21:32:23+05:30,,,submitted_via_web,vWYt35PLUqbkm8oQynok35,,uuid:b20ac027-302b-412d-91bb-fa6975bd9d8f,155,Chennai,Chennai,13.113605,80.2358,device_gps,OK
2026-06-27T21:29:27.072000+05:30,2026-06-27T21:47:46.001000+05:30,2026-06-27T21:44:00+05:30,ஜவஹர் நகர்,13.112446 80.23147 -62.20000076293945 11.89900016784668,13.112446,80.23147,-62.20000076,11.89900017,,Stainless Steel Bus Shelter,Satisfactory – minor wear/dusty but usable,"Set back from the road – against a wall, compound, or building edge",1,0,0,,No,No,No,,1 - this is a standalone shelter ,Away from the bus stop – buses stop before or beyond the shelter/marked location,0,1,0,0,One Step Out (30 cm to 1 meter): Passengers have to step down onto the road surface first to board.,Footpath available to reach the bus stop from both directions Pedestrian crossing at/close to the bus stop to cross the road?,1,0,0,0,0,1,0,,Heavily encroached – the stop is largely unusable because of obstructions,"Yes – signs of standing water, algae, or drainage issues visible","Somewhat safe – some concerns (e.g., poor visibility, isolated location)",Unsure,No – The roof is too damaged or broken to provide shelter,Yes - from both bus shelter AND trees,"Yes – lit by nearby street lights, shop fronts, or advertisement boards","No – sightline is blocked (by structure, advertisement boards, trees, or parked vehicles)",No - the seating is too small to sit comfortably ,Yes – name is prominently visible and legible,Yes – but information seems outdated or unreliable,Seating / bench Dustbin / waste bin,1,0,1,0,0,0,0,0,"Mostly commercial - Retail shops. restaurants, cafes, markets, etc",Yes – advertisements dominate; passenger information is secondary,No,No,17825769065027223545171148229884-21_45_23.jpg,https://kf.kobotoolbox.org/api/v2/assets/axZaE8YRFpZYaQWWvuZPyu/data/794345197/attachments/attS98shD3hM8iZvJtrXga7d/,17825769304324687121714439377698-21_45_38.jpg,https://kf.kobotoolbox.org/api/v2/assets/axZaE8YRFpZYaQWWvuZPyu/data/794345197/attachments/attxVy78Zvm624a6tipU4pdY/,,,,,794345197,2d5fc996-2acd-41b2-af7f-ff007e43dbf6,2026-06-27T21:50:03+05:30,,,submitted_via_web,vWYt35PLUqbkm8oQynok35,,uuid:2d5fc996-2acd-41b2-af7f-ff007e43dbf6,156,Chennai,Chennai,13.112446,80.23147,device_gps,OK
2026-06-27T21:47:46.319000+05:30,2026-06-27T21:53:52.716000+05:30,2026-06-27T21:51:00+05:30,காமராஜர் சிலை,13.115893 80.232154 -62.10000228881836 13.036999702453613,13.115893,80.232154,-62.10000229,13.0369997,,Stainless Steel Bus Shelter,Satisfactory – minor wear/dusty but usable,On the road edge / footpath edge – directly adjacent to traffic,0,1,0,,Yes,Yes,Yes,No - It's obstructed due to encroachment ,1 - this is a standalone shelter ,Away from the bus stop – buses stop before or beyond the shelter/marked location,0,1,0,0,One Step Out (30 cm to 1 meter): Passengers have to step down onto the road surface first to board.,"Footpath is walkable and free of encroachment like parking, vendors, utility boxes, garbage, etc",0,1,0,0,0,0,0,,"Partially encroached – e.g., vendors, parked two-wheelers, auto-rickshaws, construction material","Yes – signs of standing water, algae, or drainage issues visible","Somewhat safe – some concerns (e.g., poor visibility, isolated location)",Yes – adequate space for passengers,"Yes – but the roof is inadequate (too tall, too small, gaps, or partial coverage)",Yes - sufficient shade from surrounding trees,"Yes – lit by nearby street lights, shop fronts, or advertisement boards",Yes – clear sightline to see the approaching buses,No - the seating is too small to sit comfortably ,Yes – name is prominently visible and legible,Yes – but information seems outdated or unreliable,Seating / bench Dustbin / waste bin Digital information boards with real time arrival information and service alerts,1,0,1,0,0,0,1,0,"Mostly commercial - Retail shops. restaurants, cafes, markets, etc",Yes – advertisements dominate; passenger information is secondary,,,17825773113355893424139492013081-21_52_5.jpg,https://kf.kobotoolbox.org/api/v2/assets/axZaE8YRFpZYaQWWvuZPyu/data/794348977/attachments/attumkbxaZHABNrBXEH2CCh5/,,,17825773295551023122259398675810-21_52_16.jpg,https://kf.kobotoolbox.org/api/v2/assets/axZaE8YRFpZYaQWWvuZPyu/data/794348977/attachments/attDSQbViqYzF4yw83gp6zsA/,,,794348977,71756159-3b85-4902-a25e-4080ef458b64,2026-06-27T21:56:53+05:30,,,submitted_via_web,vWYt35PLUqbkm8oQynok35,,uuid:71756159-3b85-4902-a25e-4080ef458b64,157,Chennai,Chennai,13.115893,80.232154,device_gps,OK
2026-06-29T22:59:57.089000+05:30,2026-06-29T23:09:34.909000+05:30,2026-06-19T14:19:00+05:30,"Jaya Nagar(Towards Ottiyambakkam), Sithalapakkam",12.890372 80.184445 0 0,12.890372,80.184445,0,0,,No Shelter and No Signboard,,On the road edge / footpath edge – directly adjacent to traffic,0,1,0,,No,No,No,,,At the bus stop – buses pull up to the shelter/marked stop,1,0,0,0,No footpath available,None of the above,0,0,0,0,0,0,1,,Heavily encroached – the stop is largely unusable because of obstructions,"Yes – signs of standing water, algae, or drainage issues visible","Somewhat safe – some concerns (e.g., poor visibility, isolated location)",,,No – exposed to full sun,"Yes – lit by nearby street lights, shop fronts, or advertisement boards",,,,,None of the Above,0,0,0,0,0,0,0,1,"Mostly commercial - Retail shops. restaurants, cafes, markets, etc",,,,1000240459-23_8_29.jpg,https://kf.kobotoolbox.org/api/v2/assets/axZaE8YRFpZYaQWWvuZPyu/data/796116660/attachments/att7BVVhu7qfAtUhUKr4s2Be/,1000240418-23_8_42.jpg,https://kf.kobotoolbox.org/api/v2/assets/axZaE8YRFpZYaQWWvuZPyu/data/796116660/attachments/attAeXQt6grSMruvi8a4b7dm/,,,,,796116660,a994bd69-860e-465c-9367-4a93b650fea9,2026-06-29T23:09:50+05:30,,,submitted_via_web,vWYt35PLUqbkm8oQynok35,,uuid:a994bd69-860e-465c-9367-4a93b650fea9,158,Chennai,Chennai,12.890372,80.184445,device_gps,OK
2026-06-29T23:09:34.983000+05:30,2026-06-29T23:14:17.688000+05:30,2026-06-19T13:32:00+05:30,"Jaya Nagar(Towards Medavakkam), Sithalapakkam",12.890194 80.184 0 0,12.890194,80.184,0,0,,No Shelter and No Signboard,,On the road edge / footpath edge – directly adjacent to traffic,0,1,0,,No,No,No,,,Bus stop not clearly marked,0,0,1,0,No footpath available,None of the above,0,0,0,0,0,0,1,,Heavily encroached – the stop is largely unusable because of obstructions,"Yes – signs of standing water, algae, or drainage issues visible","Somewhat safe – some concerns (e.g., poor visibility, isolated location)",,,No – exposed to full sun,"Yes – lit by nearby street lights, shop fronts, or advertisement boards",,,,,None of the Above,0,0,0,0,0,0,0,1,"Mostly commercial - Retail shops. restaurants, cafes, markets, etc",,,,1000240422-23_13_46.jpg,https://kf.kobotoolbox.org/api/v2/assets/axZaE8YRFpZYaQWWvuZPyu/data/796120589/attachments/attQAa5qhxLNWJRpYEH29K4S/,1000240416-23_13_54.jpg,https://kf.kobotoolbox.org/api/v2/assets/axZaE8YRFpZYaQWWvuZPyu/data/796120589/attachments/attS6JdTNb6BzzdU657hkNpG/,,,,,796120589,8b75358f-24d2-4ee2-a713-d8600f3d59af,2026-06-29T23:14:43+05:30,,,submitted_via_web,vWYt35PLUqbkm8oQynok35,,uuid:8b75358f-24d2-4ee2-a713-d8600f3d59af,159,Chennai,Chennai,12.890194,80.184,device_gps,OK
2026-06-29T23:14:17.772000+05:30,2026-06-29T23:19:35.028000+05:30,2026-06-19T09:20:00+05:30,Sithalapakkam(Towards Ottiyambakkam)),12.8874 80.184 0 0,12.8874,80.184,0,0,,No Shelter and No Signboard,,On the road edge / footpath edge – directly adjacent to traffic,0,1,0,,No,No,No,,,Bus stop not clearly marked,0,0,1,0,No footpath available,None of the above,0,0,0,0,0,0,1,,"Partially encroached – e.g., vendors, parked two-wheelers, auto-rickshaws, construction material","Yes – signs of standing water, algae, or drainage issues visible","Somewhat safe – some concerns (e.g., poor visibility, isolated location)",,,No – exposed to full sun,No – inadequate or no lighting at all,,,,,None of the Above,0,0,0,0,0,0,0,1,"Mostly commercial - Retail shops. restaurants, cafes, markets, etc",,,,1000240351-23_18_57.jpg,https://kf.kobotoolbox.org/api/v2/assets/axZaE8YRFpZYaQWWvuZPyu/data/796124624/attachments/attmTJifuWKXGzWwFfYydsUv/,,,1000240344-23_19_12.jpg,https://kf.kobotoolbox.org/api/v2/assets/axZaE8YRFpZYaQWWvuZPyu/data/796124624/attachments/attCAeSSy5zxyoRiP4cj8sKK/,,,796124624,ee075471-b175-46dd-a7cd-8bc35ced3ead,2026-06-29T23:20:47+05:30,,,submitted_via_web,vWYt35PLUqbkm8oQynok35,,uuid:ee075471-b175-46dd-a7cd-8bc35ced3ead,160,Chennai,Chennai,12.8874,80.184,device_gps,OK
2026-06-29T15:17:00.871000+05:30,2026-06-30T13:52:38.835000+05:30,2026-06-30T13:29:00+05:30,ICF Depot,13.076161 80.174354 -62.5 22.243000030517578,13.076161,80.174354,-62.5,22.24300003,,Concrete/Masonry Bus Shelter, Clean and Well Maintained,"Set back from the road – against a wall, compound, or building edge",1,0,0,,Yes,Yes,Yes,Yes - It's free of obstructions and feels safe to use,1 - this is a standalone shelter ,At the bus stop – buses pull up to the shelter/marked stop,1,0,0,0,Perfect / Flush (Less than 30 cm): Passengers can step directly from the footpath onto the bus.,"Footpath available to reach the bus stop from both directions Footpath is walkable and free of encroachment like parking, vendors, utility boxes, garbage, etc Pedestrian crossing at/close to the bus stop to cross the road?",1,1,0,0,0,1,0,," Yes – fully accessible, no obstructions",No – area appears well-drained,"Safe – well-lit, visible, and active surroundings",Yes – adequate space for passengers,Yes – roof is intact and effective,Yes – sufficient shade from the bus shelter,Yes – the bus shelter itself has a working light,Yes – clear sightline to see the approaching buses,"Yes - the seating is of the right height, width, and depth to sit comfortably while waiting for the bus",Yes – name is prominently visible and legible,No information displayed at all,Seating / bench Dustbin / waste bin Drinking water (tap or dispenser) Public toilet nearby (within eyesight) CCTV camera,1,0,1,1,1,1,0,0,"Mostly commercial - Retail shops. restaurants, cafes, markets, etc",No advertisements,Good,,IMG-20260629-WA0043-13_50_14.jpg,https://kf.kobotoolbox.org/api/v2/assets/axZaE8YRFpZYaQWWvuZPyu/data/796647376/attachments/attiZDFrTC3kiWDz399GTCtd/,IMG-20260629-WA0041-13_50_27.jpg,https://kf.kobotoolbox.org/api/v2/assets/axZaE8YRFpZYaQWWvuZPyu/data/796647376/attachments/attxNN5nR9em8G9UCSoeaaoX/,IMG-20260629-WA0042(1)-13_50_39.jpg,https://kf.kobotoolbox.org/api/v2/assets/axZaE8YRFpZYaQWWvuZPyu/data/796647376/attachments/attdnbzfyFcc8EoM2L8wTy5Z/,IMG-20260629-WA0043-13_50_48.jpg,https://kf.kobotoolbox.org/api/v2/assets/axZaE8YRFpZYaQWWvuZPyu/data/796647376/attachments/attgZqnu7NeYCYU9sSDoo4T7/,796647376,5c2380dd-16a0-4d88-8d26-9e27957ccdea,2026-06-30T13:52:43+05:30,,,submitted_via_web,vWYt35PLUqbkm8oQynok35,,uuid:5c2380dd-16a0-4d88-8d26-9e27957ccdea,161,Chennai,Chennai,13.076161,80.174354,device_gps,OK
2026-06-30T15:04:30.070000+05:30,2026-06-30T16:56:25.316000+05:30,2026-06-30T16:30:00+05:30,Towards Besant Nagar,13.067738 80.246537 -66.80000305175781 23.700000762939453,13.067738,80.246537,-66.80000305,23.70000076,,Stainless Steel Bus Shelter, Clean and Well Maintained,"Set back from the road – against a wall, compound, or building edge",1,0,0,,Yes,Yes,No,No - It's very unhygienic or feels unsafe to use,4+,At the bus stop – buses pull up to the shelter/marked stop,1,0,0,0,One Step Out (30 cm to 1 meter): Passengers have to step down onto the road surface first to board.,"Footpath available to reach the bus stop from both directions Footpath is walkable and free of encroachment like parking, vendors, utility boxes, garbage, etc Ramp for wheelchair users to access the bus stop Tactile paving for visually impaired users Pedestrian crossing at/close to the bus stop to cross the road?",1,1,1,0,1,1,0,,"Partially encroached – e.g., vendors, parked two-wheelers, auto-rickshaws, construction material",No – area appears well-drained,"Safe – well-lit, visible, and active surroundings",Yes – adequate space for passengers,Yes – roof is intact and effective,Yes - from both bus shelter AND trees,Yes – the bus shelter itself has a working light,Yes – clear sightline to see the approaching buses,"Yes - the seating is of the right height, width, and depth to sit comfortably while waiting for the bus",Yes – name is prominently visible and legible,No information displayed at all,Seating / bench Sufficient seating for the number of people typically waiting Digital information boards with real time arrival information and service alerts,1,1,0,0,0,0,1,0,"Mixed Use - A mix of commercial/residential/office, etc",Yes – advertisements dominate; passenger information is secondary,"The Meteorological Department bus stop is located on a busy road with regular passenger movement. The waiting area is limited, and traffic flow during peak hours may cause inconvenience to passengers.","Improve the bus shelter facility with more seating, shade, and better maintenance. Ensure proper lighting, cleanliness, and visible bus route/timing information.",125053-16_51_5.jpg,https://kf.kobotoolbox.org/api/v2/assets/axZaE8YRFpZYaQWWvuZPyu/data/796944665/attachments/attP9K6DtABzc6i4pTKDn7bc/,125055-16_51_20.jpg,https://kf.kobotoolbox.org/api/v2/assets/axZaE8YRFpZYaQWWvuZPyu/data/796944665/attachments/att2VcyojkEUkGaSwHsbQeQv/,125054-16_51_39.jpg,https://kf.kobotoolbox.org/api/v2/assets/axZaE8YRFpZYaQWWvuZPyu/data/796944665/attachments/atta2xgJZyjqFPgMvjTqscxT/,125056-16_51_50.jpg,https://kf.kobotoolbox.org/api/v2/assets/axZaE8YRFpZYaQWWvuZPyu/data/796944665/attachments/att4nni7e8GX3W7jzkkyFmPR/,796944665,6309beda-a271-47e0-9cf7-bc23bedd8d2a,2026-06-30T16:56:29+05:30,,,submitted_via_web,vWYt35PLUqbkm8oQynok35,,uuid:6309beda-a271-47e0-9cf7-bc23bedd8d2a,162,Chennai,Chennai,13.067738,80.246537,device_gps,OK
2026-06-30T16:56:25.388000+05:30,2026-06-30T17:14:33.805000+05:30,2026-06-30T16:56:00+05:30,Towards Besant Nagar,13.048327 80.25384 -66.9000015258789 11.100000381469727,13.048327,80.25384,-66.90000153,11.10000038,,Stainless Steel Bus Shelter,Unclean/Poorly Maintained,On the road edge / footpath edge – directly adjacent to traffic The road/footpath is too narrow ,0,1,1,,No,Yes,No,,1 - this is a standalone shelter ,At the bus stop – buses pull up to the shelter/marked stop,1,0,0,0,One Step Out (30 cm to 1 meter): Passengers have to step down onto the road surface first to board.,"Footpath available to reach the bus stop from both directions Footpath is walkable and free of encroachment like parking, vendors, utility boxes, garbage, etc Ramp for wheelchair users to access the bus stop",1,1,1,0,0,0,0,,"Partially encroached – e.g., vendors, parked two-wheelers, auto-rickshaws, construction material",No – area appears well-drained,"Safe – well-lit, visible, and active surroundings", No – overcrowded or high number of people standing on the road,Yes – roof is intact and effective,Yes – sufficient shade from the bus shelter,Yes – the bus shelter itself has a working light,Yes – clear sightline to see the approaching buses,"Yes - the seating is of the right height, width, and depth to sit comfortably while waiting for the bus",Yes – name is prominently visible and legible,No information displayed at all,Seating / bench Dustbin / waste bin,1,0,1,0,0,0,0,0,"Mixed Use - A mix of commercial/residential/office, etc",Yes – advertisements dominate; passenger information is secondary,"The bus stop near Stella Maris College is located in a busy area with regular student and public movement. During peak hours, crowding occurs, and the waiting area could be more organized with better passenger facilities.","Provide a larger waiting shelter with adequate seating for students and passengers. Improve cleanliness, lighting, and clear display of bus route/timing information.",125067-17_13_56.jpg,https://kf.kobotoolbox.org/api/v2/assets/axZaE8YRFpZYaQWWvuZPyu/data/796977615/attachments/attdLhbC47GVcELRL2Qa2XCG/,125069-17_14_6.jpg,https://kf.kobotoolbox.org/api/v2/assets/axZaE8YRFpZYaQWWvuZPyu/data/796977615/attachments/attFic95Vp2jLfkoKaLAsxmS/,125064-17_14_14.jpg,https://kf.kobotoolbox.org/api/v2/assets/axZaE8YRFpZYaQWWvuZPyu/data/796977615/attachments/att9GUaBAc9p9ybpRNqBc39w/,125066-17_14_30.jpg,https://kf.kobotoolbox.org/api/v2/assets/axZaE8YRFpZYaQWWvuZPyu/data/796977615/attachments/attKj4BqUCkLnaip4W2VV8JR/,796977615,c9234b28-a405-415c-840d-0c82fd472f18,2026-06-30T17:14:42+05:30,,,submitted_via_web,vWYt35PLUqbkm8oQynok35,,uuid:c9234b28-a405-415c-840d-0c82fd472f18,163,Chennai,Chennai,13.048327,80.25384,device_gps,OK
2026-06-30T18:08:54.283000+05:30,2026-06-30T18:22:29.960000+05:30,2026-06-30T18:09:00+05:30,Meersahipet Market,13.053483 80.268214 -68.30000305175781 19.547000885009766,13.053483,80.268214,-68.30000305,19.54700089,,Stainless Steel Bus Shelter,Satisfactory – minor wear/dusty but usable,On the road edge / footpath edge – directly adjacent to traffic,0,1,0,,No,No,No,,1 - this is a standalone shelter ,At the bus stop – buses pull up to the shelter/marked stop,1,0,0,0,Perfect / Flush (Less than 30 cm): Passengers can step directly from the footpath onto the bus.,Pedestrian crossing at/close to the bus stop to cross the road?,0,0,0,0,0,1,0,,"Partially encroached – e.g., vendors, parked two-wheelers, auto-rickshaws, construction material",No – area appears well-drained,"Safe – well-lit, visible, and active surroundings", No – overcrowded or high number of people standing on the road,"Yes – but the roof is inadequate (too tall, too small, gaps, or partial coverage)",No – exposed to full sun,Yes – the bus shelter itself has a working light,"No – sightline is blocked (by structure, advertisement boards, trees, or parked vehicles)","Yes - the seating is of the right height, width, and depth to sit comfortably while waiting for the bus","Yes – but faded, small, or difficult to read",No information displayed at all,Seating / bench,1,0,0,0,0,0,0,0,"Mostly commercial - Retail shops. restaurants, cafes, markets, etc",Yes – advertisements dominate; passenger information is secondary,backside of shelter is occupied by empty water cans,One more shelter and display board for buses,IMG20260630180710-18_22_8.jpg,https://kf.kobotoolbox.org/api/v2/assets/axZaE8YRFpZYaQWWvuZPyu/data/797089611/attachments/attJPXNRDJSy2wtVGpgn7GJH/,IMG20260630181944-18_22_18.jpg,https://kf.kobotoolbox.org/api/v2/assets/axZaE8YRFpZYaQWWvuZPyu/data/797089611/attachments/attt9cBAp2UpHa5z7ZTSKkx8/,IMG20260630180710-18_19_16.jpg,https://kf.kobotoolbox.org/api/v2/assets/axZaE8YRFpZYaQWWvuZPyu/data/797089611/attachments/attCrscazhzDdXRVFgcKbqpd/,,,797089611,6afd6cfd-bd27-4b36-8b8c-5760ae2a6989,2026-06-30T18:22:35+05:30,,,submitted_via_web,vWYt35PLUqbkm8oQynok35,,uuid:6afd6cfd-bd27-4b36-8b8c-5760ae2a6989,164,Chennai,Chennai,13.053483,80.268214,device_gps,OK
2026-06-30T18:34:49.088000+05:30,2026-06-30T18:39:40.950000+05:30,2026-06-30T18:35:00+05:30,Meersahipet Market,13.053421 80.269063 -67.4000015258789 13.50100040435791,13.053421,80.269063,-67.40000153,13.5010004,,Concrete/Masonry Bus Shelter,Unclean/Poorly Maintained,On the road edge / footpath edge – directly adjacent to traffic,0,1,0,,No,No,No,,1 - this is a standalone shelter ,Bus stop not clearly marked,0,0,1,0,No footpath available,None of the above,0,0,0,0,0,0,1,,Heavily encroached – the stop is largely unusable because of obstructions,No – area appears well-drained,"Unsafe – poorly lit, isolated, or has a history of feeling threatening", No – overcrowded or high number of people standing on the road,No – The roof is too damaged or broken to provide shelter,Partial – some shade but insufficient,No – inadequate or no lighting at all,Yes – clear sightline to see the approaching buses,No seating available,No – name is missing,No information displayed at all,None of the Above,0,0,0,0,0,0,0,1,"Mostly commercial - Retail shops. restaurants, cafes, markets, etc",No advertisements,No space at all,Need to change the shelter and add a light and display board,IMG20260630183426-18_39_5.jpg,https://kf.kobotoolbox.org/api/v2/assets/axZaE8YRFpZYaQWWvuZPyu/data/797122695/attachments/attQgPmdmgFe9t9vfvCUPgCm/,IMG20260630183357_BURST001_COVER-18_39_18.jpg,https://kf.kobotoolbox.org/api/v2/assets/axZaE8YRFpZYaQWWvuZPyu/data/797122695/attachments/attWjYZpmcTYazpkeVkwkGZZ/,,,,,797122695,30c8cfab-a87b-4489-8e8f-232e47b98120,2026-06-30T18:39:45+05:30,,,submitted_via_web,vWYt35PLUqbkm8oQynok35,,uuid:30c8cfab-a87b-4489-8e8f-232e47b98120,165,Chennai,Chennai,13.053421,80.269063,device_gps,OK
2026-06-30T18:08:56.844000+05:30,2026-06-30T18:44:35.626000+05:30,2026-06-30T18:09:00+05:30,Moon Light Ramapuram Chennai,13.025045 80.176719 -63.5 33.819000244140625,13.025045,80.176719,-63.5,33.81900024,,Stainless Steel Bus Shelter,Unclean/Poorly Maintained,"Set back from the road – against a wall, compound, or building edge On the road edge / footpath edge – directly adjacent to traffic The road/footpath is too narrow ",1,1,1,,No,No,No,,1 - this is a standalone shelter ,At the bus stop – buses pull up to the shelter/marked stop Away from the bus stop – buses stop before or beyond the shelter/marked location,1,1,0,0,"Way Out in the Road (More than 1 meter): The bus stops far from the footpath, blocking a lane of traffic, forcing people to walk across active traffic to board the bus",Pedestrian crossing at/close to the bus stop to cross the road? None of the above,0,0,0,0,0,1,1,,"Partially encroached – e.g., vendors, parked two-wheelers, auto-rickshaws, construction material","Yes – signs of standing water, algae, or drainage issues visible","Somewhat safe – some concerns (e.g., poor visibility, isolated location)", No – overcrowded or high number of people standing on the road,Yes – roof is intact and effective,Yes – sufficient shade from the bus shelter,Partially – some light but insufficient,Yes – clear sightline to see the approaching buses,"Yes - the seating is of the right height, width, and depth to sit comfortably while waiting for the bus",Yes – name is prominently visible and legible,Yes – route list is prominently displayed and appears current,Seating / bench Digital information boards with real time arrival information and service alerts,1,0,0,0,0,0,1,0,"Mixed Use - A mix of commercial/residential/office, etc",No advertisements,Two wheelers cross very near the pedestrians and passengers need to wait for Two wheelers to board the bus. STOP is very to traffic so people may stubble in medium to big accident if comes in urgency.,"1.Heavy traffic area durinv peak hours, Some Space must be always needed between bus stop and the road for avoiding passengers waiting and Two wheelers getting stumbled. 2.Horn sound is beyond bearable limit, so any remedy can be done for this.",1000317658-18_43_2.jpg,https://kf.kobotoolbox.org/api/v2/assets/axZaE8YRFpZYaQWWvuZPyu/data/797132093/attachments/attXnMFRTG2uvMFLjWWer7cF/,1000317652-18_43_15.jpg,https://kf.kobotoolbox.org/api/v2/assets/axZaE8YRFpZYaQWWvuZPyu/data/797132093/attachments/attHqrVDNnWhu3Tgjmcb9n7x/,1000317653-18_43_31.jpg,https://kf.kobotoolbox.org/api/v2/assets/axZaE8YRFpZYaQWWvuZPyu/data/797132093/attachments/attcKpvd9s2HGSrzznUq8p3U/,1000317654-18_43_46.jpg,https://kf.kobotoolbox.org/api/v2/assets/axZaE8YRFpZYaQWWvuZPyu/data/797132093/attachments/attPGV6z72uRR2UF6KcDGuzA/,797132093,e2963af7-9a84-4be9-834f-b2bacc57e7bf,2026-06-30T18:44:52+05:30,,,submitted_via_web,vWYt35PLUqbkm8oQynok35,,uuid:e2963af7-9a84-4be9-834f-b2bacc57e7bf,166,Chennai,Chennai,13.025045,80.176719,device_gps,OK
2026-06-30T18:39:55.844000+05:30,2026-06-30T18:47:34.009000+05:30,2026-06-30T18:40:00+05:30,Sakhi JV,,,,,,https://maps.app.goo.gl/AYr1sZphoTVzn7kNA?g_st=ac,Stainless Steel Bus Shelter,Unclean/Poorly Maintained,On the road edge / footpath edge – directly adjacent to traffic,0,1,0,,No,No,No,,1 - this is a standalone shelter ,At the bus stop – buses pull up to the shelter/marked stop,1,0,0,0,Perfect / Flush (Less than 30 cm): Passengers can step directly from the footpath onto the bus.,None of the above,0,0,0,0,0,0,1,," Yes – fully accessible, no obstructions","Yes – signs of standing water, algae, or drainage issues visible","Unsafe – poorly lit, isolated, or has a history of feeling threatening", No – overcrowded or high number of people standing on the road,"Yes – but the roof is inadequate (too tall, too small, gaps, or partial coverage)",Partial – some shade but insufficient,No – inadequate or no lighting at all,Yes – clear sightline to see the approaching buses,"Yes - the seating is of the right height, width, and depth to sit comfortably while waiting for the bus",No – name is missing,No information displayed at all,Seating / bench,1,0,0,0,0,0,0,0,"Mostly commercial - Retail shops. restaurants, cafes, markets, etc",Yes – advertisements dominate; passenger information is secondary,The roof is very small. During rainfall the water directly pours in,No lights in the bus stop.,1000358947-18_47_31.jpg,https://kf.kobotoolbox.org/api/v2/assets/axZaE8YRFpZYaQWWvuZPyu/data/797136722/attachments/attD7hGsxMaskf3PJNmfTiWe/,,,,,,,797136722,8a2ebb7c-6419-48d1-8137-65597c03e618,2026-06-30T18:47:37+05:30,,,submitted_via_web,vWYt35PLUqbkm8oQynok35,,uuid:8a2ebb7c-6419-48d1-8137-65597c03e618,167,Chennai,Chennai,13.045653,80.186966,gmaps_link,OK
2026-06-30T18:47:34.120000+05:30,2026-06-30T19:08:46.405000+05:30,2026-06-30T19:00:00+05:30,Sakhi JV,,,,,,https://maps.app.goo.gl/CZ1VXgCzg18dDXS68,Concrete/Masonry Bus Shelter,Satisfactory – minor wear/dusty but usable,"Set back from the road – against a wall, compound, or building edge",1,0,0,,Yes,Yes,Yes,Yes - It's free of obstructions and feels safe to use,4+,At the bus stop – buses pull up to the shelter/marked stop,1,0,0,0,Perfect / Flush (Less than 30 cm): Passengers can step directly from the footpath onto the bus.,"Footpath available to reach the bus stop from both directions Footpath is walkable and free of encroachment like parking, vendors, utility boxes, garbage, etc",1,1,0,0,0,0,0,," Yes – fully accessible, no obstructions","Yes – signs of standing water, algae, or drainage issues visible","Safe – well-lit, visible, and active surroundings",Yes – adequate space for passengers,Yes – roof is intact and effective,Yes – sufficient shade from the bus shelter,Yes – the bus shelter itself has a working light,Yes – clear sightline to see the approaching buses,"Yes - the seating is of the right height, width, and depth to sit comfortably while waiting for the bus",Yes – name is prominently visible and legible,"Yes – but information is unclear, faded, or partially missing",Seating / bench Dustbin / waste bin,1,0,1,0,0,0,0,0,"Mostly commercial - Retail shops. restaurants, cafes, markets, etc",Yes – advertisements present but passenger information is still clearly visible,The bus stand is overall in good condition. But during rainfall the floor gets flooded and it's very difficult to walk.,At night the bus stand is filled with drunk people so it kinda feels unsafe at night.,1000358978-19_8_37.jpg,https://kf.kobotoolbox.org/api/v2/assets/axZaE8YRFpZYaQWWvuZPyu/data/797176214/attachments/attMpUgKQwoKQJCiVHwWGsLj/,,,,,,,797176214,6aaa7b0c-a984-4509-9805-5e37366334a8,2026-06-30T19:08:56+05:30,,,submitted_via_web,vWYt35PLUqbkm8oQynok35,,uuid:6aaa7b0c-a984-4509-9805-5e37366334a8,168,Chennai,Chennai,13.049222,80.207094,gmaps_link,OK
2026-06-30T18:44:35.904000+05:30,2026-06-30T19:13:33.447000+05:30,2026-06-30T18:55:00+05:30,DLF /L&T Ramapuram (Towards Porur),13.024279 80.178158 -44.500003814697266 7.699999809265137,13.024279,80.178158,-44.50000381,7.699999809,,Stainless Steel Bus Shelter,Satisfactory – minor wear/dusty but usable,"Set back from the road – against a wall, compound, or building edge On the road edge / footpath edge – directly adjacent to traffic The road/footpath is too narrow ",1,1,1,,No,No,No,,2,At the bus stop – buses pull up to the shelter/marked stop,1,0,0,0,Perfect / Flush (Less than 30 cm): Passengers can step directly from the footpath onto the bus.,"Footpath available to reach the bus stop from both directions Footpath is walkable and free of encroachment like parking, vendors, utility boxes, garbage, etc Pedestrian crossing at/close to the bus stop to cross the road?",1,1,0,0,0,1,0,," Yes – fully accessible, no obstructions","Yes – signs of standing water, algae, or drainage issues visible","Somewhat safe – some concerns (e.g., poor visibility, isolated location)", No – overcrowded or high number of people standing on the road,"Yes – but the roof is inadequate (too tall, too small, gaps, or partial coverage)",Partial – some shade but insufficient,No – inadequate or no lighting at all,Yes – clear sightline to see the approaching buses,"Yes - the seating is of the right height, width, and depth to sit comfortably while waiting for the bus",No – name is missing,No information displayed at all,Seating / bench,1,0,0,0,0,0,0,0,"Mostly commercial - Office buildings, malls, large stores, etc",Yes – advertisements dominate; passenger information is secondary,"No Light at all for the evening and night passengers, 90% darker","1.Less space for boarding bus and shelter and seating a less during peak hours over crowded so space can be increased. 2. NO foot path for pedestrian walking People, passenger and footpath users stubble one another due to no space for walking",1000317660-19_11_30.jpg,https://kf.kobotoolbox.org/api/v2/assets/axZaE8YRFpZYaQWWvuZPyu/data/797184232/attachments/attg9ZSN5HcGUDnQG8X4ifXC/,1000317664-19_11_51.jpg,https://kf.kobotoolbox.org/api/v2/assets/axZaE8YRFpZYaQWWvuZPyu/data/797184232/attachments/attPDufctT253iRn96CZBtHp/,1000317663-19_12_3.jpg,https://kf.kobotoolbox.org/api/v2/assets/axZaE8YRFpZYaQWWvuZPyu/data/797184232/attachments/attjwVwkYSyiMMzZZhUUiZ9o/,1000317665-19_13_22.jpg,https://kf.kobotoolbox.org/api/v2/assets/axZaE8YRFpZYaQWWvuZPyu/data/797184232/attachments/attiXcApArxKwTNyD8jyWtZR/,797184232,88f8747a-67d4-432d-9070-06daeba81567,2026-06-30T19:13:40+05:30,,,submitted_via_web,vWYt35PLUqbkm8oQynok35,,uuid:88f8747a-67d4-432d-9070-06daeba81567,169,Chennai,Chennai,13.024279,80.178158,device_gps,OK
2026-06-30T19:33:55.622000+05:30,2026-06-30T19:52:16.762000+05:30,2026-06-30T19:46:00+05:30,"Meenakshi College (Arcot Road, Kodambakkam)",13.053992 80.227359 -54.000003814697266 68.36100006103516,13.053992,80.227359,-54.00000381,68.36100006,,Stainless Steel Bus Shelter, Clean and Well Maintained,"Set back from the road – against a wall, compound, or building edge",1,0,0,,No,Yes,Yes,,2,At the bus stop – buses pull up to the shelter/marked stop,1,0,0,0,Perfect / Flush (Less than 30 cm): Passengers can step directly from the footpath onto the bus.,"Footpath available to reach the bus stop from both directions Footpath is walkable and free of encroachment like parking, vendors, utility boxes, garbage, etc Ramp for wheelchair users to access the bus stop Ramp is in usable condition (not too steep, not broken, nor blocked) Pedestrian crossing at/close to the bus stop to cross the road?",1,1,1,1,0,1,0,," Yes – fully accessible, no obstructions","Yes – signs of standing water, algae, or drainage issues visible","Safe – well-lit, visible, and active surroundings",Yes – adequate space for passengers,Yes – roof is intact and effective,Yes - from both bus shelter AND trees,Yes – the bus shelter itself has a working light,Yes – clear sightline to see the approaching buses,"Yes - the seating is of the right height, width, and depth to sit comfortably while waiting for the bus",Yes – name is prominently visible and legible,Yes – route list is prominently displayed and appears current,Seating / bench Dustbin / waste bin CCTV camera Digital information boards with real time arrival information and service alerts,1,0,1,0,0,1,1,0,"Mixed Use - A mix of commercial/residential/office, etc",Yes – advertisements present but passenger information is still clearly visible,,,1000330878-19_51_21.jpg,https://kf.kobotoolbox.org/api/v2/assets/axZaE8YRFpZYaQWWvuZPyu/data/797249561/attachments/attyKceHqFmKTBpcVcR83vw3/,1000330877-19_51_28.jpg,https://kf.kobotoolbox.org/api/v2/assets/axZaE8YRFpZYaQWWvuZPyu/data/797249561/attachments/attkREAD3dfsqseYN8Q6SMwe/,1000330881-19_51_45.jpg,https://kf.kobotoolbox.org/api/v2/assets/axZaE8YRFpZYaQWWvuZPyu/data/797249561/attachments/attDyG2XRQ7yZWeKmDsAZvbG/,,,797249561,f1c30158-53cc-4ee0-8446-dc5daa72840f,2026-06-30T19:52:27+05:30,,,submitted_via_web,vWYt35PLUqbkm8oQynok35,,uuid:f1c30158-53cc-4ee0-8446-dc5daa72840f,170,Chennai,Chennai,13.053992,80.227359,device_gps,OK
2026-06-30T20:31:04.069000+05:30,2026-06-30T20:55:09.205000+05:30,2026-06-30T19:15:00+05:30,Vadapalani Murugan Temple (towards Kodambakkam),,,,,,https://maps.app.goo.gl/BDVWKBrGwfjHNfiE6?g_st=ac,Other Metal Bus Shelter (Other than Stainless Steel),Satisfactory – minor wear/dusty but usable,"Set back from the road – against a wall, compound, or building edge",1,0,0,,No,No,No,,1 - this is a standalone shelter ,At the bus stop – buses pull up to the shelter/marked stop,1,0,0,0,One Step Out (30 cm to 1 meter): Passengers have to step down onto the road surface first to board.,None of the above,0,0,0,0,0,0,1,,"Partially encroached – e.g., vendors, parked two-wheelers, auto-rickshaws, construction material","Yes – signs of standing water, algae, or drainage issues visible","Safe – well-lit, visible, and active surroundings", No – overcrowded or high number of people standing on the road,"Yes – but the roof is inadequate (too tall, too small, gaps, or partial coverage)",Partial – some shade but insufficient,"Yes – lit by nearby street lights, shop fronts, or advertisement boards",Yes – clear sightline to see the approaching buses,"Yes - the seating is of the right height, width, and depth to sit comfortably while waiting for the bus",No – name is missing,No information displayed at all,None of the Above,0,0,0,0,0,0,0,1,"Mostly commercial - Retail shops. restaurants, cafes, markets, etc",No advertisements,"Because of metrorail work, the bus stop is not well constructed nor maintained. It is an important stop, so I urge the authorities to fix it right at the earliest.",,1000330856-20_53_43.jpg,https://kf.kobotoolbox.org/api/v2/assets/axZaE8YRFpZYaQWWvuZPyu/data/797356791/attachments/att5GijJAAybyaF52P8epPRz/,,,,,,,797356791,09248747-6242-4462-bbbd-3ec1a23a26ef,2026-06-30T20:55:14+05:30,,,submitted_via_web,vWYt35PLUqbkm8oQynok35,,uuid:09248747-6242-4462-bbbd-3ec1a23a26ef,171,Chennai,Chennai,13.050229,80.213515,gmaps_link,OK
2026-06-30T20:55:09.305000+05:30,2026-06-30T21:12:19.481000+05:30,2026-06-30T19:30:00+05:30,Powerhouse Kodambakkam,,,,,,https://maps.app.goo.gl/F5J6TC7GajMTW7SK7,"Only ""Bus Stop"" Signboard - No Bus Shelter",,On the road edge / footpath edge – directly adjacent to traffic,0,1,0,,No,No,No,,,At the bus stop – buses pull up to the shelter/marked stop,1,0,0,0,One Step Out (30 cm to 1 meter): Passengers have to step down onto the road surface first to board.,None of the above,0,0,0,0,0,0,1,,"Partially encroached – e.g., vendors, parked two-wheelers, auto-rickshaws, construction material",Unsure,"Safe – well-lit, visible, and active surroundings",,,Partial – some shade but insufficient,"Yes – lit by nearby street lights, shop fronts, or advertisement boards",,,No – name is missing,No information displayed at all,None of the Above,0,0,0,0,0,0,0,1,"Mostly commercial - Retail shops. restaurants, cafes, markets, etc",,"Due to metro rail construction, the bus stop is not available. In the middle of the road, just below the metro bridge, there's a signboard 'MTC Bus stop' with a bench.",I hope the authorities build a proper bus stop at the earliest.,1000330858-21_12_8.jpg,https://kf.kobotoolbox.org/api/v2/assets/axZaE8YRFpZYaQWWvuZPyu/data/797381951/attachments/attWfhQZH8PzYpyriiQfwUng/,1000330859-21_12_15.jpg,https://kf.kobotoolbox.org/api/v2/assets/axZaE8YRFpZYaQWWvuZPyu/data/797381951/attachments/attC7FMHeh6Ff2zgtsXBhz9t/,,,,,797381951,78725297-fa7e-49c1-a636-ad3925ad1473,2026-06-30T21:12:26+05:30,,,submitted_via_web,vWYt35PLUqbkm8oQynok35,,uuid:78725297-fa7e-49c1-a636-ad3925ad1473,172,Chennai,Chennai,13.05219,80.219365,gmaps_link,OK
2026-06-30T22:21:34.452000+05:30,2026-06-30T22:34:05.752000+05:30,2026-06-22T07:15:00+05:30,Navalur AGS,,,,,,https://maps.app.goo.gl/MHuaSxgALexheChy6?g_st=ac,Other Metal Bus Shelter (Other than Stainless Steel),Unclean/Poorly Maintained,On the road edge / footpath edge – directly adjacent to traffic,0,1,0,,Yes,No,No,No - It's very unhygienic or feels unsafe to use,1 - this is a standalone shelter ,Bus stop not clearly marked,0,0,1,0,"Way Out in the Road (More than 1 meter): The bus stops far from the footpath, blocking a lane of traffic, forcing people to walk across active traffic to board the bus",None of the above,0,0,0,0,0,0,1,," Yes – fully accessible, no obstructions",No – area appears well-drained,"Safe – well-lit, visible, and active surroundings", No – overcrowded or high number of people standing on the road,"Yes – but the roof is inadequate (too tall, too small, gaps, or partial coverage)",Partial – some shade but insufficient,"Yes – lit by nearby street lights, shop fronts, or advertisement boards","No – sightline is blocked (by structure, advertisement boards, trees, or parked vehicles)","Yes - the seating is of the right height, width, and depth to sit comfortably while waiting for the bus",No – name is missing,No information displayed at all,Seating / bench,1,0,0,0,0,0,0,0,"Mostly commercial - Office buildings, malls, large stores, etc",No advertisements,"The bus stop as s paver blocks on the floors, which hinders movement. This makes the bus stop very inconvenient and dangerous for walkers and users..One if the metal supports look slanting.","Roof is not at all enough, this looks like a temporary structure, need to be upgraded.",1000325386-22_33_21.jpg,https://kf.kobotoolbox.org/api/v2/assets/axZaE8YRFpZYaQWWvuZPyu/data/797471614/attachments/attRZE9wFWzU8Zp5x7sZ5qGh/,1000325385-22_33_35.jpg,https://kf.kobotoolbox.org/api/v2/assets/axZaE8YRFpZYaQWWvuZPyu/data/797471614/attachments/attrqR2DovvqNcazA3TLWi3D/,,,,,797471614,d7069b05-ec4b-4d0a-9d5b-a071d9ae4e19,2026-06-30T22:34:10+05:30,,,submitted_via_web,vWYt35PLUqbkm8oQynok35,,uuid:d7069b05-ec4b-4d0a-9d5b-a071d9ae4e19,173,Chennai,Chennai,12.850504,80.22641,gmaps_link,OK
2026-06-30T21:12:19.625000+05:30,2026-06-30T22:48:48.056000+05:30,2026-06-30T20:00:00+05:30,Liberty Bus Stop,,,,,,https://maps.app.goo.gl/ZMHv1fwNFLkRaH6s9?g_st=ac,Other Metal Bus Shelter (Other than Stainless Steel),Satisfactory – minor wear/dusty but usable,On the road edge / footpath edge – directly adjacent to traffic,0,1,0,,No,No,No,,1 - this is a standalone shelter ,At the bus stop – buses pull up to the shelter/marked stop,1,0,0,0,One Step Out (30 cm to 1 meter): Passengers have to step down onto the road surface first to board.,None of the above,0,0,0,0,0,0,1,,"Partially encroached – e.g., vendors, parked two-wheelers, auto-rickshaws, construction material",Unsure,"Safe – well-lit, visible, and active surroundings", No – overcrowded or high number of people standing on the road,"Yes – but the roof is inadequate (too tall, too small, gaps, or partial coverage)",Partial – some shade but insufficient,"Yes – lit by nearby street lights, shop fronts, or advertisement boards",Yes – clear sightline to see the approaching buses,"Yes - the seating is of the right height, width, and depth to sit comfortably while waiting for the bus","Yes – but faded, small, or difficult to read",No information displayed at all,Seating / bench CCTV camera,1,0,0,0,0,1,0,0,"Mostly commercial - Retail shops. restaurants, cafes, markets, etc",No advertisements,,,1000330888-22_48_19.jpg,https://kf.kobotoolbox.org/api/v2/assets/axZaE8YRFpZYaQWWvuZPyu/data/797483943/attachments/atttxT2HpXmQ6QhYHe7vfVwc/,1000330887-22_48_25.jpg,https://kf.kobotoolbox.org/api/v2/assets/axZaE8YRFpZYaQWWvuZPyu/data/797483943/attachments/attrb5zR3pw4NHZ8n9VA3mTK/,,,,,797483943,a05ff8b4-39f3-49c9-a7fc-224d54e6fcfc,2026-06-30T22:48:54+05:30,,,submitted_via_web,vWYt35PLUqbkm8oQynok35,,uuid:a05ff8b4-39f3-49c9-a7fc-224d54e6fcfc,174,Chennai,Chennai,13.053317,80.227831,gmaps_link,OK
2026-06-29T23:19:35.099000+05:30,2026-06-29T23:26:10.857000+05:30,2026-06-19T09:23:00+05:30,Sithalapakkam(Towards Ottiyambakkam)),12.88707 80.18427 0 0,12.88707,80.18427,0,0,,Concrete/Masonry Bus Shelter,Satisfactory – minor wear/dusty but usable,"Set back from the road – against a wall, compound, or building edge",1,0,0,,No,No,No,,1 - this is a standalone shelter ,At the bus stop – buses pull up to the shelter/marked stop,1,0,0,0,No footpath available,None of the above,0,0,0,0,0,0,1,," Yes – fully accessible, no obstructions",Unsure,"Somewhat safe – some concerns (e.g., poor visibility, isolated location)",Unsure,"Yes – but the roof is inadequate (too tall, too small, gaps, or partial coverage)",Partial – some shade but insufficient,"Yes – lit by nearby street lights, shop fronts, or advertisement boards",Yes – clear sightline to see the approaching buses,No - the seating is too small to sit comfortably ,"Yes – but faded, small, or difficult to read",No information displayed at all,Seating / bench,1,0,0,0,0,0,0,0,"Mostly commercial - Retail shops. restaurants, cafes, markets, etc",Yes – advertisements dominate; passenger information is secondary,,,1000240347-23_25_28.jpg,https://kf.kobotoolbox.org/api/v2/assets/axZaE8YRFpZYaQWWvuZPyu/data/797815958/attachments/attu7JGbBTh5D7NMTfqMTZCW/,1000240349-23_25_37.jpg,https://kf.kobotoolbox.org/api/v2/assets/axZaE8YRFpZYaQWWvuZPyu/data/797815958/attachments/attQNJtJ5JAwzSFLfKPVypZP/,,,,,797815958,16085d38-1e8a-4214-a591-81079a4653da,2026-07-01T09:02:19+05:30,,,submitted_via_web,vWYt35PLUqbkm8oQynok35,,uuid:16085d38-1e8a-4214-a591-81079a4653da,175,Chennai,Chennai,12.88707,80.18427,device_gps,OK
2026-06-29T23:26:10.945000+05:30,2026-07-01T09:10:03.994000+05:30,2026-05-31T20:24:00+05:30,Arasankazhani,12.878757 80.197761 0 0,12.878757,80.197761,0,0,,"Only ""Bus Stop"" Signboard - No Bus Shelter",,On the road edge / footpath edge – directly adjacent to traffic The road/footpath is too narrow ,0,1,1,,No,Yes,No,,,At the bus stop – buses pull up to the shelter/marked stop,1,0,0,0,"Way Out in the Road (More than 1 meter): The bus stops far from the footpath, blocking a lane of traffic, forcing people to walk across active traffic to board the bus",None of the above,0,0,0,0,0,0,1,,"Partially encroached – e.g., vendors, parked two-wheelers, auto-rickshaws, construction material",No – area appears well-drained,"Somewhat safe – some concerns (e.g., poor visibility, isolated location)",,,No – exposed to full sun,"Yes – lit by nearby street lights, shop fronts, or advertisement boards",,,Yes – name is prominently visible and legible,No information displayed at all,None of the Above,0,0,0,0,0,0,0,1,"Mostly commercial - Retail shops. restaurants, cafes, markets, etc",,,,1000244797-9_9_27.jpg,https://kf.kobotoolbox.org/api/v2/assets/axZaE8YRFpZYaQWWvuZPyu/data/797818458/attachments/attsx7UDvT5g3yu3DrPHfMzM/,1000244791-9_9_33.jpg,https://kf.kobotoolbox.org/api/v2/assets/axZaE8YRFpZYaQWWvuZPyu/data/797818458/attachments/attrvKK7Tbrkz3Ditdqt9ato/,,,,,797818458,23a9ee0a-961b-46d8-a148-d8298bd20650,2026-07-01T09:10:07+05:30,,,submitted_via_web,vWYt35PLUqbkm8oQynok35,,uuid:23a9ee0a-961b-46d8-a148-d8298bd20650,176,Chennai,Chennai,12.878757,80.197761,device_gps,OK
2026-07-01T11:51:34.412000+05:30,2026-07-01T12:24:56.189000+05:30,2026-07-01T12:11:00+05:30,Semmencheri Aazhamaram,12.861523 80.226598 -73.70000457763672 39,12.861523,80.226598,-73.70000458,39,,Stainless Steel Bus Shelter,Unclean/Poorly Maintained,On the road edge / footpath edge – directly adjacent to traffic,0,1,0,,No,No,No,,1 - this is a standalone shelter ,Away from the bus stop – buses stop before or beyond the shelter/marked location,0,1,0,0,One Step Out (30 cm to 1 meter): Passengers have to step down onto the road surface first to board.,Pedestrian crossing at/close to the bus stop to cross the road?,0,0,0,0,0,1,0,," Yes – fully accessible, no obstructions","Yes – signs of standing water, algae, or drainage issues visible","Unsafe – poorly lit, isolated, or has a history of feeling threatening",Yes – adequate space for passengers,No – The roof is too damaged or broken to provide shelter,No – exposed to full sun,No – inadequate or no lighting at all,Yes – clear sightline to see the approaching buses,"Yes - the seating is of the right height, width, and depth to sit comfortably while waiting for the bus",No – name is missing,No information displayed at all,Seating / bench Sufficient seating for the number of people typically waiting,1,1,0,0,0,0,0,0,"Mostly commercial - Retail shops. restaurants, cafes, markets, etc",Yes – advertisements dominate; passenger information is secondary,Roof is in very bad condition. Can fly anytime and is in tin,Need to better the footpath which is inaccessible,20260701_121917-12_22_9.jpg,https://kf.kobotoolbox.org/api/v2/assets/axZaE8YRFpZYaQWWvuZPyu/data/797930293/attachments/attqL8jxVfjZ8rurUG3XM7aL/,20260701_122315-12_23_52.jpg,https://kf.kobotoolbox.org/api/v2/assets/axZaE8YRFpZYaQWWvuZPyu/data/797930293/attachments/attzyB9Wh6dETSK2VUKB5SDv/,20260701_122338-12_23_59.jpg,https://kf.kobotoolbox.org/api/v2/assets/axZaE8YRFpZYaQWWvuZPyu/data/797930293/attachments/attwgXhkRDQwkiDvaRMnXLGd/,20260701_121536-12_24_6.jpg,https://kf.kobotoolbox.org/api/v2/assets/axZaE8YRFpZYaQWWvuZPyu/data/797930293/attachments/attFFe9Jyh8WknsCpYfQwT8r/,797930293,19ab6585-e3d5-492e-9b4a-48ad5f0d11a4,2026-07-01T12:24:56+05:30,,,submitted_via_web,vWYt35PLUqbkm8oQynok35,,uuid:19ab6585-e3d5-492e-9b4a-48ad5f0d11a4,177,Chennai,Chennai,12.861523,80.226598,device_gps,OK
2026-07-01T12:24:56.407000+05:30,2026-07-01T12:34:37.338000+05:30,2026-07-01T12:26:00+05:30,Sathyabhama Semmencheri,12.871697 80.226327 -77.10000610351562 43.04899978637695,12.871697,80.226327,-77.1000061,43.04899979,,Stainless Steel Bus Shelter,Satisfactory – minor wear/dusty but usable,On the road edge / footpath edge – directly adjacent to traffic,0,1,0,,No,No,No,,1 - this is a standalone shelter ,Away from the bus stop – buses stop before or beyond the shelter/marked location,0,1,0,0,One Step Out (30 cm to 1 meter): Passengers have to step down onto the road surface first to board.,None of the above,0,0,0,0,0,0,1,," Yes – fully accessible, no obstructions",No – area appears well-drained,"Safe – well-lit, visible, and active surroundings", No – overcrowded or high number of people standing on the road,Yes – roof is intact and effective,Partial – some shade but insufficient,"Yes – lit by nearby street lights, shop fronts, or advertisement boards",Yes – clear sightline to see the approaching buses,"Yes - the seating is of the right height, width, and depth to sit comfortably while waiting for the bus",No – name is missing,No information displayed at all,Seating / bench,1,0,0,0,0,0,0,0,"Mostly Institutional - Schools, Hospitals, Govt. Offices, etc",Yes – advertisements dominate; passenger information is secondary,Platform is broken on both sides.,clean debris and repave the pavement,20260701_123325-12_34_15.jpg,https://kf.kobotoolbox.org/api/v2/assets/axZaE8YRFpZYaQWWvuZPyu/data/797939349/attachments/atteAf9E55mA9vh8j4vN98Yw/,20260701_123339-12_34_25.jpg,https://kf.kobotoolbox.org/api/v2/assets/axZaE8YRFpZYaQWWvuZPyu/data/797939349/attachments/attDvfnUHU4riCHSpm7Yuqqc/,20260701_123345-12_34_31.jpg,https://kf.kobotoolbox.org/api/v2/assets/axZaE8YRFpZYaQWWvuZPyu/data/797939349/attachments/attCaMB4KA6khcQxAGNEZcnA/,,,797939349,4a7ff21d-2761-49df-aeaa-e4b4450e0c04,2026-07-01T12:34:38+05:30,,,submitted_via_web,vWYt35PLUqbkm8oQynok35,,uuid:4a7ff21d-2761-49df-aeaa-e4b4450e0c04,178,Chennai,Chennai,12.871697,80.226327,device_gps,OK
2026-07-01T12:34:37.532000+05:30,2026-07-01T12:43:48.560000+05:30,2026-07-01T12:35:00+05:30,Kumaran Nagar Semmencheri,12.87762 80.227025 -76 8.5,12.87762,80.227025,-76,8.5,,Stainless Steel Bus Shelter,Satisfactory – minor wear/dusty but usable,On the road edge / footpath edge – directly adjacent to traffic,0,1,0,,No,No,No,,1 - this is a standalone shelter ,Away from the bus stop – buses stop before or beyond the shelter/marked location,0,1,0,0,One Step Out (30 cm to 1 meter): Passengers have to step down onto the road surface first to board.,None of the above,0,0,0,0,0,0,1,," Yes – fully accessible, no obstructions",No – area appears well-drained,"Safe – well-lit, visible, and active surroundings", No – overcrowded or high number of people standing on the road,No – The roof is too damaged or broken to provide shelter,Partial – some shade but insufficient,"Yes – lit by nearby street lights, shop fronts, or advertisement boards",Yes – clear sightline to see the approaching buses,"Yes - the seating is of the right height, width, and depth to sit comfortably while waiting for the bus",No – name is missing,No information displayed at all,Seating / bench,1,0,0,0,0,0,0,0,"Mixed Use - A mix of commercial/residential/office, etc",Yes – advertisements dominate; passenger information is secondary,The tin roof is broken,,20260701_124142-12_43_40.jpg,https://kf.kobotoolbox.org/api/v2/assets/axZaE8YRFpZYaQWWvuZPyu/data/797947625/attachments/attsLTYssRVefMgDP2hhPzQG/,20260701_124155-12_42_30.jpg,https://kf.kobotoolbox.org/api/v2/assets/axZaE8YRFpZYaQWWvuZPyu/data/797947625/attachments/att6Z5rduCRCmDHnFi3UFsZz/,20260701_124142-12_42_40.jpg,https://kf.kobotoolbox.org/api/v2/assets/axZaE8YRFpZYaQWWvuZPyu/data/797947625/attachments/attvPFCNATpwpupRqZPQpWDz/,,,797947625,d94d3bd4-34ef-4823-8afc-9848d2a327a6,2026-07-01T12:43:49+05:30,,,submitted_via_web,vWYt35PLUqbkm8oQynok35,,uuid:d94d3bd4-34ef-4823-8afc-9848d2a327a6,179,Chennai,Chennai,12.87762,80.227025,device_gps,OK
2026-07-01T12:43:48.737000+05:30,2026-07-01T12:51:39.534000+05:30,2026-07-01T12:47:00+05:30,Ponniaman Kovil stop,12.886236 80.226843 -75.9000015258789 8.5,12.886236,80.226843,-75.90000153,8.5,,Stainless Steel Bus Shelter,Satisfactory – minor wear/dusty but usable,On the road edge / footpath edge – directly adjacent to traffic,0,1,0,,No,No,No,,1 - this is a standalone shelter ,Away from the bus stop – buses stop before or beyond the shelter/marked location,0,1,0,0,One Step Out (30 cm to 1 meter): Passengers have to step down onto the road surface first to board.,"Footpath is walkable and free of encroachment like parking, vendors, utility boxes, garbage, etc",0,1,0,0,0,0,0,," Yes – fully accessible, no obstructions",No – area appears well-drained,"Unsafe – poorly lit, isolated, or has a history of feeling threatening",Yes – adequate space for passengers,"Yes – but the roof is inadequate (too tall, too small, gaps, or partial coverage)",Partial – some shade but insufficient,No – inadequate or no lighting at all,Yes – clear sightline to see the approaching buses,"Yes - the seating is of the right height, width, and depth to sit comfortably while waiting for the bus",No – name is missing,No information displayed at all,Seating / bench,1,0,0,0,0,0,0,0,"Mostly Residential - Housing, Apartments, etc",Yes – advertisements dominate; passenger information is secondary,walkway should be free of debris,the stop is too high...is hard to climb,20260701_124641-12_51_19.jpg,https://kf.kobotoolbox.org/api/v2/assets/axZaE8YRFpZYaQWWvuZPyu/data/797954426/attachments/att2SYCfGKFH5g5bD6UdBReB/,20260701_124641-12_51_28.jpg,https://kf.kobotoolbox.org/api/v2/assets/axZaE8YRFpZYaQWWvuZPyu/data/797954426/attachments/attAZ3nvuPrk7Z29S5VYyDLf/,20260701_125024-12_51_34.jpg,https://kf.kobotoolbox.org/api/v2/assets/axZaE8YRFpZYaQWWvuZPyu/data/797954426/attachments/attWKfdDmhLpkCd8nEGfTSQR/,,,797954426,580d655a-09bd-4881-930a-b42520d452eb,2026-07-01T12:51:39+05:30,,,submitted_via_web,vWYt35PLUqbkm8oQynok35,,uuid:580d655a-09bd-4881-930a-b42520d452eb,180,Chennai,Chennai,12.886236,80.226843,device_gps,OK
2026-07-01T12:51:39.750000+05:30,2026-07-01T12:59:19.473000+05:30,2026-07-01T12:55:00+05:30,Aavin Sholingnallur,12.894568 80.227543 -74.20000457763672 14.5,12.894568,80.227543,-74.20000458,14.5,,Stainless Steel Bus Shelter, Clean and Well Maintained,On the road edge / footpath edge – directly adjacent to traffic,0,1,0,,No,No,No,,1 - this is a standalone shelter ,Away from the bus stop – buses stop before or beyond the shelter/marked location,0,1,0,0,"Way Out in the Road (More than 1 meter): The bus stops far from the footpath, blocking a lane of traffic, forcing people to walk across active traffic to board the bus","Footpath available to reach the bus stop from both directions Footpath is walkable and free of encroachment like parking, vendors, utility boxes, garbage, etc",1,1,0,0,0,0,0,," Yes – fully accessible, no obstructions",No – area appears well-drained,"Somewhat safe – some concerns (e.g., poor visibility, isolated location)",Yes – adequate space for passengers,"Yes – but the roof is inadequate (too tall, too small, gaps, or partial coverage)",Partial – some shade but insufficient,"Yes – lit by nearby street lights, shop fronts, or advertisement boards",Yes – clear sightline to see the approaching buses,"Yes - the seating is of the right height, width, and depth to sit comfortably while waiting for the bus",No – name is missing,No information displayed at all,Seating / bench Sufficient seating for the number of people typically waiting,1,1,0,0,0,0,0,0,"Mostly Institutional - Schools, Hospitals, Govt. Offices, etc",Yes – advertisements dominate; passenger information is secondary,Buses stand way out in the road and the stop is too high for old people,,20260701_125505-12_58_55.jpg,https://kf.kobotoolbox.org/api/v2/assets/axZaE8YRFpZYaQWWvuZPyu/data/797960751/attachments/attKL5vNZL7XSjQw3ixHsjfN/,20260701_125441-12_59_4.jpg,https://kf.kobotoolbox.org/api/v2/assets/axZaE8YRFpZYaQWWvuZPyu/data/797960751/attachments/att9ZEf3c53H3Bt8b3LDPSv5/,20260701_125531-12_59_12.jpg,https://kf.kobotoolbox.org/api/v2/assets/axZaE8YRFpZYaQWWvuZPyu/data/797960751/attachments/attVbdQcEjhYY7UX5QKmXh5W/,,,797960751,7844a5ff-11b6-42f3-a503-5825ad2aabc7,2026-07-01T12:59:19+05:30,,,submitted_via_web,vWYt35PLUqbkm8oQynok35,,uuid:7844a5ff-11b6-42f3-a503-5825ad2aabc7,181,Chennai,Chennai,12.894568,80.227543,device_gps,OK
2026-07-01T12:59:19.636000+05:30,2026-07-01T13:04:52.330000+05:30,2026-07-01T13:01:00+05:30,Aavin Sholingnallur,12.893825 80.227602 -74 69.74400329589844,12.893825,80.227602,-74,69.7440033,,Stainless Steel Bus Shelter, Clean and Well Maintained,On the road edge / footpath edge – directly adjacent to traffic,0,1,0,,No,No,No,,1 - this is a standalone shelter ,Away from the bus stop – buses stop before or beyond the shelter/marked location,0,1,0,0,One Step Out (30 cm to 1 meter): Passengers have to step down onto the road surface first to board.,Footpath available to reach the bus stop from both directions Pedestrian crossing at/close to the bus stop to cross the road?,1,0,0,0,0,1,0,," Yes – fully accessible, no obstructions",No – area appears well-drained,"Somewhat safe – some concerns (e.g., poor visibility, isolated location)",Yes – adequate space for passengers,Yes – roof is intact and effective,Partial – some shade but insufficient,"Yes – lit by nearby street lights, shop fronts, or advertisement boards",Yes – clear sightline to see the approaching buses,"Yes - the seating is of the right height, width, and depth to sit comfortably while waiting for the bus",No – name is missing,No information displayed at all,Seating / bench Sufficient seating for the number of people typically waiting,1,1,0,0,0,0,0,0,"Mostly Residential - Housing, Apartments, etc",Yes – advertisements dominate; passenger information is secondary,Exposed wire and electrical components,,20260701_130106-13_4_21.jpg,https://kf.kobotoolbox.org/api/v2/assets/axZaE8YRFpZYaQWWvuZPyu/data/797965504/attachments/attPRJxraXAsvbG9zwiPacup/,20260701_130131-13_4_30.jpg,https://kf.kobotoolbox.org/api/v2/assets/axZaE8YRFpZYaQWWvuZPyu/data/797965504/attachments/attZrKqZkdxaX82WdU5TKWpH/,1782891272993574201951461622105-13_4_48.jpg,https://kf.kobotoolbox.org/api/v2/assets/axZaE8YRFpZYaQWWvuZPyu/data/797965504/attachments/attPSZdTzFRKzXabg3ftf6jQ/,,,797965504,fc93fc58-888f-4fe0-9267-828e8322c1c1,2026-07-01T13:04:52+05:30,,,submitted_via_web,vWYt35PLUqbkm8oQynok35,,uuid:fc93fc58-888f-4fe0-9267-828e8322c1c1,182,Chennai,Chennai,12.893825,80.227602,device_gps,OK
2026-07-01T13:04:52.576000+05:30,2026-07-01T13:11:52.243000+05:30,2026-07-01T13:09:00+05:30,Poniamman Kovil,12.885403 80.227173 -75.30000305175781 27.743999481201172,12.885403,80.227173,-75.30000305,27.74399948,,Stainless Steel Bus Shelter, Clean and Well Maintained,On the road edge / footpath edge – directly adjacent to traffic,0,1,0,,No,No,No,,1 - this is a standalone shelter ,Away from the bus stop – buses stop before or beyond the shelter/marked location,0,1,0,0,One Step Out (30 cm to 1 meter): Passengers have to step down onto the road surface first to board.,"Footpath available to reach the bus stop from both directions Footpath is walkable and free of encroachment like parking, vendors, utility boxes, garbage, etc",1,1,0,0,0,0,0,," Yes – fully accessible, no obstructions",No – area appears well-drained,"Somewhat safe – some concerns (e.g., poor visibility, isolated location)",Yes – adequate space for passengers,Yes – roof is intact and effective,Partial – some shade but insufficient,"Yes – lit by nearby street lights, shop fronts, or advertisement boards",Yes – clear sightline to see the approaching buses,"Yes - the seating is of the right height, width, and depth to sit comfortably while waiting for the bus",No – name is missing,No information displayed at all,Seating / bench Sufficient seating for the number of people typically waiting,1,1,0,0,0,0,0,0,"Mixed Use - A mix of commercial/residential/office, etc",Yes – advertisements dominate; passenger information is secondary,,,20260701_130913-13_11_38.jpg,https://kf.kobotoolbox.org/api/v2/assets/axZaE8YRFpZYaQWWvuZPyu/data/797971594/attachments/attTnzacNjcZUtMtwktF8E5x/,20260701_130901-13_11_46.jpg,https://kf.kobotoolbox.org/api/v2/assets/axZaE8YRFpZYaQWWvuZPyu/data/797971594/attachments/att8CwosABR8Xot4gsbgWzGc/,,,,,797971594,159c37ba-1b88-4f86-a3c2-44297363be53,2026-07-01T13:11:51+05:30,,,submitted_via_web,vWYt35PLUqbkm8oQynok35,,uuid:159c37ba-1b88-4f86-a3c2-44297363be53,183,Chennai,Chennai,12.885403,80.227173,device_gps,OK
2026-07-01T13:11:52.445000+05:30,2026-07-01T13:20:20.852000+05:30,2026-07-01T13:16:00+05:30,Kumaran nagar Semmencheri,12.877161 80.226983 -75.9000015258789 33.17100143432617,12.877161,80.226983,-75.90000153,33.17100143,,Stainless Steel Bus Shelter, Clean and Well Maintained,On the road edge / footpath edge – directly adjacent to traffic,0,1,0,,No,No,No,,1 - this is a standalone shelter ,Away from the bus stop – buses stop before or beyond the shelter/marked location Bus stop not clearly marked,0,1,1,0,"Way Out in the Road (More than 1 meter): The bus stops far from the footpath, blocking a lane of traffic, forcing people to walk across active traffic to board the bus",None of the above,0,0,0,0,0,0,1,,"Partially encroached – e.g., vendors, parked two-wheelers, auto-rickshaws, construction material",No – area appears well-drained,"Safe – well-lit, visible, and active surroundings", No – overcrowded or high number of people standing on the road,"Yes – but the roof is inadequate (too tall, too small, gaps, or partial coverage)",Partial – some shade but insufficient,"Yes – lit by nearby street lights, shop fronts, or advertisement boards",Yes – clear sightline to see the approaching buses,"Yes - the seating is of the right height, width, and depth to sit comfortably while waiting for the bus",No – name is missing,No information displayed at all,Seating / bench,1,0,0,0,0,0,0,0,"Mostly commercial - Retail shops. restaurants, cafes, markets, etc",Yes – advertisements dominate; passenger information is secondary,Buses stop in the middle of the road creating traffic,increase the width of the road to stop build up of traffic,20260701_131621-13_19_37.jpg,https://kf.kobotoolbox.org/api/v2/assets/axZaE8YRFpZYaQWWvuZPyu/data/797979700/attachments/attQyoZbdBTHCJrT9qCn3scA/,20260701_131554-13_19_50.jpg,https://kf.kobotoolbox.org/api/v2/assets/axZaE8YRFpZYaQWWvuZPyu/data/797979700/attachments/att5mJQK8MqTVKWHGocERPBH/,20260701_131607-13_19_56.jpg,https://kf.kobotoolbox.org/api/v2/assets/axZaE8YRFpZYaQWWvuZPyu/data/797979700/attachments/attWAjC77TRHSKzAQgz4wwY4/,,,797979700,90be0082-fd0c-4a68-9836-88ff5ee811e8,2026-07-01T13:20:21+05:30,,,submitted_via_web,vWYt35PLUqbkm8oQynok35,,uuid:90be0082-fd0c-4a68-9836-88ff5ee811e8,184,Chennai,Chennai,12.877161,80.226983,device_gps,OK
2026-07-01T13:20:21.170000+05:30,2026-07-01T13:26:33.036000+05:30,2026-07-01T13:24:00+05:30,Sathyabhama Semmencheri,12.871652 80.226868 -76.10000610351562 18.94700050354004,12.871652,80.226868,-76.1000061,18.9470005,,Stainless Steel Bus Shelter,Satisfactory – minor wear/dusty but usable,On the road edge / footpath edge – directly adjacent to traffic,0,1,0,,No,No,No,,1 - this is a standalone shelter ,Away from the bus stop – buses stop before or beyond the shelter/marked location,0,1,0,0,One Step Out (30 cm to 1 meter): Passengers have to step down onto the road surface first to board.,Footpath available to reach the bus stop from both directions,1,0,0,0,0,0,0,," Yes – fully accessible, no obstructions","Yes – signs of standing water, algae, or drainage issues visible","Somewhat safe – some concerns (e.g., poor visibility, isolated location)", No – overcrowded or high number of people standing on the road,"Yes – but the roof is inadequate (too tall, too small, gaps, or partial coverage)",Partial – some shade but insufficient,"Yes – lit by nearby street lights, shop fronts, or advertisement boards",Yes – clear sightline to see the approaching buses,"Yes - the seating is of the right height, width, and depth to sit comfortably while waiting for the bus",No – name is missing,No information displayed at all,Seating / bench,1,0,0,0,0,0,0,0,"Mixed Use - A mix of commercial/residential/office, etc",Yes – advertisements dominate; passenger information is secondary,,,20260701_132352-13_26_10.jpg,https://kf.kobotoolbox.org/api/v2/assets/axZaE8YRFpZYaQWWvuZPyu/data/797986102/attachments/attmqpHMhJbiFME2FiAHLExg/,20260701_132333-13_26_17.jpg,https://kf.kobotoolbox.org/api/v2/assets/axZaE8YRFpZYaQWWvuZPyu/data/797986102/attachments/att8aEsDyKCptTGjJLFif9sX/,20260701_132319-13_26_27.jpg,https://kf.kobotoolbox.org/api/v2/assets/axZaE8YRFpZYaQWWvuZPyu/data/797986102/attachments/attGXwj6iGcwVSZGhvwq4iU5/,,,797986102,01be323f-df1e-4e8f-95ec-eaa350074115,2026-07-01T13:26:37+05:30,,,submitted_via_web,vWYt35PLUqbkm8oQynok35,,uuid:01be323f-df1e-4e8f-95ec-eaa350074115,185,Chennai,Chennai,12.871652,80.226868,device_gps,OK
2026-07-01T13:26:33.189000+05:30,2026-07-01T13:35:38.348000+05:30,2026-07-01T13:31:00+05:30,Semmencheri Aazhamaram,12.859642 80.226582 -74.30000305175781 15.0600004196167,12.859642,80.226582,-74.30000305,15.06000042,,Stainless Steel Bus Shelter, Clean and Well Maintained,On the road edge / footpath edge – directly adjacent to traffic,0,1,0,,No,No,No,,1 - this is a standalone shelter ,Away from the bus stop – buses stop before or beyond the shelter/marked location,0,1,0,0,One Step Out (30 cm to 1 meter): Passengers have to step down onto the road surface first to board.,Footpath available to reach the bus stop from both directions,1,0,0,0,0,0,0,," Yes – fully accessible, no obstructions",No – area appears well-drained,"Unsafe – poorly lit, isolated, or has a history of feeling threatening",Yes – adequate space for passengers,No – The roof is too damaged or broken to provide shelter,Partial – some shade but insufficient,No – inadequate or no lighting at all,Yes – clear sightline to see the approaching buses,"Yes - the seating is of the right height, width, and depth to sit comfortably while waiting for the bus",No – name is missing,Yes – but information seems outdated or unreliable,Seating / bench Sufficient seating for the number of people typically waiting Digital information boards with real time arrival information and service alerts,1,1,0,0,0,0,1,0,"Mostly Residential - Housing, Apartments, etc",Yes – advertisements dominate; passenger information is secondary,Digital boards are under testing,,20260701_133054-13_35_8.jpg,https://kf.kobotoolbox.org/api/v2/assets/axZaE8YRFpZYaQWWvuZPyu/data/797996806/attachments/attvinuo4DtsYFCkEzTmTKBF/,20260701_133104-13_35_22.jpg,https://kf.kobotoolbox.org/api/v2/assets/axZaE8YRFpZYaQWWvuZPyu/data/797996806/attachments/attv3QimRMtSj6MmKTVpPUV7/,,,,,797996806,89a33935-938d-443e-b6f5-f32767ff8519,2026-07-01T13:35:39+05:30,,,submitted_via_web,vWYt35PLUqbkm8oQynok35,,uuid:89a33935-938d-443e-b6f5-f32767ff8519,186,Chennai,Chennai,12.859642,80.226582,device_gps,OK
2026-07-01T13:35:38.474000+05:30,2026-07-01T13:43:51.332000+05:30,2026-07-01T13:39:00+05:30,AGS navalur,12.850428 80.226684 -73 16,12.850428,80.226684,-73,16,,Other Metal Bus Shelter (Other than Stainless Steel),Unclean/Poorly Maintained,"Set back from the road – against a wall, compound, or building edge",1,0,0,,No,No,No,,1 - this is a standalone shelter ,Away from the bus stop – buses stop before or beyond the shelter/marked location Bus stop not clearly marked,0,1,1,0,"Way Out in the Road (More than 1 meter): The bus stops far from the footpath, blocking a lane of traffic, forcing people to walk across active traffic to board the bus",Pedestrian crossing at/close to the bus stop to cross the road?,0,0,0,0,0,1,0,,"Partially encroached – e.g., vendors, parked two-wheelers, auto-rickshaws, construction material",Unsure,"Safe – well-lit, visible, and active surroundings", No – overcrowded or high number of people standing on the road,Yes – roof is intact and effective,Yes – sufficient shade from the bus shelter,"Yes – lit by nearby street lights, shop fronts, or advertisement boards","No – sightline is blocked (by structure, advertisement boards, trees, or parked vehicles)","Yes - the seating is of the right height, width, and depth to sit comfortably while waiting for the bus",No – name is missing,No information displayed at all,Seating / bench,1,0,0,0,0,0,0,0,"Mostly commercial - Office buildings, malls, large stores, etc",Yes – advertisements dominate; passenger information is secondary,Encroachments such as light poles and caravan shops block the stop,,20260701_133849-13_43_26.jpg,https://kf.kobotoolbox.org/api/v2/assets/axZaE8YRFpZYaQWWvuZPyu/data/798006315/attachments/attkeVkgxeFbcqbn2Yz3WMP8/,20260701_133906-13_43_32.jpg,https://kf.kobotoolbox.org/api/v2/assets/axZaE8YRFpZYaQWWvuZPyu/data/798006315/attachments/att3bRmynVkPgR4sHgMLzRbs/,1782893617299364461121703772586-13_43_47.jpg,https://kf.kobotoolbox.org/api/v2/assets/axZaE8YRFpZYaQWWvuZPyu/data/798006315/attachments/attFiHfp4Z34mQUVAeix8kpL/,,,798006315,456444a6-7dc5-49c1-bcc2-b891322e4d7e,2026-07-01T13:43:51+05:30,,,submitted_via_web,vWYt35PLUqbkm8oQynok35,,uuid:456444a6-7dc5-49c1-bcc2-b891322e4d7e,187,Chennai,Chennai,12.850428,80.226684,device_gps,OK
2026-07-01T16:55:24.699000+05:30,2026-07-01T17:03:05.866000+05:30,2026-07-01T16:55:00+05:30,Church park convent,13.054633 80.255379 -67.10000610351562 19.63800048828125,13.054633,80.255379,-67.1000061,19.63800049,,Stainless Steel Bus Shelter, Clean and Well Maintained,"Set back from the road – against a wall, compound, or building edge",1,0,0,,Yes,Yes,Yes,Yes - It's free of obstructions and feels safe to use,2,At the bus stop – buses pull up to the shelter/marked stop,1,0,0,0,One Step Out (30 cm to 1 meter): Passengers have to step down onto the road surface first to board.,Footpath available to reach the bus stop from both directions,1,0,0,0,0,0,0,," Yes – fully accessible, no obstructions",No – area appears well-drained,"Safe – well-lit, visible, and active surroundings",Yes – adequate space for passengers,Yes – roof is intact and effective,Yes - sufficient shade from surrounding trees,Yes – the bus shelter itself has a working light,Yes – clear sightline to see the approaching buses,"Yes - the seating is of the right height, width, and depth to sit comfortably while waiting for the bus",No – name is missing,No information displayed at all,Seating / bench Sufficient seating for the number of people typically waiting Dustbin / waste bin,1,1,1,0,0,0,0,0,"Mostly Institutional - Schools, Hospitals, Govt. Offices, etc",Yes – advertisements dominate; passenger information is secondary,Shelter is comfortable only because of the tree nearby,Digital board displaying buses approching and a CCTV camera since it's a school zone,IMG20260701170149-17_2_48.jpg,https://kf.kobotoolbox.org/api/v2/assets/axZaE8YRFpZYaQWWvuZPyu/data/798312624/attachments/attbJW59PDxvJoaCqqTbTQTD/,IMG20260701170217-17_2_58.jpg,https://kf.kobotoolbox.org/api/v2/assets/axZaE8YRFpZYaQWWvuZPyu/data/798312624/attachments/attVdkBgxW4UDQRBFut6oVvU/,,,,,798312624,59af1eda-b618-4d7f-bffa-671f0f580fd5,2026-07-01T17:03:14+05:30,,,submitted_via_web,vWYt35PLUqbkm8oQynok35,,uuid:59af1eda-b618-4d7f-bffa-671f0f580fd5,188,Chennai,Chennai,13.054633,80.255379,device_gps,OK
2026-06-26T16:55:32.602000+05:30,2026-07-03T21:02:43.450000+05:30,2026-07-03T20:57:00+05:30,Srinivasa Theatre,,,,,,https://maps.app.goo.gl/8s24nCyxwD95Gj2s6?g_st=aw,Stainless Steel Bus Shelter, Clean and Well Maintained,"Set back from the road – against a wall, compound, or building edge",1,0,0,,Yes,No,No,Yes - It's free of obstructions and feels safe to use,1 - this is a standalone shelter ,At the bus stop – buses pull up to the shelter/marked stop,1,0,0,0,Perfect / Flush (Less than 30 cm): Passengers can step directly from the footpath onto the bus.,"Footpath available to reach the bus stop from both directions Footpath is walkable and free of encroachment like parking, vendors, utility boxes, garbage, etc",1,1,0,0,0,0,0,," Yes – fully accessible, no obstructions",No – area appears well-drained,"Safe – well-lit, visible, and active surroundings",Yes – adequate space for passengers,Yes – roof is intact and effective,Yes – sufficient shade from the bus shelter,Yes – the bus shelter itself has a working light,"No – sightline is blocked (by structure, advertisement boards, trees, or parked vehicles)","Yes - the seating is of the right height, width, and depth to sit comfortably while waiting for the bus",Yes – name is prominently visible and legible,Yes – route list is prominently displayed and appears current,Seating / bench Sufficient seating for the number of people typically waiting Dustbin / waste bin CCTV camera Digital information boards with real time arrival information and service alerts,1,1,1,0,0,1,1,0,"Mixed Use - A mix of commercial/residential/office, etc",Yes – advertisements present but passenger information is still clearly visible,,மாற்றுதிறனாளிகளுக்கு வசதி குறைபாடு,1001084376-21_2_35.jpg,https://kf.kobotoolbox.org/api/v2/assets/axZaE8YRFpZYaQWWvuZPyu/data/801351310/attachments/atthiyZ93xYhoCsEzpUNwjM4/,1001084377-21_2_40.jpg,https://kf.kobotoolbox.org/api/v2/assets/axZaE8YRFpZYaQWWvuZPyu/data/801351310/attachments/attFh4JC43s8MnMeWhALaRTr/,,,,,801351310,5ddb7037-d66e-4ac4-80d3-702048950518,2026-07-03T21:02:48+05:30,,,submitted_via_web,vWYt35PLUqbkm8oQynok35,,uuid:5ddb7037-d66e-4ac4-80d3-702048950518,189,Chennai,Chennai,,,,NO_LOCATION
2026-07-03T21:02:43.606000+05:30,2026-07-03T21:12:27.534000+05:30,2026-07-03T21:06:00+05:30,Aranganathan subway,,,,,,https://maps.app.goo.gl/G7jd6kD4QV9VyNRQA?g_st=aw,Stainless Steel Bus Shelter, Clean and Well Maintained,On the road edge / footpath edge – directly adjacent to traffic,0,1,0,,No,Yes,Yes,,1 - this is a standalone shelter ,At the bus stop – buses pull up to the shelter/marked stop,1,0,0,0,Perfect / Flush (Less than 30 cm): Passengers can step directly from the footpath onto the bus.,"Footpath available to reach the bus stop from both directions Ramp for wheelchair users to access the bus stop Ramp is in usable condition (not too steep, not broken, nor blocked)",1,0,1,1,0,0,0,,"Partially encroached – e.g., vendors, parked two-wheelers, auto-rickshaws, construction material",No – area appears well-drained,"Safe – well-lit, visible, and active surroundings",Yes – adequate space for passengers,Yes – roof is intact and effective,Yes – sufficient shade from the bus shelter,Yes – the bus shelter itself has a working light,"No – sightline is blocked (by structure, advertisement boards, trees, or parked vehicles)","Yes - the seating is of the right height, width, and depth to sit comfortably while waiting for the bus","Yes – but faded, small, or difficult to read",Yes – route list is prominently displayed and appears current,Seating / bench Sufficient seating for the number of people typically waiting Dustbin / waste bin Digital information boards with real time arrival information and service alerts,1,1,1,0,0,0,1,0,"Mixed Use - A mix of commercial/residential/office, etc",Yes – advertisements present but passenger information is still clearly visible,,Nearby occupied by roadside food shop,1001084394-21_12_17.jpg,https://kf.kobotoolbox.org/api/v2/assets/axZaE8YRFpZYaQWWvuZPyu/data/801366443/attachments/att6fZ36eGTiKQiijZwLUBDX/,1001084393-21_12_22.jpg,https://kf.kobotoolbox.org/api/v2/assets/axZaE8YRFpZYaQWWvuZPyu/data/801366443/attachments/att6CZtdxTuhWeH8PsVPXUe7/,,,,,801366443,7fb49f56-70cf-490c-a027-b5a8ed62a194,2026-07-03T21:12:32+05:30,,,submitted_via_web,vWYt35PLUqbkm8oQynok35,,uuid:7fb49f56-70cf-490c-a027-b5a8ed62a194,190,Chennai,Chennai,13.0290599,80.2243171,gmaps_link,OK
2026-07-03T21:12:27.682000+05:30,2026-07-03T21:22:35.324000+05:30,2026-07-03T21:17:00+05:30,T.N.H.B. flats,,,,,,https://maps.app.goo.gl/mqP3uhETP2Bi7fNHA?g_st=aw,Concrete/Masonry Bus Shelter, Clean and Well Maintained,"Set back from the road – against a wall, compound, or building edge On the road edge / footpath edge – directly adjacent to traffic",1,1,0,,No,No,No,,1 - this is a standalone shelter ,At the bus stop – buses pull up to the shelter/marked stop,1,0,0,0,Perfect / Flush (Less than 30 cm): Passengers can step directly from the footpath onto the bus.,"Footpath is walkable and free of encroachment like parking, vendors, utility boxes, garbage, etc Ramp for wheelchair users to access the bus stop Ramp is in usable condition (not too steep, not broken, nor blocked)",0,1,1,1,0,0,0,," Yes – fully accessible, no obstructions",No – area appears well-drained,"Safe – well-lit, visible, and active surroundings",Yes – adequate space for passengers,Yes – roof is intact and effective,Yes – sufficient shade from the bus shelter,Yes – the bus shelter itself has a working light,Yes – clear sightline to see the approaching buses,"Yes - the seating is of the right height, width, and depth to sit comfortably while waiting for the bus","Yes – but faded, small, or difficult to read",No information displayed at all,Seating / bench Sufficient seating for the number of people typically waiting,1,1,0,0,0,0,0,0,"Mostly Residential - Housing, Apartments, etc",No advertisements,,Dustbin,1001084412-21_22_28.jpg,https://kf.kobotoolbox.org/api/v2/assets/axZaE8YRFpZYaQWWvuZPyu/data/801382709/attachments/attCaszmGJqaHFUrydrwB98a/,1001084413-21_22_32.jpg,https://kf.kobotoolbox.org/api/v2/assets/axZaE8YRFpZYaQWWvuZPyu/data/801382709/attachments/attirTjYKbKdByay2AVczgQ2/,,,,,801382709,ac8b6197-0785-48a4-8d49-d4d043cb863f,2026-07-03T21:22:39+05:30,,,submitted_via_web,vWYt35PLUqbkm8oQynok35,,uuid:ac8b6197-0785-48a4-8d49-d4d043cb863f,191,Chennai,Chennai,13.0286578,80.2270915,gmaps_link,OK
2026-07-03T21:22:35.468000+05:30,2026-07-03T21:34:21.717000+05:30,2026-07-03T21:28:00+05:30,T.Nagar,,,,,,https://maps.app.goo.gl/sbTNzB2oHFzXKp5R8?g_st=aw,Stainless Steel Bus Shelter,Satisfactory – minor wear/dusty but usable,"Set back from the road – against a wall, compound, or building edge On the road edge / footpath edge – directly adjacent to traffic",1,1,0,,No,No,No,,1 - this is a standalone shelter ,At the bus stop – buses pull up to the shelter/marked stop Away from the bus stop – buses stop before or beyond the shelter/marked location,1,1,0,0,Perfect / Flush (Less than 30 cm): Passengers can step directly from the footpath onto the bus.,"Footpath available to reach the bus stop from both directions Footpath is walkable and free of encroachment like parking, vendors, utility boxes, garbage, etc",1,1,0,0,0,0,0,,"Partially encroached – e.g., vendors, parked two-wheelers, auto-rickshaws, construction material",No – area appears well-drained,"Safe – well-lit, visible, and active surroundings", No – overcrowded or high number of people standing on the road,Yes – roof is intact and effective,Yes – sufficient shade from the bus shelter,Yes – the bus shelter itself has a working light,Yes – clear sightline to see the approaching buses,No - the seating is too small to sit comfortably ,"Yes – but faded, small, or difficult to read","Yes – but information is unclear, faded, or partially missing",Seating / bench Dustbin / waste bin,1,0,1,0,0,0,0,0,"Mostly commercial - Retail shops. restaurants, cafes, markets, etc",Yes – advertisements present but passenger information is still clearly visible,,,1001084439-21_33_57.jpg,https://kf.kobotoolbox.org/api/v2/assets/axZaE8YRFpZYaQWWvuZPyu/data/801401420/attachments/attF9qPGXg3dzijyabN9Whc9/,1001084438-21_34_2.jpg,https://kf.kobotoolbox.org/api/v2/assets/axZaE8YRFpZYaQWWvuZPyu/data/801401420/attachments/attiB3mfcSWw99WvAzzRdjAF/,1001084437-21_34_6.jpg,https://kf.kobotoolbox.org/api/v2/assets/axZaE8YRFpZYaQWWvuZPyu/data/801401420/attachments/attPoBguusLCbEDRZWawsP2Z/,,,801401420,5f404a34-cf2a-4ef5-aa64-ede1a4ad88a1,2026-07-03T21:34:26+05:30,,,submitted_via_web,vWYt35PLUqbkm8oQynok35,,uuid:5f404a34-cf2a-4ef5-aa64-ede1a4ad88a1,192,Chennai,Chennai,13.0290576,80.2242373,gmaps_link,OK
2026-07-05T13:07:09.093000+05:30,2026-07-05T13:13:28.491000+05:30,2026-07-05T13:07:00+05:30,Todd hunder nagar (or) Veterinary hospital (towards Gundy),,,,,,https://maps.app.goo.gl/grjqQXFm7qRzQLhW7?g_st=aw,Stainless Steel Bus Shelter,Satisfactory – minor wear/dusty but usable,"Set back from the road – against a wall, compound, or building edge",1,0,0,,No,No,No,,1 - this is a standalone shelter ,Unsure / not observed,0,0,0,1,Unsure / not observed,None of the above,0,0,0,0,0,0,1,,"Partially encroached – e.g., vendors, parked two-wheelers, auto-rickshaws, construction material",No – area appears well-drained,"Somewhat safe – some concerns (e.g., poor visibility, isolated location)",Yes – adequate space for passengers,No – The roof is too damaged or broken to provide shelter,Partial – some shade but insufficient,Yes – the bus shelter itself has a working light,Yes – clear sightline to see the approaching buses,"Yes - the seating is of the right height, width, and depth to sit comfortably while waiting for the bus",No – name is missing,No information displayed at all,Seating / bench,1,0,0,0,0,0,0,0,"Mostly Institutional - Schools, Hospitals, Govt. Offices, etc",Yes – advertisements dominate; passenger information is secondary,Bus not stop in this bus stop,"Dustbin, Name board",1001086502-13_13_24.jpg,https://kf.kobotoolbox.org/api/v2/assets/axZaE8YRFpZYaQWWvuZPyu/data/802436451/attachments/attD3YHfHDZSdep25yEYEveX/,,,,,,,802436451,6ef6cfac-b8d7-4d6b-85cb-51ee381e6d8e,2026-07-05T13:13:32+05:30,,,submitted_via_web,vWYt35PLUqbkm8oQynok35,,uuid:6ef6cfac-b8d7-4d6b-85cb-51ee381e6d8e,193,Chennai,Chennai,13.0250915,80.2298129,gmaps_link,OK
2026-07-05T13:13:28.660000+05:30,2026-07-05T13:31:12.981000+05:30,2026-07-05T13:24:00+05:30,Saidapet (towards guindy),,,,,,https://maps.app.goo.gl/nKYEjABstK2ByDcdA?g_st=aw,Other Metal Bus Shelter (Other than Stainless Steel), Clean and Well Maintained,On the road edge / footpath edge – directly adjacent to traffic,0,1,0,,Yes,Yes,Yes,Yes - It's free of obstructions and feels safe to use,4+,At the bus stop – buses pull up to the shelter/marked stop,1,0,0,0,Perfect / Flush (Less than 30 cm): Passengers can step directly from the footpath onto the bus.,"Footpath available to reach the bus stop from both directions Footpath is walkable and free of encroachment like parking, vendors, utility boxes, garbage, etc Ramp for wheelchair users to access the bus stop Pedestrian crossing at/close to the bus stop to cross the road?",1,1,1,0,0,1,0,,"Partially encroached – e.g., vendors, parked two-wheelers, auto-rickshaws, construction material",No – area appears well-drained,"Safe – well-lit, visible, and active surroundings",Yes – adequate space for passengers,Yes – roof is intact and effective,Yes – sufficient shade from the bus shelter,Yes – the bus shelter itself has a working light,Yes – clear sightline to see the approaching buses,"Yes - the seating is of the right height, width, and depth to sit comfortably while waiting for the bus","Yes – but faded, small, or difficult to read",No information displayed at all,Seating / bench Sufficient seating for the number of people typically waiting,1,1,0,0,0,0,0,0,"Mostly commercial - Office buildings, malls, large stores, etc",Yes – advertisements dominate; passenger information is secondary,Now because of metro work it's not active,Water,1001086538-13_31_5.jpg,https://kf.kobotoolbox.org/api/v2/assets/axZaE8YRFpZYaQWWvuZPyu/data/802445087/attachments/attRpbyhLcQfTDDvYHHFhZXy/,1001086539-13_31_9.jpg,https://kf.kobotoolbox.org/api/v2/assets/axZaE8YRFpZYaQWWvuZPyu/data/802445087/attachments/attW8kUJQnNDWNovyjHWbnxx/,,,,,802445087,86ae7774-5506-4728-8b0b-11e75c08b3fb,2026-07-05T13:31:17+05:30,,,submitted_via_web,vWYt35PLUqbkm8oQynok35,,uuid:86ae7774-5506-4728-8b0b-11e75c08b3fb,194,Chennai,Chennai,13.0238855,80.2283474,gmaps_link,OK
2026-07-05T13:31:13.190000+05:30,2026-07-05T13:38:30.194000+05:30,2026-07-05T13:40:00+05:30,Panagal maligai ( towards Guindy),,,,,,https://maps.app.goo.gl/vPPHCbfsXW7fAWoE6?g_st=aw,Stainless Steel Bus Shelter,Unclean/Poorly Maintained,"Set back from the road – against a wall, compound, or building edge",1,0,0,,No,No,No,,2,Away from the bus stop – buses stop before or beyond the shelter/marked location,0,1,0,0,"Way Out in the Road (More than 1 meter): The bus stops far from the footpath, blocking a lane of traffic, forcing people to walk across active traffic to board the bus",None of the above,0,0,0,0,0,0,1,,"Partially encroached – e.g., vendors, parked two-wheelers, auto-rickshaws, construction material",No – area appears well-drained,"Somewhat safe – some concerns (e.g., poor visibility, isolated location)", No – overcrowded or high number of people standing on the road,"Yes – but the roof is inadequate (too tall, too small, gaps, or partial coverage)",Partial – some shade but insufficient,Yes – the bus shelter itself has a working light,"No – sightline is blocked (by structure, advertisement boards, trees, or parked vehicles)","Yes - the seating is of the right height, width, and depth to sit comfortably while waiting for the bus","Yes – but faded, small, or difficult to read","Yes – but information is unclear, faded, or partially missing",Seating / bench,1,0,0,0,0,0,0,0,"Mostly Institutional - Schools, Hospitals, Govt. Offices, etc",Yes – advertisements dominate; passenger information is secondary,,"Water, more sitting space",1001086548-13_38_27.jpg,https://kf.kobotoolbox.org/api/v2/assets/axZaE8YRFpZYaQWWvuZPyu/data/802449305/attachments/att5tNTYn7xaM8H2k6gyMgj8/,,,,,,,802449305,22cb3444-7aaf-41dd-a342-318d8e9a5ab3,2026-07-05T13:38:34+05:30,,,submitted_via_web,vWYt35PLUqbkm8oQynok35,,uuid:22cb3444-7aaf-41dd-a342-318d8e9a5ab3,195,Chennai,Chennai,13.0213422,80.2260645,gmaps_link,OK
2026-07-05T17:53:59.128000+05:30,2026-07-05T18:18:47.024000+05:30,2026-07-05T17:56:00+05:30,Vivekanandar House,13.048513 80.28039 -91.92457781637849 100,13.048513,80.28039,-91.92457782,100,,3D Printed Bus Shelter, Clean and Well Maintained,"Set back from the road – against a wall, compound, or building edge On the road edge / footpath edge – directly adjacent to traffic",1,1,0,,No,Yes,Yes,,3,Away from the bus stop – buses stop before or beyond the shelter/marked location,0,1,0,0,One Step Out (30 cm to 1 meter): Passengers have to step down onto the road surface first to board.,"Footpath available to reach the bus stop from both directions Footpath is walkable and free of encroachment like parking, vendors, utility boxes, garbage, etc Ramp for wheelchair users to access the bus stop Tactile paving for visually impaired users",1,1,1,0,1,0,0,," Yes – fully accessible, no obstructions",No – area appears well-drained,"Safe – well-lit, visible, and active surroundings",Yes – adequate space for passengers,Yes – roof is intact and effective,Yes – sufficient shade from the bus shelter,Yes – the bus shelter itself has a working light,Yes – clear sightline to see the approaching buses,"Yes - the seating is of the right height, width, and depth to sit comfortably while waiting for the bus",Yes – name is prominently visible and legible,"Yes – but information is unclear, faded, or partially missing",Seating / bench Dustbin / waste bin CCTV camera,1,0,1,0,0,1,0,0,Compound Wall / Dead Edge - No activity near the stop,Yes – advertisements present but passenger information is still clearly visible,,,PXL_20260705_121756347-18_18_31.jpg,https://kf.kobotoolbox.org/api/v2/assets/axZaE8YRFpZYaQWWvuZPyu/data/802612698/attachments/attQdnWk62WDr6wkT9hLHAKm/,PXL_20260705_121634623-18_18_40.jpg,https://kf.kobotoolbox.org/api/v2/assets/axZaE8YRFpZYaQWWvuZPyu/data/802612698/attachments/attFTrKK7CW5PWG4kvmWB4Fu/,,,,,802612698,6f3252ae-87c0-464e-9e9d-e0a621829791,2026-07-05T19:04:10+05:30,,,submitted_via_web,vWYt35PLUqbkm8oQynok35,,uuid:6f3252ae-87c0-464e-9e9d-e0a621829791,196,Chennai,Chennai,13.048513,80.28039,device_gps,OK
2026-07-05T13:38:30.303000+05:30,2026-07-05T20:59:21.776000+05:30,2026-07-05T13:51:00+05:30,Adyar (towards Besant nagar),,,,,,https://maps.app.goo.gl/kHpw6vYJTjzdyexL9?g_st=aw,Stainless Steel Bus Shelter,Satisfactory – minor wear/dusty but usable,"Set back from the road – against a wall, compound, or building edge",1,0,0,,No,Yes,No,,3,At the bus stop – buses pull up to the shelter/marked stop,1,0,0,0,One Step Out (30 cm to 1 meter): Passengers have to step down onto the road surface first to board.,"Ramp for wheelchair users to access the bus stop Ramp is in usable condition (not too steep, not broken, nor blocked)",0,0,1,1,0,0,0,," Yes – fully accessible, no obstructions",No – area appears well-drained,"Safe – well-lit, visible, and active surroundings", No – overcrowded or high number of people standing on the road,Yes – roof is intact and effective,Yes – sufficient shade from the bus shelter,Yes – the bus shelter itself has a working light,Yes – clear sightline to see the approaching buses,"Yes - the seating is of the right height, width, and depth to sit comfortably while waiting for the bus","Yes – but faded, small, or difficult to read",Yes – route list is prominently displayed and appears current,Seating / bench Dustbin / waste bin Digital information boards with real time arrival information and service alerts,1,0,1,0,0,0,1,0,"Mixed Use - A mix of commercial/residential/office, etc",Yes – advertisements dominate; passenger information is secondary,,Water,1001086571-20_57_35.jpg,https://kf.kobotoolbox.org/api/v2/assets/axZaE8YRFpZYaQWWvuZPyu/data/802669480/attachments/attpAEihQWzv4NWMupK66YSs/,,,1001086570-20_58_1.jpg,https://kf.kobotoolbox.org/api/v2/assets/axZaE8YRFpZYaQWWvuZPyu/data/802669480/attachments/attySXZRamRk5xSEXjSYqTit/,,,802669480,0e18dcc8-a210-4944-9bbd-bfa3e84b54a0,2026-07-05T20:59:26+05:30,,,submitted_via_web,vWYt35PLUqbkm8oQynok35,,uuid:0e18dcc8-a210-4944-9bbd-bfa3e84b54a0,197,Chennai,Chennai,13.0012994,80.2568861,gmaps_link,OK
2026-07-05T22:21:36.309000+05:30,2026-07-05T22:27:09.844000+05:30,2026-07-05T21:14:00+05:30,M.G.Road( towards guindy),,,,,,https://maps.app.goo.gl/HY57ZntsBMBgvCE86?g_st=aw,Stainless Steel Bus Shelter,Satisfactory – minor wear/dusty but usable,"Set back from the road – against a wall, compound, or building edge",1,0,0,,No,No,Yes,,2,Away from the bus stop – buses stop before or beyond the shelter/marked location,0,1,0,0,One Step Out (30 cm to 1 meter): Passengers have to step down onto the road surface first to board.,"Footpath available to reach the bus stop from both directions Footpath is walkable and free of encroachment like parking, vendors, utility boxes, garbage, etc",1,1,0,0,0,0,0,," Yes – fully accessible, no obstructions",No – area appears well-drained,"Somewhat safe – some concerns (e.g., poor visibility, isolated location)",Yes – adequate space for passengers,"Yes – but the roof is inadequate (too tall, too small, gaps, or partial coverage)",Yes - sufficient shade from surrounding trees,Partially – some light but insufficient,Yes – clear sightline to see the approaching buses,"Yes - the seating is of the right height, width, and depth to sit comfortably while waiting for the bus","Yes – but faded, small, or difficult to read",Yes – route list is prominently displayed and appears current,Seating / bench Digital information boards with real time arrival information and service alerts,1,0,0,0,0,0,1,0,"Mixed Use - A mix of commercial/residential/office, etc",Yes – advertisements dominate; passenger information is secondary,,Light,1001087052-22_27_3.jpg,https://kf.kobotoolbox.org/api/v2/assets/axZaE8YRFpZYaQWWvuZPyu/data/802708576/attachments/attdcukAfCMTgEyGib8J5YSH/,1001087053-22_27_7.jpg,https://kf.kobotoolbox.org/api/v2/assets/axZaE8YRFpZYaQWWvuZPyu/data/802708576/attachments/attdJ5VUWZKMBVBrJUCihvbN/,,,,,802708576,a5300b75-76ca-4c5b-949f-00b1d8d33cb3,2026-07-05T22:27:14+05:30,,,submitted_via_web,vWYt35PLUqbkm8oQynok35,,uuid:a5300b75-76ca-4c5b-949f-00b1d8d33cb3,198,Chennai,Chennai,12.9969124,80.2571966,gmaps_link,OK
2026-07-10T20:59:48.674000+05:30,2026-07-10T21:10:59.568000+05:30,2026-07-10T21:00:00+05:30,Seevaram,12.951157 80.241404 2.9612736797332815 21.016607427510056,12.951157,80.241404,2.96127368,21.01660743,,Stainless Steel Bus Shelter,Satisfactory – minor wear/dusty but usable,"Set back from the road – against a wall, compound, or building edge",1,0,0,,Yes,Yes,No,Yes - It's free of obstructions and feels safe to use,1 - this is a standalone shelter ,At the bus stop – buses pull up to the shelter/marked stop,1,0,0,0,Perfect / Flush (Less than 30 cm): Passengers can step directly from the footpath onto the bus.,None of the above,0,0,0,0,0,0,1,," Yes – fully accessible, no obstructions",No – area appears well-drained,"Unsafe – poorly lit, isolated, or has a history of feeling threatening", No – overcrowded or high number of people standing on the road,Yes – roof is intact and effective,Partial – some shade but insufficient,No – inadequate or no lighting at all,Yes – clear sightline to see the approaching buses,"Yes - the seating is of the right height, width, and depth to sit comfortably while waiting for the bus",No – name is missing,No information displayed at all,Seating / bench Digital information boards with real time arrival information and service alerts,1,0,0,0,0,0,1,0,"Mostly commercial - Office buildings, malls, large stores, etc",Yes – advertisements dominate; passenger information is secondary,Very dusty,"Maintenance, lightings",image-21_1_8.jpg,https://kf.kobotoolbox.org/api/v2/assets/axZaE8YRFpZYaQWWvuZPyu/data/807705528/attachments/attCeCQJ8h3qTDB8Srt5BHHH/,,,,,,,807705528,8de6b073-717f-4450-b242-b5ad3846b63e,2026-07-10T21:11:06+05:30,,,submitted_via_web,vWYt35PLUqbkm8oQynok35,,uuid:8de6b073-717f-4450-b242-b5ad3846b63e,199,Chennai,Chennai,12.951157,80.241404,device_gps,OK
2026-07-05T22:27:10.002000+05:30,2026-07-14T21:58:06.531000+05:30,2026-07-14T21:54:00+05:30,Srinivasa Theatre ( towards guindy),,,,,,https://maps.app.goo.gl/ki7QW4LhB5owYaCd9?g_st=aw,No Shelter and No Signboard,,The road/footpath is too narrow ,0,0,1,,No,No,No,,,Bus stop not clearly marked,0,0,1,0,No footpath available,None of the above,0,0,0,0,0,0,1,,"Partially encroached – e.g., vendors, parked two-wheelers, auto-rickshaws, construction material",No – area appears well-drained,"Somewhat safe – some concerns (e.g., poor visibility, isolated location)",,,No – exposed to full sun,"Yes – lit by nearby street lights, shop fronts, or advertisement boards",,,,,None of the Above,0,0,0,0,0,0,0,1,"Mostly Residential - Housing, Apartments, etc",,No proper bus stop,Bus stop,1001099145-21_57_59.jpg,https://kf.kobotoolbox.org/api/v2/assets/axZaE8YRFpZYaQWWvuZPyu/data/810981862/attachments/attExVgHgjgxekbXzqNx46fq/,,,,,,,810981862,304124cf-c4f3-4d0e-a7b8-74af28776179,2026-07-14T21:58:11+05:30,,,submitted_via_web,vWYt35PLUqbkm8oQynok35,,uuid:304124cf-c4f3-4d0e-a7b8-74af28776179,200,Chennai,Chennai,13.0311039,80.2235564,gmaps_link,OK
2026-07-14T21:58:06.679000+05:30,2026-07-14T22:03:21.037000+05:30,2026-07-14T22:00:00+05:30,Aranganadhar subway (towards ashoknagar),,,,,,https://maps.app.goo.gl/WHehrHZicnaLTdvR8?g_st=aw,No Shelter and No Signboard,,The road/footpath is too narrow ,0,0,1,,No,No,No,,,Bus stop not clearly marked,0,0,1,0,No footpath available,None of the above,0,0,0,0,0,0,1,,"Partially encroached – e.g., vendors, parked two-wheelers, auto-rickshaws, construction material",No – area appears well-drained,"Unsafe – poorly lit, isolated, or has a history of feeling threatening",,,Partial – some shade but insufficient,No – inadequate or no lighting at all,,,,,None of the Above,0,0,0,0,0,0,0,1,"Mostly Residential - Housing, Apartments, etc",,No bus stop,Bus stop,1001099157-22_3_13.jpg,https://kf.kobotoolbox.org/api/v2/assets/axZaE8YRFpZYaQWWvuZPyu/data/810987635/attachments/attoSXWePZc7FkQXATmkkU5h/,,,1001099158-22_3_17.jpg,https://kf.kobotoolbox.org/api/v2/assets/axZaE8YRFpZYaQWWvuZPyu/data/810987635/attachments/atts2funjg8DRoKkC2nQPGdo/,,,810987635,74152d01-bad0-4727-bc7e-77ac7ae55ef3,2026-07-14T22:03:25+05:30,,,submitted_via_web,vWYt35PLUqbkm8oQynok35,,uuid:74152d01-bad0-4727-bc7e-77ac7ae55ef3,201,Chennai,Chennai,13.0287741,80.2240583,gmaps_link,OK
2026-07-14T22:03:21.256000+05:30,2026-07-14T22:12:48.112000+05:30,2026-07-14T22:13:00+05:30,T.N.H.B Flats (towards ashok nager),,,,,,https://maps.app.goo.gl/4PPxADEnr5BfG44c7?g_st=aw,Stainless Steel Bus Shelter,Severely Damaged / Unusable,"Set back from the road – against a wall, compound, or building edge",1,0,0,,No,No,No,,1 - this is a standalone shelter ,Away from the bus stop – buses stop before or beyond the shelter/marked location,0,1,0,0,"Way Out in the Road (More than 1 meter): The bus stops far from the footpath, blocking a lane of traffic, forcing people to walk across active traffic to board the bus",Footpath available to reach the bus stop from both directions,1,0,0,0,0,0,0,,Heavily encroached – the stop is largely unusable because of obstructions,No – area appears well-drained,"Unsafe – poorly lit, isolated, or has a history of feeling threatening", No – overcrowded or high number of people standing on the road,Yes – roof is intact and effective,No – exposed to full sun,No – inadequate or no lighting at all,"No – sightline is blocked (by structure, advertisement boards, trees, or parked vehicles)",No - the seating is too small to sit comfortably ,"Yes – but faded, small, or difficult to read","Yes – but information is unclear, faded, or partially missing",Seating / bench,1,0,0,0,0,0,0,0,"Mostly Residential - Housing, Apartments, etc",No advertisements,The bus stop is not used. People stand nearby places only,Remove the occupied things.,1001099167-22_12_40.jpg,https://kf.kobotoolbox.org/api/v2/assets/axZaE8YRFpZYaQWWvuZPyu/data/810998361/attachments/atttqNvPAm7LY5w86ooqBdtZ/,1001099168-22_12_45.jpg,https://kf.kobotoolbox.org/api/v2/assets/axZaE8YRFpZYaQWWvuZPyu/data/810998361/attachments/atto9KniCBcaz5wzuJVNGxHG/,,,,,810998361,593d93e0-3aad-4d43-a0f9-10ee546911ed,2026-07-14T22:12:52+05:30,,,submitted_via_web,vWYt35PLUqbkm8oQynok35,,uuid:593d93e0-3aad-4d43-a0f9-10ee546911ed,202,Chennai,Chennai,13.0288933,80.2272199,gmaps_link,OK
2026-07-14T22:12:48.320000+05:30,2026-07-14T22:19:54.837000+05:30,2026-07-14T22:22:00+05:30,New Boag road bus stop ( towards T.nagar),,,,,,https://maps.app.goo.gl/RBYFBX3BrV6CHhpKA?g_st=aw,Stainless Steel Bus Shelter,Severely Damaged / Unusable,"Set back from the road – against a wall, compound, or building edge",1,0,0,,No,No,No,,1 - this is a standalone shelter ,Away from the bus stop – buses stop before or beyond the shelter/marked location Bus stop not clearly marked,0,1,1,0,No footpath available,None of the above,0,0,0,0,0,0,1,,Heavily encroached – the stop is largely unusable because of obstructions,No – area appears well-drained,"Somewhat safe – some concerns (e.g., poor visibility, isolated location)",Yes – adequate space for passengers,Yes – roof is intact and effective,Yes - sufficient shade from surrounding trees,Yes – the bus shelter itself has a working light,"No – sightline is blocked (by structure, advertisement boards, trees, or parked vehicles)","Yes - the seating is of the right height, width, and depth to sit comfortably while waiting for the bus",Yes – name is prominently visible and legible,"Yes – but information is unclear, faded, or partially missing",Seating / bench Dustbin / waste bin,1,0,1,0,0,0,0,0,"Mostly Residential - Housing, Apartments, etc",No advertisements,Bus stop is not used by people. People stand nearby places only,Remove the occupied things,1001099177-22_19_38.jpg,https://kf.kobotoolbox.org/api/v2/assets/axZaE8YRFpZYaQWWvuZPyu/data/811005773/attachments/attrMwMPYjQQ34vSK5SfusAE/,1001099178-22_19_52.jpg,https://kf.kobotoolbox.org/api/v2/assets/axZaE8YRFpZYaQWWvuZPyu/data/811005773/attachments/attatKVSCuui3mG7wyuSvenz/,,,,,811005773,3fc8f9f4-788d-4c36-af75-676261436f5d,2026-07-14T22:19:59+05:30,,,submitted_via_web,vWYt35PLUqbkm8oQynok35,,uuid:3fc8f9f4-788d-4c36-af75-676261436f5d,203,Chennai,Chennai,13.0303662,80.2287444,gmaps_link,OK
2026-07-14T22:19:54.959000+05:30,2026-07-15T21:53:37.951000+05:30,2026-07-15T21:48:00+05:30,Nadasan park,,,,,,https://maps.app.goo.gl/B5Ev4cHjAd1kXwWS7?g_st=aw,Stainless Steel Bus Shelter,Satisfactory – minor wear/dusty but usable,"Set back from the road – against a wall, compound, or building edge",1,0,0,,No,No,Yes,,1 - this is a standalone shelter ,At the bus stop – buses pull up to the shelter/marked stop,1,0,0,0,Perfect / Flush (Less than 30 cm): Passengers can step directly from the footpath onto the bus.,Footpath available to reach the bus stop from both directions,1,0,0,0,0,0,0,,"Partially encroached – e.g., vendors, parked two-wheelers, auto-rickshaws, construction material",No – area appears well-drained,"Safe – well-lit, visible, and active surroundings",Yes – adequate space for passengers,Yes – roof is intact and effective,Yes – sufficient shade from the bus shelter,Yes – the bus shelter itself has a working light,"No – sightline is blocked (by structure, advertisement boards, trees, or parked vehicles)","Yes - the seating is of the right height, width, and depth to sit comfortably while waiting for the bus",No – name is missing,No information displayed at all,Seating / bench Sufficient seating for the number of people typically waiting,1,1,0,0,0,0,0,0,"Mixed Use - A mix of commercial/residential/office, etc",No advertisements,,"Dustpin,",1001100482-21_53_10.jpg,https://kf.kobotoolbox.org/api/v2/assets/axZaE8YRFpZYaQWWvuZPyu/data/812021338/attachments/attdkkP6rWeZtsr7sz3wd7Cz/,1001100561-21_53_35.jpg,https://kf.kobotoolbox.org/api/v2/assets/axZaE8YRFpZYaQWWvuZPyu/data/812021338/attachments/attUxdAsMyvCKta66MxvMFNg/,,,,,812021338,258d2a08-eaa1-42c6-879b-3677f61abf97,2026-07-15T21:53:44+05:30,,,submitted_via_web,vWYt35PLUqbkm8oQynok35,,uuid:258d2a08-eaa1-42c6-879b-3677f61abf97,204,Chennai,Chennai,13.0372984,80.2357198,gmaps_link,OK
2026-07-15T21:53:38.132000+05:30,2026-07-15T22:47:21.072000+05:30,2026-07-15T22:00:00+05:30,Venkat Narayana Road,,,,,,https://maps.app.goo.gl/zQfdztGSdfx56TrV6?g_st=aw,Stainless Steel Bus Shelter, Clean and Well Maintained,"Set back from the road – against a wall, compound, or building edge",1,0,0,,Yes,Yes,Yes,Yes - It's free of obstructions and feels safe to use,2,Unsure / not observed,0,0,0,1,Unsure / not observed,"Footpath available to reach the bus stop from both directions Footpath is walkable and free of encroachment like parking, vendors, utility boxes, garbage, etc",1,1,0,0,0,0,0,," Yes – fully accessible, no obstructions",No – area appears well-drained,"Somewhat safe – some concerns (e.g., poor visibility, isolated location)",Yes – adequate space for passengers,Yes – roof is intact and effective,Yes - sufficient shade from surrounding trees,Partially – some light but insufficient,Yes – clear sightline to see the approaching buses,"Yes - the seating is of the right height, width, and depth to sit comfortably while waiting for the bus","Yes – but faded, small, or difficult to read",No information displayed at all,Seating / bench Dustbin / waste bin,1,0,1,0,0,0,0,0,"Mostly Institutional - Schools, Hospitals, Govt. Offices, etc",Yes – advertisements dominate; passenger information is secondary,,,1001100593-22_47_6.jpg,https://kf.kobotoolbox.org/api/v2/assets/axZaE8YRFpZYaQWWvuZPyu/data/812074223/attachments/attWeJFpmg2PhZeALDmMWkBo/,,,1001100594-22_47_19.jpg,https://kf.kobotoolbox.org/api/v2/assets/axZaE8YRFpZYaQWWvuZPyu/data/812074223/attachments/att3p7s4frDPmjQLCCfRtc9s/,,,812074223,059eb768-e5c5-4e9d-9501-884ded0561ee,2026-07-15T22:47:25+05:30,,,submitted_via_web,vWYt35PLUqbkm8oQynok35,,uuid:059eb768-e5c5-4e9d-9501-884ded0561ee,205,Chennai,Chennai,13.0350884,80.237252,gmaps_link,OK
2026-07-17T20:15:30.108000+05:30,2026-07-17T20:21:36.875000+05:30,2026-07-17T20:15:00+05:30,Saidapet court,,,,,,https://maps.app.goo.gl/gzwc9AgCgZUsDPDY6?g_st=aw,Stainless Steel Bus Shelter,Satisfactory – minor wear/dusty but usable,"Set back from the road – against a wall, compound, or building edge",1,0,0,,No,Yes,No,,4+,Away from the bus stop – buses stop before or beyond the shelter/marked location,0,1,0,0,"Way Out in the Road (More than 1 meter): The bus stops far from the footpath, blocking a lane of traffic, forcing people to walk across active traffic to board the bus","Footpath available to reach the bus stop from both directions Footpath is walkable and free of encroachment like parking, vendors, utility boxes, garbage, etc Pedestrian crossing at/close to the bus stop to cross the road?",1,1,0,0,0,1,0,," Yes – fully accessible, no obstructions",No – area appears well-drained,"Safe – well-lit, visible, and active surroundings",Yes – adequate space for passengers,"Yes – but the roof is inadequate (too tall, too small, gaps, or partial coverage)",Partial – some shade but insufficient,Yes – the bus shelter itself has a working light,Yes – clear sightline to see the approaching buses,"Yes - the seating is of the right height, width, and depth to sit comfortably while waiting for the bus","Yes – but faded, small, or difficult to read","Yes – but information is unclear, faded, or partially missing",Seating / bench Sufficient seating for the number of people typically waiting Dustbin / waste bin Digital information boards with real time arrival information and service alerts,1,1,1,0,0,0,1,0,"Mostly Institutional - Schools, Hospitals, Govt. Offices, etc",Yes – advertisements dominate; passenger information is secondary,The busua stop very forward from the bus stop. I attach it in 3rd photo,Busus want to stop in proper bus stop,1001103298-20_21_18.jpg,https://kf.kobotoolbox.org/api/v2/assets/axZaE8YRFpZYaQWWvuZPyu/data/814059629/attachments/attjkznAfDLjNGjyA86gR8Mb/,1001103299-20_21_24.jpg,https://kf.kobotoolbox.org/api/v2/assets/axZaE8YRFpZYaQWWvuZPyu/data/814059629/attachments/attTfp5jBQPhji9xY97UtK5n/,1001103295-20_21_32.jpg,https://kf.kobotoolbox.org/api/v2/assets/axZaE8YRFpZYaQWWvuZPyu/data/814059629/attachments/attaHB4C3pUbBmoNWstiBRGn/,,,814059629,8eb204de-77a8-4d90-ade9-04898222a513,2026-07-17T20:21:43+05:30,,,submitted_via_web,vWYt35PLUqbkm8oQynok35,,uuid:8eb204de-77a8-4d90-ade9-04898222a513,206,Chennai,Chennai,13.0137068,80.2265936,gmaps_link,OK
2026-07-17T20:21:37.116000+05:30,2026-07-17T21:10:22.423000+05:30,2026-07-17T19:50:00+05:30,Thiruvanmiyur ( towards Guindy),,,,,,https://maps.app.goo.gl/fQmRQSX3CqwtuKg19?g_st=aw,No Shelter and No Signboard,,The road/footpath is too narrow ,0,0,1,,No,No,No,,,Bus stop not clearly marked,0,0,1,0,No footpath available,Footpath available to reach the bus stop from both directions,1,0,0,0,0,0,0,," Yes – fully accessible, no obstructions","Yes – signs of standing water, algae, or drainage issues visible","Somewhat safe – some concerns (e.g., poor visibility, isolated location)",,,No – exposed to full sun,Partially – some light but insufficient,,,,,None of the Above,0,0,0,0,0,0,0,1,"Mostly commercial - Office buildings, malls, large stores, etc",,No bus stop,Proper bus stop,1001103323-21_9_20.jpg,https://kf.kobotoolbox.org/api/v2/assets/axZaE8YRFpZYaQWWvuZPyu/data/814124653/attachments/attsmnpWBgawUZPt3jaggK9G/,,,,,,,814124653,19cee16a-d0a9-4200-9e06-ef787018bed3,2026-07-17T21:10:27+05:30,,,submitted_via_web,vWYt35PLUqbkm8oQynok35,,uuid:19cee16a-d0a9-4200-9e06-ef787018bed3,207,Chennai,Chennai,12.9886379,80.2558076,gmaps_link,OK
2026-07-17T21:29:41.426000+05:30,2026-07-17T21:35:32.148000+05:30,2026-07-17T21:29:00+05:30,Thirivanmiyur depot ( towards Gandhi nagar),,,,,,https://maps.app.goo.gl/MGjmhecK3bVopemd9?g_st=aw,Stainless Steel Bus Shelter,Satisfactory – minor wear/dusty but usable,"Set back from the road – against a wall, compound, or building edge",1,0,0,,Yes,Yes,No,No - It's very unhygienic or feels unsafe to use,3,At the bus stop – buses pull up to the shelter/marked stop,1,0,0,0,Perfect / Flush (Less than 30 cm): Passengers can step directly from the footpath onto the bus.,Footpath available to reach the bus stop from both directions,1,0,0,0,0,0,0,,"Partially encroached – e.g., vendors, parked two-wheelers, auto-rickshaws, construction material",No – area appears well-drained,"Safe – well-lit, visible, and active surroundings", No – overcrowded or high number of people standing on the road,Yes – roof is intact and effective,Yes – sufficient shade from the bus shelter,Yes – the bus shelter itself has a working light,Yes – clear sightline to see the approaching buses,"Yes - the seating is of the right height, width, and depth to sit comfortably while waiting for the bus","Yes – but faded, small, or difficult to read",No information displayed at all,Seating / bench Dustbin / waste bin Public toilet nearby (within eyesight),1,0,1,0,1,0,0,0,"Mostly Residential - Housing, Apartments, etc",Yes – advertisements dominate; passenger information is secondary,,,1001103361-21_35_22.jpg,https://kf.kobotoolbox.org/api/v2/assets/axZaE8YRFpZYaQWWvuZPyu/data/814152488/attachments/attZ4C5Wx59wqmK77pqCeBri/,1001103363-21_35_26.jpg,https://kf.kobotoolbox.org/api/v2/assets/axZaE8YRFpZYaQWWvuZPyu/data/814152488/attachments/att9xy3NTyphgxekkCK7d7Ry/,1001103362-21_35_30.jpg,https://kf.kobotoolbox.org/api/v2/assets/axZaE8YRFpZYaQWWvuZPyu/data/814152488/attachments/attDzQBwQ96entaDkqQVpz4a/,,,814152488,0b01fec6-62b7-4121-bb5b-70d90e3458c4,2026-07-17T21:35:37+05:30,,,submitted_via_web,vWYt35PLUqbkm8oQynok35,,uuid:0b01fec6-62b7-4121-bb5b-70d90e3458c4,208,Chennai,Chennai,12.9870868,80.2580827,gmaps_link,OK
2026-07-17T21:35:32.274000+05:30,2026-07-19T10:49:05.180000+05:30,2026-07-19T10:45:00+05:30,Pandi pazzar,,,,,,https://maps.app.goo.gl/yQs9p9PpcxBQnBmd9?g_st=aw,Stainless Steel Bus Shelter, Clean and Well Maintained,On the road edge / footpath edge – directly adjacent to traffic,0,1,0,,Yes,Yes,Yes,Yes - It's free of obstructions and feels safe to use,1 - this is a standalone shelter ,Away from the bus stop – buses stop before or beyond the shelter/marked location,0,1,0,0,"Way Out in the Road (More than 1 meter): The bus stops far from the footpath, blocking a lane of traffic, forcing people to walk across active traffic to board the bus",Footpath available to reach the bus stop from both directions,1,0,0,0,0,0,0,,Heavily encroached – the stop is largely unusable because of obstructions,No – area appears well-drained,Unable to assess (audit done only in daytime),Yes – adequate space for passengers,Yes – roof is intact and effective,Yes – sufficient shade from the bus shelter,Unsure / Not observed,Yes – clear sightline to see the approaching buses,"Yes - the seating is of the right height, width, and depth to sit comfortably while waiting for the bus","Yes – but faded, small, or difficult to read","Yes – but information is unclear, faded, or partially missing",Seating / bench Sufficient seating for the number of people typically waiting Dustbin / waste bin,1,1,1,0,0,0,0,0,"Mostly commercial - Retail shops. restaurants, cafes, markets, etc",Yes – advertisements dominate; passenger information is secondary,,,1001105401-10_48_56.jpg,https://kf.kobotoolbox.org/api/v2/assets/axZaE8YRFpZYaQWWvuZPyu/data/815137668/attachments/att49c5HsVTnGtCkPcyFpkc4/,1001105403-10_49_0.jpg,https://kf.kobotoolbox.org/api/v2/assets/axZaE8YRFpZYaQWWvuZPyu/data/815137668/attachments/attA98WgTBLwyPvqG4GhPsmi/,1001105402-10_49_3.jpg,https://kf.kobotoolbox.org/api/v2/assets/axZaE8YRFpZYaQWWvuZPyu/data/815137668/attachments/attVaQyfCPoZExn8TZQsH9rC/,,,815137668,2f695cd0-dfbe-439f-bf2a-f5efc3fd758f,2026-07-19T10:49:12+05:30,,,submitted_via_web,vWYt35PLUqbkm8oQynok35,,uuid:2f695cd0-dfbe-439f-bf2a-f5efc3fd758f,209,Chennai,Chennai,13.0407503,80.2376587,gmaps_link,OK
